[debug] [2026-08-27T16:54:33.529Z] ----------------------------------------------------------------------
[debug] [2026-08-27T16:54:33.531Z] Command:       /usr/local/bin/firebase /home/drseuss/.cache/firebase/tools/lib/node_modules/firebase-tools/lib/bin/firebase projects:list
[debug] [2026-08-27T16:54:33.532Z] CLI Version:   15.26.0
[debug] [2026-08-27T16:54:33.532Z] Platform:      linux
[debug] [2026-08-27T16:54:33.532Z] Node Version:  v20.18.2
[debug] [2026-08-27T16:54:33.532Z] Detected Agent: open_code
[debug] [2026-08-27T16:54:33.532Z] Time:          Thu Aug 27 2026 18:54:33 GMT+0200 (Central European Summer Time)
[debug] [2026-08-27T16:54:33.532Z] ----------------------------------------------------------------------
[debug] 
[debug] [2026-08-27T16:54:33.538Z] > command requires scopes: ["email","openid","https://www.googleapis.com/auth/cloudplatformprojects.readonly","https://www.googleapis.com/auth/firebase","https://www.googleapis.com/auth/cloud-platform"]
[debug] [2026-08-27T16:54:33.538Z] > authorizing via signed-in user (peparhugo@gmail.com)
[debug] [2026-08-27T16:54:33.552Z] Checked if tokens are valid: false, expires at: 1787848576616
[debug] [2026-08-27T16:54:33.552Z] Checked if tokens are valid: false, expires at: 1787848576616
[debug] [2026-08-27T16:54:33.552Z] > refreshing access token with scopes: []
[debug] [2026-08-27T16:54:33.555Z] >>> [apiv2][query] POST https://www.googleapis.com/oauth2/v3/token [none]
[debug] [2026-08-27T16:54:33.555Z] >>> [apiv2][body] POST https://www.googleapis.com/oauth2/v3/token [omitted]
[debug] [2026-08-27T16:54:33.668Z] <<< [apiv2][status] POST https://www.googleapis.com/oauth2/v3/token 200
[debug] [2026-08-27T16:54:33.668Z] <<< [apiv2][body] POST https://www.googleapis.com/oauth2/v3/token [omitted]
[debug] [2026-08-27T16:54:33.673Z] >>> [apiv2][query] GET https://firebase.googleapis.com/v1beta1/projects pageSize=1000
[debug] [2026-08-27T16:54:34.234Z] <<< [apiv2][status] GET https://firebase.googleapis.com/v1beta1/projects 200
[debug] [2026-08-27T16:54:34.234Z] <<< [apiv2][body] GET https://firebase.googleapis.com/v1beta1/projects [omitted]
[info] ┌───────────────────────────────┬─────────────────────────┬────────────────┬──────────────────────┐
│ Project Display Name          │ Project ID              │ Project Number │ Resource Location ID │
├───────────────────────────────┼─────────────────────────┼────────────────┼──────────────────────┤
│ adualt-integrations-dev       │ adualt-integrations-dev │ 631253037487   │ [Not specified]      │
├───────────────────────────────┼─────────────────────────┼────────────────┼──────────────────────┤
│ adult-integrations-dev        │ adult-integrations-dev  │ 708980240722   │ [Not specified]      │
├───────────────────────────────┼─────────────────────────┼────────────────┼──────────────────────┤
│ agentic-dynamics              │ agentic-dynamics        │ 1049988750849  │ [Not specified]      │
├───────────────────────────────┼─────────────────────────┼────────────────┼──────────────────────┤
│ AI Data Eng Portfolio         │ ai-data-portfolio-30589 │ 101216160689   │ [Not specified]      │
├───────────────────────────────┼─────────────────────────┼────────────────┼──────────────────────┤
│ AI FinOps Rulebook            │ ai-finops-rulebook      │ 390689714911   │ [Not specified]      │
├───────────────────────────────┼─────────────────────────┼────────────────┼──────────────────────┤
│ Fire Horse Labs Funnel OS Dev │ fh-funnel-os-dev        │ 300945659729   │ [Not specified]      │
├───────────────────────────────┼─────────────────────────┼────────────────┼──────────────────────┤
│ Fire Horse Labs MVP002 Dev    │ fh-mvp002-dev           │ 475023752706   │ [Not specified]      │
├───────────────────────────────┼─────────────────────────┼────────────────┼──────────────────────┤
│ Reasoning Topology Instrument │ reasoning-instrument    │ 488049823689   │ [Not specified]      │
├───────────────────────────────┼─────────────────────────┼────────────────┼──────────────────────┤
│ scheduling-app                │ scheduling-app-59c70    │ 904851323550   │ [Not specified]      │
└───────────────────────────────┴─────────────────────────┴────────────────┴──────────────────────┘
[info] 
[info] 9 project(s) total.
[debug] [2026-08-27T16:54:34.255Z] Error: write EPIPE
    at afterWriteDispatched (node:internal/stream_base_commons:161:15)
    at writeGeneric (node:internal/stream_base_commons:152:3)
    at Socket._writeGeneric (node:net:958:11)
    at Socket._write (node:net:970:8)
    at writeOrBuffer (node:internal/streams/writable:572:12)
    at _write (node:internal/streams/writable:501:10)
    at Writable.write (node:internal/streams/writable:510:10)
    at Console.log (/home/drseuss/.cache/firebase/tools/lib/node_modules/winston/lib/winston/transports/console.js:87:23)
    at Console._write (/home/drseuss/.cache/firebase/tools/lib/node_modules/winston-transport/modern.js:103:17)
    at doWrite (/home/drseuss/.cache/firebase/tools/lib/node_modules/winston-transport/node_modules/readable-stream/lib/_stream_writable.js:390:139)
[error] 
[error] Error: An unexpected error has occurred.
[debug] [2026-08-27T16:54:34.255Z] Error: write EPIPE
    at afterWriteDispatched (node:internal/stream_base_commons:161:15)
    at writeGeneric (node:internal/stream_base_commons:152:3)
    at Socket._writeGeneric (node:net:958:11)
    at Socket._write (node:net:970:8)
    at writeOrBuffer (node:internal/streams/writable:572:12)
    at _write (node:internal/streams/writable:501:10)
    at Writable.write (node:internal/streams/writable:510:10)
    at Console.log (/home/drseuss/.cache/firebase/tools/lib/node_modules/winston/lib/winston/transports/console.js:87:23)
    at Console._write (/home/drseuss/.cache/firebase/tools/lib/node_modules/winston-transport/modern.js:103:17)
    at doWrite (/home/drseuss/.cache/firebase/tools/lib/node_modules/winston-transport/node_modules/readable-stream/lib/_stream_writable.js:390:139)
[error] 
[error] Error: An unexpected error has occurred.
[debug] [2026-08-27T16:54:34.256Z] Error: write EPIPE
    at afterWriteDispatched (node:internal/stream_base_commons:161:15)
    at writeGeneric (node:internal/stream_base_commons:152:3)
    at Socket._writeGeneric (node:net:958:11)
    at Socket._write (node:net:970:8)
    at writeOrBuffer (node:internal/streams/writable:572:12)
    at _write (node:internal/streams/writable:501:10)
    at Writable.write (node:internal/streams/writable:510:10)
    at Console.log (/home/drseuss/.cache/firebase/tools/lib/node_modules/winston/lib/winston/transports/console.js:87:23)
    at Console._write (/home/drseuss/.cache/firebase/tools/lib/node_modules/winston-transport/modern.js:103:17)
    at doWrite (/home/drseuss/.cache/firebase/tools/lib/node_modules/winston-transport/node_modules/readable-stream/lib/_stream_writable.js:390:139)
[error] 
[error] Error: An unexpected error has occurred.
[debug] [2026-08-27T16:54:34.256Z] Error: write EPIPE
    at afterWriteDispatched (node:internal/stream_base_commons:161:15)
    at writeGeneric (node:internal/stream_base_commons:152:3)
    at Socket._writeGeneric (node:net:958:11)
    at Socket._write (node:net:970:8)
    at writeOrBuffer (node:internal/streams/writable:572:12)
    at _write (node:internal/streams/writable:501:10)
    at Writable.write (node:internal/streams/writable:510:10)
    at Console.log (/home/drseuss/.cache/firebase/tools/lib/node_modules/winston/lib/winston/transports/console.js:87:23)
    at Console._write (/home/drseuss/.cache/firebase/tools/lib/node_modules/winston-transport/modern.js:103:17)
    at doWrite (/home/drseuss/.cache/firebase/tools/lib/node_modules/winston-transport/node_modules/readable-stream/lib/_stream_writable.js:390:139)
[error] 
[error] Error: An unexpected error has occurred.
[debug] [2026-08-27T16:54:34.256Z] Error: write EPIPE
    at afterWriteDispatched (node:internal/stream_base_commons:161:15)
    at writeGeneric (node:internal/stream_base_commons:152:3)
    at Socket._writeGeneric (node:net:958:11)
    at Socket._write (node:net:970:8)
    at writeOrBuffer (node:internal/streams/writable:572:12)
    at _write (node:internal/streams/writable:501:10)
    at Writable.write (node:internal/streams/writable:510:10)
    at Console.log (/home/drseuss/.cache/firebase/tools/lib/node_modules/winston/lib/winston/transports/console.js:87:23)
    at Console._write (/home/drseuss/.cache/firebase/tools/lib/node_modules/winston-transport/modern.js:103:17)
    at doWrite (/home/drseuss/.cache/firebase/tools/lib/node_modules/winston-transport/node_modules/readable-stream/lib/_stream_writable.js:390:139)
[error] 
[error] Error: An unexpected error has occurred.
[debug] [2026-08-27T16:54:34.257Z] Error: write EPIPE
    at afterWriteDispatched (node:internal/stream_base_commons:161:15)
    at writeGeneric (node:internal/stream_base_commons:152:3)
    at Socket._writeGeneric (node:net:958:11)
    at Socket._write (node:net:970:8)
    at writeOrBuffer (node:internal/streams/writable:572:12)
    at _write (node:internal/streams/writable:501:10)
    at Writable.write (node:internal/streams/writable:510:10)
    at Console.log (/home/drseuss/.cache/firebase/tools/lib/node_modules/winston/lib/winston/transports/console.js:87:23)
    at Console._write (/home/drseuss/.cache/firebase/tools/lib/node_modules/winston-transport/modern.js:103:17)
    at doWrite (/home/drseuss/.cache/firebase/tools/lib/node_modules/winston-transport/node_modules/readable-stream/lib/_stream_writable.js:390:139)
[error] 
[error] Error: An unexpected error has occurred.
[debug] [2026-08-27T16:54:34.257Z] Error: write EPIPE
    at afterWriteDispatched (node:internal/stream_base_commons:161:15)
    at writeGeneric (node:internal/stream_base_commons:152:3)
    at Socket._writeGeneric (node:net:958:11)
    at Socket._write (node:net:970:8)
    at writeOrBuffer (node:internal/streams/writable:572:12)
    at _write (node:internal/streams/writable:501:10)
    at Writable.write (node:internal/streams/writable:510:10)
    at Console.log (/home/drseuss/.cache/firebase/tools/lib/node_modules/winston/lib/winston/transports/console.js:87:23)
    at Console._write (/home/drseuss/.cache/firebase/tools/lib/node_modules/winston-transport/modern.js:103:17)
    at doWrite (/home/drseuss/.cache/firebase/tools/lib/node_modules/winston-transport/node_modules/readable-stream/lib/_stream_writable.js:390:139)
[error] 
[error] Error: An unexpected error has occurred.
[debug] [2026-08-27T16:54:34.257Z] Error: write EPIPE
    at afterWriteDispatched (node:internal/stream_base_commons:161:15)
    at writeGeneric (node:internal/stream_base_commons:152:3)
    at Socket._writeGeneric (node:net:958:11)
    at Socket._write (node:net:970:8)
    at writeOrBuffer (node:internal/streams/writable:572:12)
    at _write (node:internal/streams/writable:501:10)
    at Writable.write (node:internal/streams/writable:510:10)
    at Console.log (/home/drseuss/.cache/firebase/tools/lib/node_modules/winston/lib/winston/transports/console.js:87:23)
    at Console._write (/home/drseuss/.cache/firebase/tools/lib/node_modules/winston-transport/modern.js:103:17)
    at doWrite (/home/drseuss/.cache/firebase/tools/lib/node_modules/winston-transport/node_modules/readable-stream/lib/_stream_writable.js:390:139)
[error] 
[error] Error: An unexpected error has occurred.
[debug] [2026-08-27T16:54:34.258Z] Error: write EPIPE
    at afterWriteDispatched (node:internal/stream_base_commons:161:15)
    at writeGeneric (node:internal/stream_base_commons:152:3)
    at Socket._writeGeneric (node:net:958:11)
    at Socket._write (node:net:970:8)
    at writeOrBuffer (node:internal/streams/writable:572:12)
    at _write (node:internal/streams/writable:501:10)
    at Writable.write (node:internal/streams/writable:510:10)
    at Console.log (/home/drseuss/.cache/firebase/tools/lib/node_modules/winston/lib/winston/transports/console.js:87:23)
    at Console._write (/home/drseuss/.cache/firebase/tools/lib/node_modules/winston-transport/modern.js:103:17)
    at doWrite (/home/drseuss/.cache/firebase/tools/lib/node_modules/winston-transport/node_modules/readable-stream/lib/_stream_writable.js:390:139)
[error] 
[error] Error: An unexpected error has occurred.
[debug] [2026-08-27T16:54:34.258Z] Error: write EPIPE
    at afterWriteDispatched (node:internal/stream_base_commons:161:15)
    at writeGeneric (node:internal/stream_base_commons:152:3)
    at Socket._writeGeneric (node:net:958:11)
    at Socket._write (node:net:970:8)
    at writeOrBuffer (node:internal/streams/writable:572:12)
    at _write (node:internal/streams/writable:501:10)
    at Writable.write (node:internal/streams/writable:510:10)
    at Console.log (/home/drseuss/.cache/firebase/tools/lib/node_modules/winston/lib/winston/transports/console.js:87:23)
    at Console._write (/home/drseuss/.cache/firebase/tools/lib/node_modules/winston-transport/modern.js:103:17)
    at doWrite (/home/drseuss/.cache/firebase/tools/lib/node_modules/winston-transport/node_modules/readable-stream/lib/_stream_writable.js:390:139)
[error] 
[error] Error: An unexpected error has occurred.
[debug] [2026-08-27T16:54:34.259Z] Error: write EPIPE
    at afterWriteDispatched (node:internal/stream_base_commons:161:15)
    at writeGeneric (node:internal/stream_base_commons:152:3)
    at Socket._writeGeneric (node:net:958:11)
    at Socket._write (node:net:970:8)
    at writeOrBuffer (node:internal/streams/writable:572:12)
    at _write (node:internal/streams/writable:501:10)
    at Writable.write (node:internal/streams/writable:510:10)
    at Console.log (/home/drseuss/.cache/firebase/tools/lib/node_modules/winston/lib/winston/transports/console.js:87:23)
    at Console._write (/home/drseuss/.cache/firebase/tools/lib/node_modules/winston-transport/modern.js:103:17)
    at doWrite (/home/drseuss/.cache/firebase/tools/lib/node_modules/winston-transport/node_modules/readable-stream/lib/_stream_writable.js:390:139)
[error] 
[error] Error: An unexpected error has occurred.
[debug] [2026-08-27T16:54:34.259Z] Error: write EPIPE
    at afterWriteDispatched (node:internal/stream_base_commons:161:15)
    at writeGeneric (node:internal/stream_base_commons:152:3)
    at Socket._writeGeneric (node:net:958:11)
    at Socket._write (node:net:970:8)
    at writeOrBuffer (node:internal/streams/writable:572:12)
    at _write (node:internal/streams/writable:501:10)
    at Writable.write (node:internal/streams/writable:510:10)
    at Console.log (/home/drseuss/.cache/firebase/tools/lib/node_modules/winston/lib/winston/transports/console.js:87:23)
    at Console._write (/home/drseuss/.cache/firebase/tools/lib/node_modules/winston-transport/modern.js:103:17)
    at doWrite (/home/drseuss/.cache/firebase/tools/lib/node_modules/winston-transport/node_modules/readable-stream/lib/_stream_writable.js:390:139)
[error] 
[error] Error: An unexpected error has occurred.
[debug] [2026-08-27T16:54:34.260Z] Error: write EPIPE
    at afterWriteDispatched (node:internal/stream_base_commons:161:15)
    at writeGeneric (node:internal/stream_base_commons:152:3)
    at Socket._writeGeneric (node:net:958:11)
    at Socket._write (node:net:970:8)
    at writeOrBuffer (node:internal/streams/writable:572:12)
    at _write (node:internal/streams/writable:501:10)
    at Writable.write (node:internal/streams/writable:510:10)
    at Console.log (/home/drseuss/.cache/firebase/tools/lib/node_modules/winston/lib/winston/transports/console.js:87:23)
    at Console._write (/home/drseuss/.cache/firebase/tools/lib/node_modules/winston-transport/modern.js:103:17)
    at doWrite (/home/drseuss/.cache/firebase/tools/lib/node_modules/winston-transport/node_modules/readable-stream/lib/_stream_writable.js:390:139)
[error] 
[error] Error: An unexpected error has occurred.
[debug] [2026-08-27T16:54:34.260Z] Error: write EPIPE
    at afterWriteDispatched (node:internal/stream_base_commons:161:15)
    at writeGeneric (node:internal/stream_base_commons:152:3)
    at Socket._writeGeneric (node:net:958:11)
    at Socket._write (node:net:970:8)
    at writeOrBuffer (node:internal/streams/writable:572:12)
    at _write (node:internal/streams/writable:501:10)
    at Writable.write (node:internal/streams/writable:510:10)
    at Console.log (/home/drseuss/.cache/firebase/tools/lib/node_modules/winston/lib/winston/transports/console.js:87:23)
    at Console._write (/home/drseuss/.cache/firebase/tools/lib/node_modules/winston-transport/modern.js:103:17)
    at doWrite (/home/drseuss/.cache/firebase/tools/lib/node_modules/winston-transport/node_modules/readable-stream/lib/_stream_writable.js:390:139)
[error] 
[error] Error: An unexpected error has occurred.
[debug] [2026-08-27T16:54:34.260Z] Error: write EPIPE
    at afterWriteDispatched (node:internal/stream_base_commons:161:15)
    at writeGeneric (node:internal/stream_base_commons:152:3)
    at Socket._writeGeneric (node:net:958:11)
    at Socket._write (node:net:970:8)
    at writeOrBuffer (node:internal/streams/writable:572:12)
    at _write (node:internal/streams/writable:501:10)
    at Writable.write (node:internal/streams/writable:510:10)
    at Console.log (/home/drseuss/.cache/firebase/tools/lib/node_modules/winston/lib/winston/transports/console.js:87:23)
    at Console._write (/home/drseuss/.cache/firebase/tools/lib/node_modules/winston-transport/modern.js:103:17)
    at doWrite (/home/drseuss/.cache/firebase/tools/lib/node_modules/winston-transport/node_modules/readable-stream/lib/_stream_writable.js:390:139)
[error] 
[error] Error: An unexpected error has occurred.
[debug] [2026-08-27T16:54:34.261Z] Error: write EPIPE
    at afterWriteDispatched (node:internal/stream_base_commons:161:15)
    at writeGeneric (node:internal/stream_base_commons:152:3)
    at Socket._writeGeneric (node:net:958:11)
    at Socket._write (node:net:970:8)
    at writeOrBuffer (node:internal/streams/writable:572:12)
    at _write (node:internal/streams/writable:501:10)
    at Writable.write (node:internal/streams/writable:510:10)
    at Console.log (/home/drseuss/.cache/firebase/tools/lib/node_modules/winston/lib/winston/transports/console.js:87:23)
    at Console._write (/home/drseuss/.cache/firebase/tools/lib/node_modules/winston-transport/modern.js:103:17)
    at doWrite (/home/drseuss/.cache/firebase/tools/lib/node_modules/winston-transport/node_modules/readable-stream/lib/_stream_writable.js:390:139)
[error] 
[error] Error: An unexpected error has occurred.
[debug] [2026-08-27T16:54:34.261Z] Error: write EPIPE
    at afterWriteDispatched (node:internal/stream_base_commons:161:15)
    at writeGeneric (node:internal/stream_base_commons:152:3)
    at Socket._writeGeneric (node:net:958:11)
    at Socket._write (node:net:970:8)
    at writeOrBuffer (node:internal/streams/writable:572:12)
    at _write (node:internal/streams/writable:501:10)
    at Writable.write (node:internal/streams/writable:510:10)
    at Console.log (/home/drseuss/.cache/firebase/tools/lib/node_modules/winston/lib/winston/transports/console.js:87:23)
    at Console._write (/home/drseuss/.cache/firebase/tools/lib/node_modules/winston-transport/modern.js:103:17)
    at doWrite (/home/drseuss/.cache/firebase/tools/lib/node_modules/winston-transport/node_modules/readable-stream/lib/_stream_writable.js:390:139)
[error] 
[error] Error: An unexpected error has occurred.
[debug] [2026-08-27T16:54:34.261Z] Error: write EPIPE
    at afterWriteDispatched (node:internal/stream_base_commons:161:15)
    at writeGeneric (node:internal/stream_base_commons:152:3)
    at Socket._writeGeneric (node:net:958:11)
    at Socket._write (node:net:970:8)
    at writeOrBuffer (node:internal/streams/writable:572:12)
    at _write (node:internal/streams/writable:501:10)
    at Writable.write (node:internal/streams/writable:510:10)
    at Console.log (/home/drseuss/.cache/firebase/tools/lib/node_modules/winston/lib/winston/transports/console.js:87:23)
    at Console._write (/home/drseuss/.cache/firebase/tools/lib/node_modules/winston-transport/modern.js:103:17)
    at doWrite (/home/drseuss/.cache/firebase/tools/lib/node_modules/winston-transport/node_modules/readable-stream/lib/_stream_writable.js:390:139)
[error] 
[error] Error: An unexpected error has occurred.
[debug] [2026-08-27T16:54:34.261Z] Error: write EPIPE
    at afterWriteDispatched (node:internal/stream_base_commons:161:15)
    at writeGeneric (node:internal/stream_base_commons:152:3)
    at Socket._writeGeneric (node:net:958:11)
    at Socket._write (node:net:970:8)
    at writeOrBuffer (node:internal/streams/writable:572:12)
    at _write (node:internal/streams/writable:501:10)
    at Writable.write (node:internal/streams/writable:510:10)
    at Console.log (/home/drseuss/.cache/firebase/tools/lib/node_modules/winston/lib/winston/transports/console.js:87:23)
    at Console._write (/home/drseuss/.cache/firebase/tools/lib/node_modules/winston-transport/modern.js:103:17)
    at doWrite (/home/drseuss/.cache/firebase/tools/lib/node_modules/winston-transport/node_modules/readable-stream/lib/_stream_writable.js:390:139)
[error] 
[error] Error: An unexpected error has occurred.
[debug] [2026-08-27T16:54:34.262Z] Error: write EPIPE
    at afterWriteDispatched (node:internal/stream_base_commons:161:15)
    at writeGeneric (node:internal/stream_base_commons:152:3)
    at Socket._writeGeneric (node:net:958:11)
    at Socket._write (node:net:970:8)
    at writeOrBuffer (node:internal/streams/writable:572:12)
    at _write (node:internal/streams/writable:501:10)
    at Writable.write (node:internal/streams/writable:510:10)
    at Console.log (/home/drseuss/.cache/firebase/tools/lib/node_modules/winston/lib/winston/transports/console.js:87:23)
    at Console._write (/home/drseuss/.cache/firebase/tools/lib/node_modules/winston-transport/modern.js:103:17)
    at doWrite (/home/drseuss/.cache/firebase/tools/lib/node_modules/winston-transport/node_modules/readable-stream/lib/_stream_writable.js:390:139)
[error] 
[error] Error: An unexpected error has occurred.
[debug] [2026-08-27T16:54:34.262Z] Error: write EPIPE
    at afterWriteDispatched (node:internal/stream_base_commons:161:15)
    at writeGeneric (node:internal/stream_base_commons:152:3)
    at Socket._writeGeneric (node:net:958:11)
    at Socket._write (node:net:970:8)
    at writeOrBuffer (node:internal/streams/writable:572:12)
    at _write (node:internal/streams/writable:501:10)
    at Writable.write (node:internal/streams/writable:510:10)
    at Console.log (/home/drseuss/.cache/firebase/tools/lib/node_modules/winston/lib/winston/transports/console.js:87:23)
    at Console._write (/home/drseuss/.cache/firebase/tools/lib/node_modules/winston-transport/modern.js:103:17)
    at doWrite (/home/drseuss/.cache/firebase/tools/lib/node_modules/winston-transport/node_modules/readable-stream/lib/_stream_writable.js:390:139)
[error] 
[error] Error: An unexpected error has occurred.
[debug] [2026-08-27T16:54:34.262Z] Error: write EPIPE
    at afterWriteDispatched (node:internal/stream_base_commons:161:15)
    at writeGeneric (node:internal/stream_base_commons:152:3)
    at Socket._writeGeneric (node:net:958:11)
    at Socket._write (node:net:970:8)
    at writeOrBuffer (node:internal/streams/writable:572:12)
    at _write (node:internal/streams/writable:501:10)
    at Writable.write (node:internal/streams/writable:510:10)
    at Console.log (/home/drseuss/.cache/firebase/tools/lib/node_modules/winston/lib/winston/transports/console.js:87:23)
    at Console._write (/home/drseuss/.cache/firebase/tools/lib/node_modules/winston-transport/modern.js:103:17)
    at doWrite (/home/drseuss/.cache/firebase/tools/lib/node_modules/winston-transport/node_modules/readable-stream/lib/_stream_writable.js:390:139)
[error] 
[error] Error: An unexpected error has occurred.
[debug] [2026-08-27T16:54:34.263Z] Error: write EPIPE
    at afterWriteDispatched (node:internal/stream_base_commons:161:15)
    at writeGeneric (node:internal/stream_base_commons:152:3)
    at Socket._writeGeneric (node:net:958:11)
    at Socket._write (node:net:970:8)
    at writeOrBuffer (node:internal/streams/writable:572:12)
    at _write (node:internal/streams/writable:501:10)
    at Writable.write (node:internal/streams/writable:510:10)
    at Console.log (/home/drseuss/.cache/firebase/tools/lib/node_modules/winston/lib/winston/transports/console.js:87:23)
    at Console._write (/home/drseuss/.cache/firebase/tools/lib/node_modules/winston-transport/modern.js:103:17)
    at doWrite (/home/drseuss/.cache/firebase/tools/lib/node_modules/winston-transport/node_modules/readable-stream/lib/_stream_writable.js:390:139)
[error] 
[error] Error: An unexpected error has occurred.
[debug] [2026-08-27T16:54:34.263Z] Error: write EPIPE
    at afterWriteDispatched (node:internal/stream_base_commons:161:15)
    at writeGeneric (node:internal/stream_base_commons:152:3)
    at Socket._writeGeneric (node:net:958:11)
    at Socket._write (node:net:970:8)
    at writeOrBuffer (node:internal/streams/writable:572:12)
    at _write (node:internal/streams/writable:501:10)
    at Writable.write (node:internal/streams/writable:510:10)
    at Console.log (/home/drseuss/.cache/firebase/tools/lib/node_modules/winston/lib/winston/transports/console.js:87:23)
    at Console._write (/home/drseuss/.cache/firebase/tools/lib/node_modules/winston-transport/modern.js:103:17)
    at doWrite (/home/drseuss/.cache/firebase/tools/lib/node_modules/winston-transport/node_modules/readable-stream/lib/_stream_writable.js:390:139)
[error] 
[error] Error: An unexpected error has occurred.
[debug] [2026-08-27T16:54:34.263Z] Error: write EPIPE
    at afterWriteDispatched (node:internal/stream_base_commons:161:15)
    at writeGeneric (node:internal/stream_base_commons:152:3)
    at Socket._writeGeneric (node:net:958:11)
    at Socket._write (node:net:970:8)
    at writeOrBuffer (node:internal/streams/writable:572:12)
    at _write (node:internal/streams/writable:501:10)
    at Writable.write (node:internal/streams/writable:510:10)
    at Console.log (/home/drseuss/.cache/firebase/tools/lib/node_modules/winston/lib/winston/transports/console.js:87:23)
    at Console._write (/home/drseuss/.cache/firebase/tools/lib/node_modules/winston-transport/modern.js:103:17)
    at doWrite (/home/drseuss/.cache/firebase/tools/lib/node_modules/winston-transport/node_modules/readable-stream/lib/_stream_writable.js:390:139)
[error] 
[error] Error: An unexpected error has occurred.
[debug] [2026-08-27T16:54:34.263Z] Error: write EPIPE
    at afterWriteDispatched (node:internal/stream_base_commons:161:15)
    at writeGeneric (node:internal/stream_base_commons:152:3)
    at Socket._writeGeneric (node:net:958:11)
    at Socket._write (node:net:970:8)
    at writeOrBuffer (node:internal/streams/writable:572:12)
    at _write (node:internal/streams/writable:501:10)
    at Writable.write (node:internal/streams/writable:510:10)
    at Console.log (/home/drseuss/.cache/firebase/tools/lib/node_modules/winston/lib/winston/transports/console.js:87:23)
    at Console._write (/home/drseuss/.cache/firebase/tools/lib/node_modules/winston-transport/modern.js:103:17)
    at doWrite (/home/drseuss/.cache/firebase/tools/lib/node_modules/winston-transport/node_modules/readable-stream/lib/_stream_writable.js:390:139)
[error] 
[error] Error: An unexpected error has occurred.
[debug] [2026-08-27T16:54:34.264Z] Error: write EPIPE
    at afterWriteDispatched (node:internal/stream_base_commons:161:15)
    at writeGeneric (node:internal/stream_base_commons:152:3)
    at Socket._writeGeneric (node:net:958:11)
    at Socket._write (node:net:970:8)
    at writeOrBuffer (node:internal/streams/writable:572:12)
    at _write (node:internal/streams/writable:501:10)
    at Writable.write (node:internal/streams/writable:510:10)
    at Console.log (/home/drseuss/.cache/firebase/tools/lib/node_modules/winston/lib/winston/transports/console.js:87:23)
    at Console._write (/home/drseuss/.cache/firebase/tools/lib/node_modules/winston-transport/modern.js:103:17)
    at doWrite (/home/drseuss/.cache/firebase/tools/lib/node_modules/winston-transport/node_modules/readable-stream/lib/_stream_writable.js:390:139)
[error] 
[error] Error: An unexpected error has occurred.
[debug] [2026-08-27T16:54:34.264Z] Error: write EPIPE
    at afterWriteDispatched (node:internal/stream_base_commons:161:15)
    at writeGeneric (node:internal/stream_base_commons:152:3)
    at Socket._writeGeneric (node:net:958:11)
    at Socket._write (node:net:970:8)
    at writeOrBuffer (node:internal/streams/writable:572:12)
    at _write (node:internal/streams/writable:501:10)
    at Writable.write (node:internal/streams/writable:510:10)
    at Console.log (/home/drseuss/.cache/firebase/tools/lib/node_modules/winston/lib/winston/transports/console.js:87:23)
    at Console._write (/home/drseuss/.cache/firebase/tools/lib/node_modules/winston-transport/modern.js:103:17)
    at doWrite (/home/drseuss/.cache/firebase/tools/lib/node_modules/winston-transport/node_modules/readable-stream/lib/_stream_writable.js:390:139)
[error] 
[error] Error: An unexpected error has occurred.
[debug] [2026-08-27T16:54:34.264Z] Error: write EPIPE
    at afterWriteDispatched (node:internal/stream_base_commons:161:15)
    at writeGeneric (node:internal/stream_base_commons:152:3)
    at Socket._writeGeneric (node:net:958:11)
    at Socket._write (node:net:970:8)
    at writeOrBuffer (node:internal/streams/writable:572:12)
    at _write (node:internal/streams/writable:501:10)
    at Writable.write (node:internal/streams/writable:510:10)
    at Console.log (/home/drseuss/.cache/firebase/tools/lib/node_modules/winston/lib/winston/transports/console.js:87:23)
    at Console._write (/home/drseuss/.cache/firebase/tools/lib/node_modules/winston-transport/modern.js:103:17)
    at doWrite (/home/drseuss/.cache/firebase/tools/lib/node_modules/winston-transport/node_modules/readable-stream/lib/_stream_writable.js:390:139)
[error] 
[error] Error: An unexpected error has occurred.
[debug] [2026-08-27T16:54:34.264Z] Error: write EPIPE
    at afterWriteDispatched (node:internal/stream_base_commons:161:15)
    at writeGeneric (node:internal/stream_base_commons:152:3)
    at Socket._writeGeneric (node:net:958:11)
    at Socket._write (node:net:970:8)
    at writeOrBuffer (node:internal/streams/writable:572:12)
    at _write (node:internal/streams/writable:501:10)
    at Writable.write (node:internal/streams/writable:510:10)
    at Console.log (/home/drseuss/.cache/firebase/tools/lib/node_modules/winston/lib/winston/transports/console.js:87:23)
    at Console._write (/home/drseuss/.cache/firebase/tools/lib/node_modules/winston-transport/modern.js:103:17)
    at doWrite (/home/drseuss/.cache/firebase/tools/lib/node_modules/winston-transport/node_modules/readable-stream/lib/_stream_writable.js:390:139)
[error] 
[error] Error: An unexpected error has occurred.
[debug] [2026-08-27T16:54:34.265Z] Error: write EPIPE
    at afterWriteDispatched (node:internal/stream_base_commons:161:15)
    at writeGeneric (node:internal/stream_base_commons:152:3)
    at Socket._writeGeneric (node:net:958:11)
    at Socket._write (node:net:970:8)
    at writeOrBuffer (node:internal/streams/writable:572:12)
    at _write (node:internal/streams/writable:501:10)
    at Writable.write (node:internal/streams/writable:510:10)
    at Console.log (/home/drseuss/.cache/firebase/tools/lib/node_modules/winston/lib/winston/transports/console.js:87:23)
    at Console._write (/home/drseuss/.cache/firebase/tools/lib/node_modules/winston-transport/modern.js:103:17)
    at doWrite (/home/drseuss/.cache/firebase/tools/lib/node_modules/winston-transport/node_modules/readable-stream/lib/_stream_writable.js:390:139)
[error] 
[error] Error: An unexpected error has occurred.
[debug] [2026-08-27T16:54:34.265Z] Error: write EPIPE
    at afterWriteDispatched (node:internal/stream_base_commons:161:15)
    at writeGeneric (node:internal/stream_base_commons:152:3)
    at Socket._writeGeneric (node:net:958:11)
    at Socket._write (node:net:970:8)
    at writeOrBuffer (node:internal/streams/writable:572:12)
    at _write (node:internal/streams/writable:501:10)
    at Writable.write (node:internal/streams/writable:510:10)
    at Console.log (/home/drseuss/.cache/firebase/tools/lib/node_modules/winston/lib/winston/transports/console.js:87:23)
    at Console._write (/home/drseuss/.cache/firebase/tools/lib/node_modules/winston-transport/modern.js:103:17)
    at doWrite (/home/drseuss/.cache/firebase/tools/lib/node_modules/winston-transport/node_modules/readable-stream/lib/_stream_writable.js:390:139)
[error] 
[error] Error: An unexpected error has occurred.
[debug] [2026-08-27T16:54:34.265Z] Error: write EPIPE
    at afterWriteDispatched (node:internal/stream_base_commons:161:15)
    at writeGeneric (node:internal/stream_base_commons:152:3)
    at Socket._writeGeneric (node:net:958:11)
    at Socket._write (node:net:970:8)
    at writeOrBuffer (node:internal/streams/writable:572:12)
    at _write (node:internal/streams/writable:501:10)
    at Writable.write (node:internal/streams/writable:510:10)
    at Console.log (/home/drseuss/.cache/firebase/tools/lib/node_modules/winston/lib/winston/transports/console.js:87:23)
    at Console._write (/home/drseuss/.cache/firebase/tools/lib/node_modules/winston-transport/modern.js:103:17)
    at doWrite (/home/drseuss/.cache/firebase/tools/lib/node_modules/winston-transport/node_modules/readable-stream/lib/_stream_writable.js:390:139)
[error] 
[error] Error: An unexpected error has occurred.
[debug] [2026-08-27T16:54:34.265Z] Error: write EPIPE
    at afterWriteDispatched (node:internal/stream_base_commons:161:15)
    at writeGeneric (node:internal/stream_base_commons:152:3)
    at Socket._writeGeneric (node:net:958:11)
    at Socket._write (node:net:970:8)
    at writeOrBuffer (node:internal/streams/writable:572:12)
    at _write (node:internal/streams/writable:501:10)
    at Writable.write (node:internal/streams/writable:510:10)
    at Console.log (/home/drseuss/.cache/firebase/tools/lib/node_modules/winston/lib/winston/transports/console.js:87:23)
    at Console._write (/home/drseuss/.cache/firebase/tools/lib/node_modules/winston-transport/modern.js:103:17)
    at doWrite (/home/drseuss/.cache/firebase/tools/lib/node_modules/winston-transport/node_modules/readable-stream/lib/_stream_writable.js:390:139)
[error] 
[error] Error: An unexpected error has occurred.
[debug] [2026-08-27T16:54:34.266Z] Error: write EPIPE
    at afterWriteDispatched (node:internal/stream_base_commons:161:15)
    at writeGeneric (node:internal/stream_base_commons:152:3)
    at Socket._writeGeneric (node:net:958:11)
    at Socket._write (node:net:970:8)
    at writeOrBuffer (node:internal/streams/writable:572:12)
    at _write (node:internal/streams/writable:501:10)
    at Writable.write (node:internal/streams/writable:510:10)
    at Console.log (/home/drseuss/.cache/firebase/tools/lib/node_modules/winston/lib/winston/transports/console.js:87:23)
    at Console._write (/home/drseuss/.cache/firebase/tools/lib/node_modules/winston-transport/modern.js:103:17)
    at doWrite (/home/drseuss/.cache/firebase/tools/lib/node_modules/winston-transport/node_modules/readable-stream/lib/_stream_writable.js:390:139)
[error] 
[error] Error: An unexpected error has occurred.
[debug] [2026-08-27T16:54:34.266Z] Error: write EPIPE
    at afterWriteDispatched (node:internal/stream_base_commons:161:15)
    at writeGeneric (node:internal/stream_base_commons:152:3)
    at Socket._writeGeneric (node:net:958:11)
    at Socket._write (node:net:970:8)
    at writeOrBuffer (node:internal/streams/writable:572:12)
    at _write (node:internal/streams/writable:501:10)
    at Writable.write (node:internal/streams/writable:510:10)
    at Console.log (/home/drseuss/.cache/firebase/tools/lib/node_modules/winston/lib/winston/transports/console.js:87:23)
    at Console._write (/home/drseuss/.cache/firebase/tools/lib/node_modules/winston-transport/modern.js:103:17)
    at doWrite (/home/drseuss/.cache/firebase/tools/lib/node_modules/winston-transport/node_modules/readable-stream/lib/_stream_writable.js:390:139)
[error] 
[error] Error: An unexpected error has occurred.
[debug] [2026-08-27T16:54:34.266Z] Error: write EPIPE
    at afterWriteDispatched (node:internal/stream_base_commons:161:15)
    at writeGeneric (node:internal/stream_base_commons:152:3)
    at Socket._writeGeneric (node:net:958:11)
    at Socket._write (node:net:970:8)
    at writeOrBuffer (node:internal/streams/writable:572:12)
    at _write (node:internal/streams/writable:501:10)
    at Writable.write (node:internal/streams/writable:510:10)
    at Console.log (/home/drseuss/.cache/firebase/tools/lib/node_modules/winston/lib/winston/transports/console.js:87:23)
    at Console._write (/home/drseuss/.cache/firebase/tools/lib/node_modules/winston-transport/modern.js:103:17)
    at doWrite (/home/drseuss/.cache/firebase/tools/lib/node_modules/winston-transport/node_modules/readable-stream/lib/_stream_writable.js:390:139)
[error] 
[error] Error: An unexpected error has occurred.
[debug] [2026-08-27T16:54:34.266Z] Error: write EPIPE
    at afterWriteDispatched (node:internal/stream_base_commons:161:15)
    at writeGeneric (node:internal/stream_base_commons:152:3)
    at Socket._writeGeneric (node:net:958:11)
    at Socket._write (node:net:970:8)
    at writeOrBuffer (node:internal/streams/writable:572:12)
    at _write (node:internal/streams/writable:501:10)
    at Writable.write (node:internal/streams/writable:510:10)
    at Console.log (/home/drseuss/.cache/firebase/tools/lib/node_modules/winston/lib/winston/transports/console.js:87:23)
    at Console._write (/home/drseuss/.cache/firebase/tools/lib/node_modules/winston-transport/modern.js:103:17)
    at doWrite (/home/drseuss/.cache/firebase/tools/lib/node_modules/winston-transport/node_modules/readable-stream/lib/_stream_writable.js:390:139)
[error] 
[error] Error: An unexpected error has occurred.
[debug] [2026-08-27T16:54:34.266Z] Error: write EPIPE
    at afterWriteDispatched (node:internal/stream_base_commons:161:15)
    at writeGeneric (node:internal/stream_base_commons:152:3)
    at Socket._writeGeneric (node:net:958:11)
    at Socket._write (node:net:970:8)
    at writeOrBuffer (node:internal/streams/writable:572:12)
    at _write (node:internal/streams/writable:501:10)
    at Writable.write (node:internal/streams/writable:510:10)
    at Console.log (/home/drseuss/.cache/firebase/tools/lib/node_modules/winston/lib/winston/transports/console.js:87:23)
    at Console._write (/home/drseuss/.cache/firebase/tools/lib/node_modules/winston-transport/modern.js:103:17)
    at doWrite (/home/drseuss/.cache/firebase/tools/lib/node_modules/winston-transport/node_modules/readable-stream/lib/_stream_writable.js:390:139)
[error] 
[error] Error: An unexpected error has occurred.
[debug] [2026-08-27T16:54:34.267Z] Error: write EPIPE
    at afterWriteDispatched (node:internal/stream_base_commons:161:15)
    at writeGeneric (node:internal/stream_base_commons:152:3)
    at Socket._writeGeneric (node:net:958:11)
    at Socket._write (node:net:970:8)
    at writeOrBuffer (node:internal/streams/writable:572:12)
    at _write (node:internal/streams/writable:501:10)
    at Writable.write (node:internal/streams/writable:510:10)
    at Console.log (/home/drseuss/.cache/firebase/tools/lib/node_modules/winston/lib/winston/transports/console.js:87:23)
    at Console._write (/home/drseuss/.cache/firebase/tools/lib/node_modules/winston-transport/modern.js:103:17)
    at doWrite (/home/drseuss/.cache/firebase/tools/lib/node_modules/winston-transport/node_modules/readable-stream/lib/_stream_writable.js:390:139)
[error] 
[error] Error: An unexpected error has occurred.
[debug] [2026-08-27T16:54:34.267Z] Error: write EPIPE
    at afterWriteDispatched (node:internal/stream_base_commons:161:15)
    at writeGeneric (node:internal/stream_base_commons:152:3)
    at Socket._writeGeneric (node:net:958:11)
    at Socket._write (node:net:970:8)
    at writeOrBuffer (node:internal/streams/writable:572:12)
    at _write (node:internal/streams/writable:501:10)
    at Writable.write (node:internal/streams/writable:510:10)
    at Console.log (/home/drseuss/.cache/firebase/tools/lib/node_modules/winston/lib/winston/transports/console.js:87:23)
    at Console._write (/home/drseuss/.cache/firebase/tools/lib/node_modules/winston-transport/modern.js:103:17)
    at doWrite (/home/drseuss/.cache/firebase/tools/lib/node_modules/winston-transport/node_modules/readable-stream/lib/_stream_writable.js:390:139)
[error] 
[error] Error: An unexpected error has occurred.
[debug] [2026-08-27T16:54:34.267Z] Error: write EPIPE
    at afterWriteDispatched (node:internal/stream_base_commons:161:15)
    at writeGeneric (node:internal/stream_base_commons:152:3)
    at Socket._writeGeneric (node:net:958:11)
    at Socket._write (node:net:970:8)
    at writeOrBuffer (node:internal/streams/writable:572:12)
    at _write (node:internal/streams/writable:501:10)
    at Writable.write (node:internal/streams/writable:510:10)
    at Console.log (/home/drseuss/.cache/firebase/tools/lib/node_modules/winston/lib/winston/transports/console.js:87:23)
    at Console._write (/home/drseuss/.cache/firebase/tools/lib/node_modules/winston-transport/modern.js:103:17)
    at doWrite (/home/drseuss/.cache/firebase/tools/lib/node_modules/winston-transport/node_modules/readable-stream/lib/_stream_writable.js:390:139)
[error] 
[error] Error: An unexpected error has occurred.
[debug] [2026-08-27T16:54:34.267Z] Error: write EPIPE
    at afterWriteDispatched (node:internal/stream_base_commons:161:15)
    at writeGeneric (node:internal/stream_base_commons:152:3)
    at Socket._writeGeneric (node:net:958:11)
    at Socket._write (node:net:970:8)
    at writeOrBuffer (node:internal/streams/writable:572:12)
    at _write (node:internal/streams/writable:501:10)
    at Writable.write (node:internal/streams/writable:510:10)
    at Console.log (/home/drseuss/.cache/firebase/tools/lib/node_modules/winston/lib/winston/transports/console.js:87:23)
    at Console._write (/home/drseuss/.cache/firebase/tools/lib/node_modules/winston-transport/modern.js:103:17)
    at doWrite (/home/drseuss/.cache/firebase/tools/lib/node_modules/winston-transport/node_modules/readable-stream/lib/_stream_writable.js:390:139)
[error] 
[error] Error: An unexpected error has occurred.
[debug] [2026-08-27T16:54:34.267Z] Error: write EPIPE
    at afterWriteDispatched (node:internal/stream_base_commons:161:15)
    at writeGeneric (node:internal/stream_base_commons:152:3)
    at Socket._writeGeneric (node:net:958:11)
    at Socket._write (node:net:970:8)
    at writeOrBuffer (node:internal/streams/writable:572:12)
    at _write (node:internal/streams/writable:501:10)
    at Writable.write (node:internal/streams/writable:510:10)
    at Console.log (/home/drseuss/.cache/firebase/tools/lib/node_modules/winston/lib/winston/transports/console.js:87:23)
    at Console._write (/home/drseuss/.cache/firebase/tools/lib/node_modules/winston-transport/modern.js:103:17)
    at doWrite (/home/drseuss/.cache/firebase/tools/lib/node_modules/winston-transport/node_modules/readable-stream/lib/_stream_writable.js:390:139)
[error] 
[error] Error: An unexpected error has occurred.
[debug] [2026-08-27T16:54:34.268Z] Error: write EPIPE
    at afterWriteDispatched (node:internal/stream_base_commons:161:15)
    at writeGeneric (node:internal/stream_base_commons:152:3)
    at Socket._writeGeneric (node:net:958:11)
    at Socket._write (node:net:970:8)
    at writeOrBuffer (node:internal/streams/writable:572:12)
    at _write (node:internal/streams/writable:501:10)
    at Writable.write (node:internal/streams/writable:510:10)
    at Console.log (/home/drseuss/.cache/firebase/tools/lib/node_modules/winston/lib/winston/transports/console.js:87:23)
    at Console._write (/home/drseuss/.cache/firebase/tools/lib/node_modules/winston-transport/modern.js:103:17)
    at doWrite (/home/drseuss/.cache/firebase/tools/lib/node_modules/winston-transport/node_modules/readable-stream/lib/_stream_writable.js:390:139)
[error] 
[error] Error: An unexpected error has occurred.
[debug] [2026-08-27T16:54:34.268Z] Error: write EPIPE
    at afterWriteDispatched (node:internal/stream_base_commons:161:15)
    at writeGeneric (node:internal/stream_base_commons:152:3)
    at Socket._writeGeneric (node:net:958:11)
    at Socket._write (node:net:970:8)
    at writeOrBuffer (node:internal/streams/writable:572:12)
    at _write (node:internal/streams/writable:501:10)
    at Writable.write (node:internal/streams/writable:510:10)
    at Console.log (/home/drseuss/.cache/firebase/tools/lib/node_modules/winston/lib/winston/transports/console.js:87:23)
    at Console._write (/home/drseuss/.cache/firebase/tools/lib/node_modules/winston-transport/modern.js:103:17)
    at doWrite (/home/drseuss/.cache/firebase/tools/lib/node_modules/winston-transport/node_modules/readable-stream/lib/_stream_writable.js:390:139)
[error] 
[error] Error: An unexpected error has occurred.
[debug] [2026-08-27T16:54:34.268Z] Error: write EPIPE
    at afterWriteDispatched (node:internal/stream_base_commons:161:15)
    at writeGeneric (node:internal/stream_base_commons:152:3)
    at Socket._writeGeneric (node:net:958:11)
    at Socket._write (node:net:970:8)
    at writeOrBuffer (node:internal/streams/writable:572:12)
    at _write (node:internal/streams/writable:501:10)
    at Writable.write (node:internal/streams/writable:510:10)
    at Console.log (/home/drseuss/.cache/firebase/tools/lib/node_modules/winston/lib/winston/transports/console.js:87:23)
    at Console._write (/home/drseuss/.cache/firebase/tools/lib/node_modules/winston-transport/modern.js:103:17)
    at doWrite (/home/drseuss/.cache/firebase/tools/lib/node_modules/winston-transport/node_modules/readable-stream/lib/_stream_writable.js:390:139)
[error] 
[error] Error: An unexpected error has occurred.
[debug] [2026-08-27T16:54:34.268Z] Error: write EPIPE
    at afterWriteDispatched (node:internal/stream_base_commons:161:15)
    at writeGeneric (node:internal/stream_base_commons:152:3)
    at Socket._writeGeneric (node:net:958:11)
    at Socket._write (node:net:970:8)
    at writeOrBuffer (node:internal/streams/writable:572:12)
    at _write (node:internal/streams/writable:501:10)
    at Writable.write (node:internal/streams/writable:510:10)
    at Console.log (/home/drseuss/.cache/firebase/tools/lib/node_modules/winston/lib/winston/transports/console.js:87:23)
    at Console._write (/home/drseuss/.cache/firebase/tools/lib/node_modules/winston-transport/modern.js:103:17)
    at doWrite (/home/drseuss/.cache/firebase/tools/lib/node_modules/winston-transport/node_modules/readable-stream/lib/_stream_writable.js:390:139)
[error] 
[error] Error: An unexpected error has occurred.
[debug] [2026-08-27T16:54:34.269Z] Error: write EPIPE
    at afterWriteDispatched (node:internal/stream_base_commons:161:15)
    at writeGeneric (node:internal/stream_base_commons:152:3)
    at Socket._writeGeneric (node:net:958:11)
    at Socket._write (node:net:970:8)
    at writeOrBuffer (node:internal/streams/writable:572:12)
    at _write (node:internal/streams/writable:501:10)
    at Writable.write (node:internal/streams/writable:510:10)
    at Console.log (/home/drseuss/.cache/firebase/tools/lib/node_modules/winston/lib/winston/transports/console.js:87:23)
    at Console._write (/home/drseuss/.cache/firebase/tools/lib/node_modules/winston-transport/modern.js:103:17)
    at doWrite (/home/drseuss/.cache/firebase/tools/lib/node_modules/winston-transport/node_modules/readable-stream/lib/_stream_writable.js:390:139)
[error] 
[error] Error: An unexpected error has occurred.
[debug] [2026-08-27T16:54:34.269Z] Error: write EPIPE
    at afterWriteDispatched (node:internal/stream_base_commons:161:15)
    at writeGeneric (node:internal/stream_base_commons:152:3)
    at Socket._writeGeneric (node:net:958:11)
    at Socket._write (node:net:970:8)
    at writeOrBuffer (node:internal/streams/writable:572:12)
    at _write (node:internal/streams/writable:501:10)
    at Writable.write (node:internal/streams/writable:510:10)
    at Console.log (/home/drseuss/.cache/firebase/tools/lib/node_modules/winston/lib/winston/transports/console.js:87:23)
    at Console._write (/home/drseuss/.cache/firebase/tools/lib/node_modules/winston-transport/modern.js:103:17)
    at doWrite (/home/drseuss/.cache/firebase/tools/lib/node_modules/winston-transport/node_modules/readable-stream/lib/_stream_writable.js:390:139)
[error] 
[error] Error: An unexpected error has occurred.
[debug] [2026-08-27T16:54:34.269Z] Error: write EPIPE
    at afterWriteDispatched (node:internal/stream_base_commons:161:15)
    at writeGeneric (node:internal/stream_base_commons:152:3)
    at Socket._writeGeneric (node:net:958:11)
    at Socket._write (node:net:970:8)
    at writeOrBuffer (node:internal/streams/writable:572:12)
    at _write (node:internal/streams/writable:501:10)
    at Writable.write (node:internal/streams/writable:510:10)
    at Console.log (/home/drseuss/.cache/firebase/tools/lib/node_modules/winston/lib/winston/transports/console.js:87:23)
    at Console._write (/home/drseuss/.cache/firebase/tools/lib/node_modules/winston-transport/modern.js:103:17)
    at doWrite (/home/drseuss/.cache/firebase/tools/lib/node_modules/winston-transport/node_modules/readable-stream/lib/_stream_writable.js:390:139)
[error] 
[error] Error: An unexpected error has occurred.
[debug] [2026-08-27T16:54:34.270Z] Error: write EPIPE
    at afterWriteDispatched (node:internal/stream_base_commons:161:15)
    at writeGeneric (node:internal/stream_base_commons:152:3)
    at Socket._writeGeneric (node:net:958:11)
    at Socket._write (node:net:970:8)
    at writeOrBuffer (node:internal/streams/writable:572:12)
    at _write (node:internal/streams/writable:501:10)
    at Writable.write (node:internal/streams/writable:510:10)
    at Console.log (/home/drseuss/.cache/firebase/tools/lib/node_modules/winston/lib/winston/transports/console.js:87:23)
    at Console._write (/home/drseuss/.cache/firebase/tools/lib/node_modules/winston-transport/modern.js:103:17)
    at doWrite (/home/drseuss/.cache/firebase/tools/lib/node_modules/winston-transport/node_modules/readable-stream/lib/_stream_writable.js:390:139)
[error] 
[error] Error: An unexpected error has occurred.
[debug] [2026-08-27T16:54:34.270Z] Error: write EPIPE
    at afterWriteDispatched (node:internal/stream_base_commons:161:15)
    at writeGeneric (node:internal/stream_base_commons:152:3)
    at Socket._writeGeneric (node:net:958:11)
    at Socket._write (node:net:970:8)
    at writeOrBuffer (node:internal/streams/writable:572:12)
    at _write (node:internal/streams/writable:501:10)
    at Writable.write (node:internal/streams/writable:510:10)
    at Console.log (/home/drseuss/.cache/firebase/tools/lib/node_modules/winston/lib/winston/transports/console.js:87:23)
    at Console._write (/home/drseuss/.cache/firebase/tools/lib/node_modules/winston-transport/modern.js:103:17)
    at doWrite (/home/drseuss/.cache/firebase/tools/lib/node_modules/winston-transport/node_modules/readable-stream/lib/_stream_writable.js:390:139)
[error] 
[error] Error: An unexpected error has occurred.
[debug] [2026-08-27T16:54:34.270Z] Error: write EPIPE
    at afterWriteDispatched (node:internal/stream_base_commons:161:15)
    at writeGeneric (node:internal/stream_base_commons:152:3)
    at Socket._writeGeneric (node:net:958:11)
    at Socket._write (node:net:970:8)
    at writeOrBuffer (node:internal/streams/writable:572:12)
    at _write (node:internal/streams/writable:501:10)
    at Writable.write (node:internal/streams/writable:510:10)
    at Console.log (/home/drseuss/.cache/firebase/tools/lib/node_modules/winston/lib/winston/transports/console.js:87:23)
    at Console._write (/home/drseuss/.cache/firebase/tools/lib/node_modules/winston-transport/modern.js:103:17)
    at doWrite (/home/drseuss/.cache/firebase/tools/lib/node_modules/winston-transport/node_modules/readable-stream/lib/_stream_writable.js:390:139)
[error] 
[error] Error: An unexpected error has occurred.
[debug] [2026-08-27T16:54:34.270Z] Error: write EPIPE
    at afterWriteDispatched (node:internal/stream_base_commons:161:15)
    at writeGeneric (node:internal/stream_base_commons:152:3)
    at Socket._writeGeneric (node:net:958:11)
    at Socket._write (node:net:970:8)
    at writeOrBuffer (node:internal/streams/writable:572:12)
    at _write (node:internal/streams/writable:501:10)
    at Writable.write (node:internal/streams/writable:510:10)
    at Console.log (/home/drseuss/.cache/firebase/tools/lib/node_modules/winston/lib/winston/transports/console.js:87:23)
    at Console._write (/home/drseuss/.cache/firebase/tools/lib/node_modules/winston-transport/modern.js:103:17)
    at doWrite (/home/drseuss/.cache/firebase/tools/lib/node_modules/winston-transport/node_modules/readable-stream/lib/_stream_writable.js:390:139)
[error] 
[error] Error: An unexpected error has occurred.
[debug] [2026-08-27T16:54:34.270Z] Error: write EPIPE
    at afterWriteDispatched (node:internal/stream_base_commons:161:15)
    at writeGeneric (node:internal/stream_base_commons:152:3)
    at Socket._writeGeneric (node:net:958:11)
    at Socket._write (node:net:970:8)
    at writeOrBuffer (node:internal/streams/writable:572:12)
    at _write (node:internal/streams/writable:501:10)
    at Writable.write (node:internal/streams/writable:510:10)
    at Console.log (/home/drseuss/.cache/firebase/tools/lib/node_modules/winston/lib/winston/transports/console.js:87:23)
    at Console._write (/home/drseuss/.cache/firebase/tools/lib/node_modules/winston-transport/modern.js:103:17)
    at doWrite (/home/drseuss/.cache/firebase/tools/lib/node_modules/winston-transport/node_modules/readable-stream/lib/_stream_writable.js:390:139)
[error] 
[error] Error: An unexpected error has occurred.
[debug] [2026-08-27T16:54:34.271Z] Error: write EPIPE
    at afterWriteDispatched (node:internal/stream_base_commons:161:15)
    at writeGeneric (node:internal/stream_base_commons:152:3)
    at Socket._writeGeneric (node:net:958:11)
    at Socket._write (node:net:970:8)
    at writeOrBuffer (node:internal/streams/writable:572:12)
    at _write (node:internal/streams/writable:501:10)
    at Writable.write (node:internal/streams/writable:510:10)
    at Console.log (/home/drseuss/.cache/firebase/tools/lib/node_modules/winston/lib/winston/transports/console.js:87:23)
    at Console._write (/home/drseuss/.cache/firebase/tools/lib/node_modules/winston-transport/modern.js:103:17)
    at doWrite (/home/drseuss/.cache/firebase/tools/lib/node_modules/winston-transport/node_modules/readable-stream/lib/_stream_writable.js:390:139)
[error] 
[error] Error: An unexpected error has occurred.
[debug] [2026-08-27T16:54:34.272Z] Error: write EPIPE
    at afterWriteDispatched (node:internal/stream_base_commons:161:15)
    at writeGeneric (node:internal/stream_base_commons:152:3)
    at Socket._writeGeneric (node:net:958:11)
    at Socket._write (node:net:970:8)
    at writeOrBuffer (node:internal/streams/writable:572:12)
    at _write (node:internal/streams/writable:501:10)
    at Writable.write (node:internal/streams/writable:510:10)
    at Console.log (/home/drseuss/.cache/firebase/tools/lib/node_modules/winston/lib/winston/transports/console.js:87:23)
    at Console._write (/home/drseuss/.cache/firebase/tools/lib/node_modules/winston-transport/modern.js:103:17)
    at doWrite (/home/drseuss/.cache/firebase/tools/lib/node_modules/winston-transport/node_modules/readable-stream/lib/_stream_writable.js:390:139)
[error] 
[error] Error: An unexpected error has occurred.
[debug] [2026-08-27T16:54:34.273Z] Error: write EPIPE
    at afterWriteDispatched (node:internal/stream_base_commons:161:15)
    at writeGeneric (node:internal/stream_base_commons:152:3)
    at Socket._writeGeneric (node:net:958:11)
    at Socket._write (node:net:970:8)
    at writeOrBuffer (node:internal/streams/writable:572:12)
    at _write (node:internal/streams/writable:501:10)
    at Writable.write (node:internal/streams/writable:510:10)
    at Console.log (/home/drseuss/.cache/firebase/tools/lib/node_modules/winston/lib/winston/transports/console.js:87:23)
    at Console._write (/home/drseuss/.cache/firebase/tools/lib/node_modules/winston-transport/modern.js:103:17)
    at doWrite (/home/drseuss/.cache/firebase/tools/lib/node_modules/winston-transport/node_modules/readable-stream/lib/_stream_writable.js:390:139)
[error] 
[error] Error: An unexpected error has occurred.
[debug] [2026-08-27T16:54:34.273Z] Error: write EPIPE
    at afterWriteDispatched (node:internal/stream_base_commons:161:15)
    at writeGeneric (node:internal/stream_base_commons:152:3)
    at Socket._writeGeneric (node:net:958:11)
    at Socket._write (node:net:970:8)
    at writeOrBuffer (node:internal/streams/writable:572:12)
    at _write (node:internal/streams/writable:501:10)
    at Writable.write (node:internal/streams/writable:510:10)
    at Console.log (/home/drseuss/.cache/firebase/tools/lib/node_modules/winston/lib/winston/transports/console.js:87:23)
    at Console._write (/home/drseuss/.cache/firebase/tools/lib/node_modules/winston-transport/modern.js:103:17)
    at doWrite (/home/drseuss/.cache/firebase/tools/lib/node_modules/winston-transport/node_modules/readable-stream/lib/_stream_writable.js:390:139)
[error] 
[error] Error: An unexpected error has occurred.
[debug] [2026-08-27T16:54:34.273Z] Error: write EPIPE
    at afterWriteDispatched (node:internal/stream_base_commons:161:15)
    at writeGeneric (node:internal/stream_base_commons:152:3)
    at Socket._writeGeneric (node:net:958:11)
    at Socket._write (node:net:970:8)
    at writeOrBuffer (node:internal/streams/writable:572:12)
    at _write (node:internal/streams/writable:501:10)
    at Writable.write (node:internal/streams/writable:510:10)
    at Console.log (/home/drseuss/.cache/firebase/tools/lib/node_modules/winston/lib/winston/transports/console.js:87:23)
    at Console._write (/home/drseuss/.cache/firebase/tools/lib/node_modules/winston-transport/modern.js:103:17)
    at doWrite (/home/drseuss/.cache/firebase/tools/lib/node_modules/winston-transport/node_modules/readable-stream/lib/_stream_writable.js:390:139)
[error] 
[error] Error: An unexpected error has occurred.
[debug] [2026-08-27T16:54:34.273Z] Error: write EPIPE
    at afterWriteDispatched (node:internal/stream_base_commons:161:15)
    at writeGeneric (node:internal/stream_base_commons:152:3)
    at Socket._writeGeneric (node:net:958:11)
    at Socket._write (node:net:970:8)
    at writeOrBuffer (node:internal/streams/writable:572:12)
    at _write (node:internal/streams/writable:501:10)
    at Writable.write (node:internal/streams/writable:510:10)
    at Console.log (/home/drseuss/.cache/firebase/tools/lib/node_modules/winston/lib/winston/transports/console.js:87:23)
    at Console._write (/home/drseuss/.cache/firebase/tools/lib/node_modules/winston-transport/modern.js:103:17)
    at doWrite (/home/drseuss/.cache/firebase/tools/lib/node_modules/winston-transport/node_modules/readable-stream/lib/_stream_writable.js:390:139)
[error] 
[error] Error: An unexpected error has occurred.
[debug] [2026-08-27T16:54:34.274Z] Error: write EPIPE
    at afterWriteDispatched (node:internal/stream_base_commons:161:15)
    at writeGeneric (node:internal/stream_base_commons:152:3)
    at Socket._writeGeneric (node:net:958:11)
    at Socket._write (node:net:970:8)
    at writeOrBuffer (node:internal/streams/writable:572:12)
    at _write (node:internal/streams/writable:501:10)
    at Writable.write (node:internal/streams/writable:510:10)
    at Console.log (/home/drseuss/.cache/firebase/tools/lib/node_modules/winston/lib/winston/transports/console.js:87:23)
    at Console._write (/home/drseuss/.cache/firebase/tools/lib/node_modules/winston-transport/modern.js:103:17)
    at doWrite (/home/drseuss/.cache/firebase/tools/lib/node_modules/winston-transport/node_modules/readable-stream/lib/_stream_writable.js:390:139)
[error] 
[error] Error: An unexpected error has occurred.
[debug] [2026-08-27T16:54:34.274Z] Error: write EPIPE
    at afterWriteDispatched (node:internal/stream_base_commons:161:15)
    at writeGeneric (node:internal/stream_base_commons:152:3)
    at Socket._writeGeneric (node:net:958:11)
    at Socket._write (node:net:970:8)
    at writeOrBuffer (node:internal/streams/writable:572:12)
    at _write (node:internal/streams/writable:501:10)
    at Writable.write (node:internal/streams/writable:510:10)
    at Console.log (/home/drseuss/.cache/firebase/tools/lib/node_modules/winston/lib/winston/transports/console.js:87:23)
    at Console._write (/home/drseuss/.cache/firebase/tools/lib/node_modules/winston-transport/modern.js:103:17)
    at doWrite (/home/drseuss/.cache/firebase/tools/lib/node_modules/winston-transport/node_modules/readable-stream/lib/_stream_writable.js:390:139)
[error] 
[error] Error: An unexpected error has occurred.
[debug] [2026-08-27T16:54:34.274Z] Error: write EPIPE
    at afterWriteDispatched (node:internal/stream_base_commons:161:15)
    at writeGeneric (node:internal/stream_base_commons:152:3)
    at Socket._writeGeneric (node:net:958:11)
    at Socket._write (node:net:970:8)
    at writeOrBuffer (node:internal/streams/writable:572:12)
    at _write (node:internal/streams/writable:501:10)
    at Writable.write (node:internal/streams/writable:510:10)
    at Console.log (/home/drseuss/.cache/firebase/tools/lib/node_modules/winston/lib/winston/transports/console.js:87:23)
    at Console._write (/home/drseuss/.cache/firebase/tools/lib/node_modules/winston-transport/modern.js:103:17)
    at doWrite (/home/drseuss/.cache/firebase/tools/lib/node_modules/winston-transport/node_modules/readable-stream/lib/_stream_writable.js:390:139)
[error] 
[error] Error: An unexpected error has occurred.
[debug] [2026-08-27T16:54:34.274Z] Error: write EPIPE
    at afterWriteDispatched (node:internal/stream_base_commons:161:15)
    at writeGeneric (node:internal/stream_base_commons:152:3)
    at Socket._writeGeneric (node:net:958:11)
    at Socket._write (node:net:970:8)
    at writeOrBuffer (node:internal/streams/writable:572:12)
    at _write (node:internal/streams/writable:501:10)
    at Writable.write (node:internal/streams/writable:510:10)
    at Console.log (/home/drseuss/.cache/firebase/tools/lib/node_modules/winston/lib/winston/transports/console.js:87:23)
    at Console._write (/home/drseuss/.cache/firebase/tools/lib/node_modules/winston-transport/modern.js:103:17)
    at doWrite (/home/drseuss/.cache/firebase/tools/lib/node_modules/winston-transport/node_modules/readable-stream/lib/_stream_writable.js:390:139)
[error] 
[error] Error: An unexpected error has occurred.
[debug] [2026-08-27T16:54:34.275Z] Error: write EPIPE
    at afterWriteDispatched (node:internal/stream_base_commons:161:15)
    at writeGeneric (node:internal/stream_base_commons:152:3)
    at Socket._writeGeneric (node:net:958:11)
    at Socket._write (node:net:970:8)
    at writeOrBuffer (node:internal/streams/writable:572:12)
    at _write (node:internal/streams/writable:501:10)
    at Writable.write (node:internal/streams/writable:510:10)
    at Console.log (/home/drseuss/.cache/firebase/tools/lib/node_modules/winston/lib/winston/transports/console.js:87:23)
    at Console._write (/home/drseuss/.cache/firebase/tools/lib/node_modules/winston-transport/modern.js:103:17)
    at doWrite (/home/drseuss/.cache/firebase/tools/lib/node_modules/winston-transport/node_modules/readable-stream/lib/_stream_writable.js:390:139)
[error] 
[error] Error: An unexpected error has occurred.
[debug] [2026-08-27T16:54:34.275Z] Error: write EPIPE
    at afterWriteDispatched (node:internal/stream_base_commons:161:15)
    at writeGeneric (node:internal/stream_base_commons:152:3)
    at Socket._writeGeneric (node:net:958:11)
    at Socket._write (node:net:970:8)
    at writeOrBuffer (node:internal/streams/writable:572:12)
    at _write (node:internal/streams/writable:501:10)
    at Writable.write (node:internal/streams/writable:510:10)
    at Console.log (/home/drseuss/.cache/firebase/tools/lib/node_modules/winston/lib/winston/transports/console.js:87:23)
    at Console._write (/home/drseuss/.cache/firebase/tools/lib/node_modules/winston-transport/modern.js:103:17)
    at doWrite (/home/drseuss/.cache/firebase/tools/lib/node_modules/winston-transport/node_modules/readable-stream/lib/_stream_writable.js:390:139)
[error] 
[error] Error: An unexpected error has occurred.
[debug] [2026-08-27T16:54:34.275Z] Error: write EPIPE
    at afterWriteDispatched (node:internal/stream_base_commons:161:15)
    at writeGeneric (node:internal/stream_base_commons:152:3)
    at Socket._writeGeneric (node:net:958:11)
    at Socket._write (node:net:970:8)
    at writeOrBuffer (node:internal/streams/writable:572:12)
    at _write (node:internal/streams/writable:501:10)
    at Writable.write (node:internal/streams/writable:510:10)
    at Console.log (/home/drseuss/.cache/firebase/tools/lib/node_modules/winston/lib/winston/transports/console.js:87:23)
    at Console._write (/home/drseuss/.cache/firebase/tools/lib/node_modules/winston-transport/modern.js:103:17)
    at doWrite (/home/drseuss/.cache/firebase/tools/lib/node_modules/winston-transport/node_modules/readable-stream/lib/_stream_writable.js:390:139)
[error] 
[error] Error: An unexpected error has occurred.
[debug] [2026-08-27T16:54:34.275Z] Error: write EPIPE
    at afterWriteDispatched (node:internal/stream_base_commons:161:15)
    at writeGeneric (node:internal/stream_base_commons:152:3)
    at Socket._writeGeneric (node:net:958:11)
    at Socket._write (node:net:970:8)
    at writeOrBuffer (node:internal/streams/writable:572:12)
    at _write (node:internal/streams/writable:501:10)
    at Writable.write (node:internal/streams/writable:510:10)
    at Console.log (/home/drseuss/.cache/firebase/tools/lib/node_modules/winston/lib/winston/transports/console.js:87:23)
    at Console._write (/home/drseuss/.cache/firebase/tools/lib/node_modules/winston-transport/modern.js:103:17)
    at doWrite (/home/drseuss/.cache/firebase/tools/lib/node_modules/winston-transport/node_modules/readable-stream/lib/_stream_writable.js:390:139)
[error] 
[error] Error: An unexpected error has occurred.
[debug] [2026-08-27T16:54:34.275Z] Error: write EPIPE
    at afterWriteDispatched (node:internal/stream_base_commons:161:15)
    at writeGeneric (node:internal/stream_base_commons:152:3)
    at Socket._writeGeneric (node:net:958:11)
    at Socket._write (node:net:970:8)
    at writeOrBuffer (node:internal/streams/writable:572:12)
    at _write (node:internal/streams/writable:501:10)
    at Writable.write (node:internal/streams/writable:510:10)
    at Console.log (/home/drseuss/.cache/firebase/tools/lib/node_modules/winston/lib/winston/transports/console.js:87:23)
    at Console._write (/home/drseuss/.cache/firebase/tools/lib/node_modules/winston-transport/modern.js:103:17)
    at doWrite (/home/drseuss/.cache/firebase/tools/lib/node_modules/winston-transport/node_modules/readable-stream/lib/_stream_writable.js:390:139)
[error] 
[error] Error: An unexpected error has occurred.
[debug] [2026-08-27T16:54:34.276Z] Error: write EPIPE
    at afterWriteDispatched (node:internal/stream_base_commons:161:15)
    at writeGeneric (node:internal/stream_base_commons:152:3)
    at Socket._writeGeneric (node:net:958:11)
    at Socket._write (node:net:970:8)
    at writeOrBuffer (node:internal/streams/writable:572:12)
    at _write (node:internal/streams/writable:501:10)
    at Writable.write (node:internal/streams/writable:510:10)
    at Console.log (/home/drseuss/.cache/firebase/tools/lib/node_modules/winston/lib/winston/transports/console.js:87:23)
    at Console._write (/home/drseuss/.cache/firebase/tools/lib/node_modules/winston-transport/modern.js:103:17)
    at doWrite (/home/drseuss/.cache/firebase/tools/lib/node_modules/winston-transport/node_modules/readable-stream/lib/_stream_writable.js:390:139)
[error] 
[error] Error: An unexpected error has occurred.
[debug] [2026-08-27T16:54:34.276Z] Error: write EPIPE
    at afterWriteDispatched (node:internal/stream_base_commons:161:15)
    at writeGeneric (node:internal/stream_base_commons:152:3)
    at Socket._writeGeneric (node:net:958:11)
    at Socket._write (node:net:970:8)
    at writeOrBuffer (node:internal/streams/writable:572:12)
    at _write (node:internal/streams/writable:501:10)
    at Writable.write (node:internal/streams/writable:510:10)
    at Console.log (/home/drseuss/.cache/firebase/tools/lib/node_modules/winston/lib/winston/transports/console.js:87:23)
    at Console._write (/home/drseuss/.cache/firebase/tools/lib/node_modules/winston-transport/modern.js:103:17)
    at doWrite (/home/drseuss/.cache/firebase/tools/lib/node_modules/winston-transport/node_modules/readable-stream/lib/_stream_writable.js:390:139)
[error] 
[error] Error: An unexpected error has occurred.
[debug] [2026-08-27T16:54:34.276Z] Error: write EPIPE
    at afterWriteDispatched (node:internal/stream_base_commons:161:15)
    at writeGeneric (node:internal/stream_base_commons:152:3)
    at Socket._writeGeneric (node:net:958:11)
    at Socket._write (node:net:970:8)
    at writeOrBuffer (node:internal/streams/writable:572:12)
    at _write (node:internal/streams/writable:501:10)
    at Writable.write (node:internal/streams/writable:510:10)
    at Console.log (/home/drseuss/.cache/firebase/tools/lib/node_modules/winston/lib/winston/transports/console.js:87:23)
    at Console._write (/home/drseuss/.cache/firebase/tools/lib/node_modules/winston-transport/modern.js:103:17)
    at doWrite (/home/drseuss/.cache/firebase/tools/lib/node_modules/winston-transport/node_modules/readable-stream/lib/_stream_writable.js:390:139)
[error] 
[error] Error: An unexpected error has occurred.
[debug] [2026-08-27T16:54:34.276Z] Error: write EPIPE
    at afterWriteDispatched (node:internal/stream_base_commons:161:15)
    at writeGeneric (node:internal/stream_base_commons:152:3)
    at Socket._writeGeneric (node:net:958:11)
    at Socket._write (node:net:970:8)
    at writeOrBuffer (node:internal/streams/writable:572:12)
    at _write (node:internal/streams/writable:501:10)
    at Writable.write (node:internal/streams/writable:510:10)
    at Console.log (/home/drseuss/.cache/firebase/tools/lib/node_modules/winston/lib/winston/transports/console.js:87:23)
    at Console._write (/home/drseuss/.cache/firebase/tools/lib/node_modules/winston-transport/modern.js:103:17)
    at doWrite (/home/drseuss/.cache/firebase/tools/lib/node_modules/winston-transport/node_modules/readable-stream/lib/_stream_writable.js:390:139)
[error] 
[error] Error: An unexpected error has occurred.
[debug] [2026-08-27T16:54:34.276Z] Error: write EPIPE
    at afterWriteDispatched (node:internal/stream_base_commons:161:15)
    at writeGeneric (node:internal/stream_base_commons:152:3)
    at Socket._writeGeneric (node:net:958:11)
    at Socket._write (node:net:970:8)
    at writeOrBuffer (node:internal/streams/writable:572:12)
    at _write (node:internal/streams/writable:501:10)
    at Writable.write (node:internal/streams/writable:510:10)
    at Console.log (/home/drseuss/.cache/firebase/tools/lib/node_modules/winston/lib/winston/transports/console.js:87:23)
    at Console._write (/home/drseuss/.cache/firebase/tools/lib/node_modules/winston-transport/modern.js:103:17)
    at doWrite (/home/drseuss/.cache/firebase/tools/lib/node_modules/winston-transport/node_modules/readable-stream/lib/_stream_writable.js:390:139)
[error] 
[error] Error: An unexpected error has occurred.
[debug] [2026-08-27T16:54:34.277Z] Error: write EPIPE
    at afterWriteDispatched (node:internal/stream_base_commons:161:15)
    at writeGeneric (node:internal/stream_base_commons:152:3)
    at Socket._writeGeneric (node:net:958:11)
    at Socket._write (node:net:970:8)
    at writeOrBuffer (node:internal/streams/writable:572:12)
    at _write (node:internal/streams/writable:501:10)
    at Writable.write (node:internal/streams/writable:510:10)
    at Console.log (/home/drseuss/.cache/firebase/tools/lib/node_modules/winston/lib/winston/transports/console.js:87:23)
    at Console._write (/home/drseuss/.cache/firebase/tools/lib/node_modules/winston-transport/modern.js:103:17)
    at doWrite (/home/drseuss/.cache/firebase/tools/lib/node_modules/winston-transport/node_modules/readable-stream/lib/_stream_writable.js:390:139)
[error] 
[error] Error: An unexpected error has occurred.
[debug] [2026-08-27T16:54:34.278Z] Error: write EPIPE
    at afterWriteDispatched (node:internal/stream_base_commons:161:15)
    at writeGeneric (node:internal/stream_base_commons:152:3)
    at Socket._writeGeneric (node:net:958:11)
    at Socket._write (node:net:970:8)
    at writeOrBuffer (node:internal/streams/writable:572:12)
    at _write (node:internal/streams/writable:501:10)
    at Writable.write (node:internal/streams/writable:510:10)
    at Console.log (/home/drseuss/.cache/firebase/tools/lib/node_modules/winston/lib/winston/transports/console.js:87:23)
    at Console._write (/home/drseuss/.cache/firebase/tools/lib/node_modules/winston-transport/modern.js:103:17)
    at doWrite (/home/drseuss/.cache/firebase/tools/lib/node_modules/winston-transport/node_modules/readable-stream/lib/_stream_writable.js:390:139)
[error] 
[error] Error: An unexpected error has occurred.
[debug] [2026-08-27T16:54:34.278Z] Error: write EPIPE
    at afterWriteDispatched (node:internal/stream_base_commons:161:15)
    at writeGeneric (node:internal/stream_base_commons:152:3)
    at Socket._writeGeneric (node:net:958:11)
    at Socket._write (node:net:970:8)
    at writeOrBuffer (node:internal/streams/writable:572:12)
    at _write (node:internal/streams/writable:501:10)
    at Writable.write (node:internal/streams/writable:510:10)
    at Console.log (/home/drseuss/.cache/firebase/tools/lib/node_modules/winston/lib/winston/transports/console.js:87:23)
    at Console._write (/home/drseuss/.cache/firebase/tools/lib/node_modules/winston-transport/modern.js:103:17)
    at doWrite (/home/drseuss/.cache/firebase/tools/lib/node_modules/winston-transport/node_modules/readable-stream/lib/_stream_writable.js:390:139)
[error] 
[error] Error: An unexpected error has occurred.
[debug] [2026-08-27T16:54:34.278Z] Error: write EPIPE
    at afterWriteDispatched (node:internal/stream_base_commons:161:15)
    at writeGeneric (node:internal/stream_base_commons:152:3)
    at Socket._writeGeneric (node:net:958:11)
    at Socket._write (node:net:970:8)
    at writeOrBuffer (node:internal/streams/writable:572:12)
    at _write (node:internal/streams/writable:501:10)
    at Writable.write (node:internal/streams/writable:510:10)
    at Console.log (/home/drseuss/.cache/firebase/tools/lib/node_modules/winston/lib/winston/transports/console.js:87:23)
    at Console._write (/home/drseuss/.cache/firebase/tools/lib/node_modules/winston-transport/modern.js:103:17)
    at doWrite (/home/drseuss/.cache/firebase/tools/lib/node_modules/winston-transport/node_modules/readable-stream/lib/_stream_writable.js:390:139)
[error] 
[error] Error: An unexpected error has occurred.
[debug] [2026-08-27T16:54:34.278Z] Error: write EPIPE
    at afterWriteDispatched (node:internal/stream_base_commons:161:15)
    at writeGeneric (node:internal/stream_base_commons:152:3)
    at Socket._writeGeneric (node:net:958:11)
    at Socket._write (node:net:970:8)
    at writeOrBuffer (node:internal/streams/writable:572:12)
    at _write (node:internal/streams/writable:501:10)
    at Writable.write (node:internal/streams/writable:510:10)
    at Console.log (/home/drseuss/.cache/firebase/tools/lib/node_modules/winston/lib/winston/transports/console.js:87:23)
    at Console._write (/home/drseuss/.cache/firebase/tools/lib/node_modules/winston-transport/modern.js:103:17)
    at doWrite (/home/drseuss/.cache/firebase/tools/lib/node_modules/winston-transport/node_modules/readable-stream/lib/_stream_writable.js:390:139)
[error] 
[error] Error: An unexpected error has occurred.
[debug] [2026-08-27T16:54:34.278Z] Error: write EPIPE
    at afterWriteDispatched (node:internal/stream_base_commons:161:15)
    at writeGeneric (node:internal/stream_base_commons:152:3)
    at Socket._writeGeneric (node:net:958:11)
    at Socket._write (node:net:970:8)
    at writeOrBuffer (node:internal/streams/writable:572:12)
    at _write (node:internal/streams/writable:501:10)
    at Writable.write (node:internal/streams/writable:510:10)
    at Console.log (/home/drseuss/.cache/firebase/tools/lib/node_modules/winston/lib/winston/transports/console.js:87:23)
    at Console._write (/home/drseuss/.cache/firebase/tools/lib/node_modules/winston-transport/modern.js:103:17)
    at doWrite (/home/drseuss/.cache/firebase/tools/lib/node_modules/winston-transport/node_modules/readable-stream/lib/_stream_writable.js:390:139)
[error] 
[error] Error: An unexpected error has occurred.
[debug] [2026-08-27T16:54:34.279Z] Error: write EPIPE
    at afterWriteDispatched (node:internal/stream_base_commons:161:15)
    at writeGeneric (node:internal/stream_base_commons:152:3)
    at Socket._writeGeneric (node:net:958:11)
    at Socket._write (node:net:970:8)
    at writeOrBuffer (node:internal/streams/writable:572:12)
    at _write (node:internal/streams/writable:501:10)
    at Writable.write (node:internal/streams/writable:510:10)
    at Console.log (/home/drseuss/.cache/firebase/tools/lib/node_modules/winston/lib/winston/transports/console.js:87:23)
    at Console._write (/home/drseuss/.cache/firebase/tools/lib/node_modules/winston-transport/modern.js:103:17)
    at doWrite (/home/drseuss/.cache/firebase/tools/lib/node_modules/winston-transport/node_modules/readable-stream/lib/_stream_writable.js:390:139)
[error] 
[error] Error: An unexpected error has occurred.
[debug] [2026-08-27T16:54:34.279Z] Error: write EPIPE
    at afterWriteDispatched (node:internal/stream_base_commons:161:15)
    at writeGeneric (node:internal/stream_base_commons:152:3)
    at Socket._writeGeneric (node:net:958:11)
    at Socket._write (node:net:970:8)
    at writeOrBuffer (node:internal/streams/writable:572:12)
    at _write (node:internal/streams/writable:501:10)
    at Writable.write (node:internal/streams/writable:510:10)
    at Console.log (/home/drseuss/.cache/firebase/tools/lib/node_modules/winston/lib/winston/transports/console.js:87:23)
    at Console._write (/home/drseuss/.cache/firebase/tools/lib/node_modules/winston-transport/modern.js:103:17)
    at doWrite (/home/drseuss/.cache/firebase/tools/lib/node_modules/winston-transport/node_modules/readable-stream/lib/_stream_writable.js:390:139)
[error] 
[error] Error: An unexpected error has occurred.
[debug] [2026-08-27T16:54:34.279Z] Error: write EPIPE
    at afterWriteDispatched (node:internal/stream_base_commons:161:15)
    at writeGeneric (node:internal/stream_base_commons:152:3)
    at Socket._writeGeneric (node:net:958:11)
    at Socket._write (node:net:970:8)
    at writeOrBuffer (node:internal/streams/writable:572:12)
    at _write (node:internal/streams/writable:501:10)
    at Writable.write (node:internal/streams/writable:510:10)
    at Console.log (/home/drseuss/.cache/firebase/tools/lib/node_modules/winston/lib/winston/transports/console.js:87:23)
    at Console._write (/home/drseuss/.cache/firebase/tools/lib/node_modules/winston-transport/modern.js:103:17)
    at doWrite (/home/drseuss/.cache/firebase/tools/lib/node_modules/winston-transport/node_modules/readable-stream/lib/_stream_writable.js:390:139)
[error] 
[error] Error: An unexpected error has occurred.
[debug] [2026-08-27T16:54:34.279Z] Error: write EPIPE
    at afterWriteDispatched (node:internal/stream_base_commons:161:15)
    at writeGeneric (node:internal/stream_base_commons:152:3)
    at Socket._writeGeneric (node:net:958:11)
    at Socket._write (node:net:970:8)
    at writeOrBuffer (node:internal/streams/writable:572:12)
    at _write (node:internal/streams/writable:501:10)
    at Writable.write (node:internal/streams/writable:510:10)
    at Console.log (/home/drseuss/.cache/firebase/tools/lib/node_modules/winston/lib/winston/transports/console.js:87:23)
    at Console._write (/home/drseuss/.cache/firebase/tools/lib/node_modules/winston-transport/modern.js:103:17)
    at doWrite (/home/drseuss/.cache/firebase/tools/lib/node_modules/winston-transport/node_modules/readable-stream/lib/_stream_writable.js:390:139)
[error] 
[error] Error: An unexpected error has occurred.
[debug] [2026-08-27T16:54:34.280Z] Error: write EPIPE
    at afterWriteDispatched (node:internal/stream_base_commons:161:15)
    at writeGeneric (node:internal/stream_base_commons:152:3)
    at Socket._writeGeneric (node:net:958:11)
    at Socket._write (node:net:970:8)
    at writeOrBuffer (node:internal/streams/writable:572:12)
    at _write (node:internal/streams/writable:501:10)
    at Writable.write (node:internal/streams/writable:510:10)
    at Console.log (/home/drseuss/.cache/firebase/tools/lib/node_modules/winston/lib/winston/transports/console.js:87:23)
    at Console._write (/home/drseuss/.cache/firebase/tools/lib/node_modules/winston-transport/modern.js:103:17)
    at doWrite (/home/drseuss/.cache/firebase/tools/lib/node_modules/winston-transport/node_modules/readable-stream/lib/_stream_writable.js:390:139)
[error] 
[error] Error: An unexpected error has occurred.
[debug] [2026-08-27T16:54:34.280Z] Error: write EPIPE
    at afterWriteDispatched (node:internal/stream_base_commons:161:15)
    at writeGeneric (node:internal/stream_base_commons:152:3)
    at Socket._writeGeneric (node:net:958:11)
    at Socket._write (node:net:970:8)
    at writeOrBuffer (node:internal/streams/writable:572:12)
    at _write (node:internal/streams/writable:501:10)
    at Writable.write (node:internal/streams/writable:510:10)
    at Console.log (/home/drseuss/.cache/firebase/tools/lib/node_modules/winston/lib/winston/transports/console.js:87:23)
    at Console._write (/home/drseuss/.cache/firebase/tools/lib/node_modules/winston-transport/modern.js:103:17)
    at doWrite (/home/drseuss/.cache/firebase/tools/lib/node_modules/winston-transport/node_modules/readable-stream/lib/_stream_writable.js:390:139)
[error] 
[error] Error: An unexpected error has occurred.
[debug] [2026-08-27T16:54:34.280Z] Error: write EPIPE
    at afterWriteDispatched (node:internal/stream_base_commons:161:15)
    at writeGeneric (node:internal/stream_base_commons:152:3)
    at Socket._writeGeneric (node:net:958:11)
    at Socket._write (node:net:970:8)
    at writeOrBuffer (node:internal/streams/writable:572:12)
    at _write (node:internal/streams/writable:501:10)
    at Writable.write (node:internal/streams/writable:510:10)
    at Console.log (/home/drseuss/.cache/firebase/tools/lib/node_modules/winston/lib/winston/transports/console.js:87:23)
    at Console._write (/home/drseuss/.cache/firebase/tools/lib/node_modules/winston-transport/modern.js:103:17)
    at doWrite (/home/drseuss/.cache/firebase/tools/lib/node_modules/winston-transport/node_modules/readable-stream/lib/_stream_writable.js:390:139)
[error] 
[error] Error: An unexpected error has occurred.
[debug] [2026-08-27T16:54:34.280Z] Error: write EPIPE
    at afterWriteDispatched (node:internal/stream_base_commons:161:15)
    at writeGeneric (node:internal/stream_base_commons:152:3)
    at Socket._writeGeneric (node:net:958:11)
    at Socket._write (node:net:970:8)
    at writeOrBuffer (node:internal/streams/writable:572:12)
    at _write (node:internal/streams/writable:501:10)
    at Writable.write (node:internal/streams/writable:510:10)
    at Console.log (/home/drseuss/.cache/firebase/tools/lib/node_modules/winston/lib/winston/transports/console.js:87:23)
    at Console._write (/home/drseuss/.cache/firebase/tools/lib/node_modules/winston-transport/modern.js:103:17)
    at doWrite (/home/drseuss/.cache/firebase/tools/lib/node_modules/winston-transport/node_modules/readable-stream/lib/_stream_writable.js:390:139)
[error] 
[error] Error: An unexpected error has occurred.
[debug] [2026-08-27T16:54:34.280Z] Error: write EPIPE
    at afterWriteDispatched (node:internal/stream_base_commons:161:15)
    at writeGeneric (node:internal/stream_base_commons:152:3)
    at Socket._writeGeneric (node:net:958:11)
    at Socket._write (node:net:970:8)
    at writeOrBuffer (node:internal/streams/writable:572:12)
    at _write (node:internal/streams/writable:501:10)
    at Writable.write (node:internal/streams/writable:510:10)
    at Console.log (/home/drseuss/.cache/firebase/tools/lib/node_modules/winston/lib/winston/transports/console.js:87:23)
    at Console._write (/home/drseuss/.cache/firebase/tools/lib/node_modules/winston-transport/modern.js:103:17)
    at doWrite (/home/drseuss/.cache/firebase/tools/lib/node_modules/winston-transport/node_modules/readable-stream/lib/_stream_writable.js:390:139)
[error] 
[error] Error: An unexpected error has occurred.
[debug] [2026-08-27T16:54:34.281Z] Error: write EPIPE
    at afterWriteDispatched (node:internal/stream_base_commons:161:15)
    at writeGeneric (node:internal/stream_base_commons:152:3)
    at Socket._writeGeneric (node:net:958:11)
    at Socket._write (node:net:970:8)
    at writeOrBuffer (node:internal/streams/writable:572:12)
    at _write (node:internal/streams/writable:501:10)
    at Writable.write (node:internal/streams/writable:510:10)
    at Console.log (/home/drseuss/.cache/firebase/tools/lib/node_modules/winston/lib/winston/transports/console.js:87:23)
    at Console._write (/home/drseuss/.cache/firebase/tools/lib/node_modules/winston-transport/modern.js:103:17)
    at doWrite (/home/drseuss/.cache/firebase/tools/lib/node_modules/winston-transport/node_modules/readable-stream/lib/_stream_writable.js:390:139)
[error] 
[error] Error: An unexpected error has occurred.
[debug] [2026-08-27T16:54:34.281Z] Error: write EPIPE
    at afterWriteDispatched (node:internal/stream_base_commons:161:15)
    at writeGeneric (node:internal/stream_base_commons:152:3)
    at Socket._writeGeneric (node:net:958:11)
    at Socket._write (node:net:970:8)
    at writeOrBuffer (node:internal/streams/writable:572:12)
    at _write (node:internal/streams/writable:501:10)
    at Writable.write (node:internal/streams/writable:510:10)
    at Console.log (/home/drseuss/.cache/firebase/tools/lib/node_modules/winston/lib/winston/transports/console.js:87:23)
    at Console._write (/home/drseuss/.cache/firebase/tools/lib/node_modules/winston-transport/modern.js:103:17)
    at doWrite (/home/drseuss/.cache/firebase/tools/lib/node_modules/winston-transport/node_modules/readable-stream/lib/_stream_writable.js:390:139)
[error] 
[error] Error: An unexpected error has occurred.
[debug] [2026-08-27T16:54:34.281Z] Error: write EPIPE
    at afterWriteDispatched (node:internal/stream_base_commons:161:15)
    at writeGeneric (node:internal/stream_base_commons:152:3)
    at Socket._writeGeneric (node:net:958:11)
    at Socket._write (node:net:970:8)
    at writeOrBuffer (node:internal/streams/writable:572:12)
    at _write (node:internal/streams/writable:501:10)
    at Writable.write (node:internal/streams/writable:510:10)
    at Console.log (/home/drseuss/.cache/firebase/tools/lib/node_modules/winston/lib/winston/transports/console.js:87:23)
    at Console._write (/home/drseuss/.cache/firebase/tools/lib/node_modules/winston-transport/modern.js:103:17)
    at doWrite (/home/drseuss/.cache/firebase/tools/lib/node_modules/winston-transport/node_modules/readable-stream/lib/_stream_writable.js:390:139)
[error] 
[error] Error: An unexpected error has occurred.
[debug] [2026-08-27T16:54:34.281Z] Error: write EPIPE
    at afterWriteDispatched (node:internal/stream_base_commons:161:15)
    at writeGeneric (node:internal/stream_base_commons:152:3)
    at Socket._writeGeneric (node:net:958:11)
    at Socket._write (node:net:970:8)
    at writeOrBuffer (node:internal/streams/writable:572:12)
    at _write (node:internal/streams/writable:501:10)
    at Writable.write (node:internal/streams/writable:510:10)
    at Console.log (/home/drseuss/.cache/firebase/tools/lib/node_modules/winston/lib/winston/transports/console.js:87:23)
    at Console._write (/home/drseuss/.cache/firebase/tools/lib/node_modules/winston-transport/modern.js:103:17)
    at doWrite (/home/drseuss/.cache/firebase/tools/lib/node_modules/winston-transport/node_modules/readable-stream/lib/_stream_writable.js:390:139)
[error] 
[error] Error: An unexpected error has occurred.
[debug] [2026-08-27T16:54:34.282Z] Error: write EPIPE
    at afterWriteDispatched (node:internal/stream_base_commons:161:15)
    at writeGeneric (node:internal/stream_base_commons:152:3)
    at Socket._writeGeneric (node:net:958:11)
    at Socket._write (node:net:970:8)
    at writeOrBuffer (node:internal/streams/writable:572:12)
    at _write (node:internal/streams/writable:501:10)
    at Writable.write (node:internal/streams/writable:510:10)
    at Console.log (/home/drseuss/.cache/firebase/tools/lib/node_modules/winston/lib/winston/transports/console.js:87:23)
    at Console._write (/home/drseuss/.cache/firebase/tools/lib/node_modules/winston-transport/modern.js:103:17)
    at doWrite (/home/drseuss/.cache/firebase/tools/lib/node_modules/winston-transport/node_modules/readable-stream/lib/_stream_writable.js:390:139)
[error] 
[error] Error: An unexpected error has occurred.
[debug] [2026-08-27T16:54:34.282Z] Error: write EPIPE
    at afterWriteDispatched (node:internal/stream_base_commons:161:15)
    at writeGeneric (node:internal/stream_base_commons:152:3)
    at Socket._writeGeneric (node:net:958:11)
    at Socket._write (node:net:970:8)
    at writeOrBuffer (node:internal/streams/writable:572:12)
    at _write (node:internal/streams/writable:501:10)
    at Writable.write (node:internal/streams/writable:510:10)
    at Console.log (/home/drseuss/.cache/firebase/tools/lib/node_modules/winston/lib/winston/transports/console.js:87:23)
    at Console._write (/home/drseuss/.cache/firebase/tools/lib/node_modules/winston-transport/modern.js:103:17)
    at doWrite (/home/drseuss/.cache/firebase/tools/lib/node_modules/winston-transport/node_modules/readable-stream/lib/_stream_writable.js:390:139)
[error] 
[error] Error: An unexpected error has occurred.
[debug] [2026-08-27T16:54:34.283Z] Error: write EPIPE
    at afterWriteDispatched (node:internal/stream_base_commons:161:15)
    at writeGeneric (node:internal/stream_base_commons:152:3)
    at Socket._writeGeneric (node:net:958:11)
    at Socket._write (node:net:970:8)
    at writeOrBuffer (node:internal/streams/writable:572:12)
    at _write (node:internal/streams/writable:501:10)
    at Writable.write (node:internal/streams/writable:510:10)
    at Console.log (/home/drseuss/.cache/firebase/tools/lib/node_modules/winston/lib/winston/transports/console.js:87:23)
    at Console._write (/home/drseuss/.cache/firebase/tools/lib/node_modules/winston-transport/modern.js:103:17)
    at doWrite (/home/drseuss/.cache/firebase/tools/lib/node_modules/winston-transport/node_modules/readable-stream/lib/_stream_writable.js:390:139)
[error] 
[error] Error: An unexpected error has occurred.
[debug] [2026-08-27T16:54:34.283Z] Error: write EPIPE
    at afterWriteDispatched (node:internal/stream_base_commons:161:15)
    at writeGeneric (node:internal/stream_base_commons:152:3)
    at Socket._writeGeneric (node:net:958:11)
    at Socket._write (node:net:970:8)
    at writeOrBuffer (node:internal/streams/writable:572:12)
    at _write (node:internal/streams/writable:501:10)
    at Writable.write (node:internal/streams/writable:510:10)
    at Console.log (/home/drseuss/.cache/firebase/tools/lib/node_modules/winston/lib/winston/transports/console.js:87:23)
    at Console._write (/home/drseuss/.cache/firebase/tools/lib/node_modules/winston-transport/modern.js:103:17)
    at doWrite (/home/drseuss/.cache/firebase/tools/lib/node_modules/winston-transport/node_modules/readable-stream/lib/_stream_writable.js:390:139)
[error] 
[error] Error: An unexpected error has occurred.
[debug] [2026-08-27T16:54:34.283Z] Error: write EPIPE
    at afterWriteDispatched (node:internal/stream_base_commons:161:15)
    at writeGeneric (node:internal/stream_base_commons:152:3)
    at Socket._writeGeneric (node:net:958:11)
    at Socket._write (node:net:970:8)
    at writeOrBuffer (node:internal/streams/writable:572:12)
    at _write (node:internal/streams/writable:501:10)
    at Writable.write (node:internal/streams/writable:510:10)
    at Console.log (/home/drseuss/.cache/firebase/tools/lib/node_modules/winston/lib/winston/transports/console.js:87:23)
    at Console._write (/home/drseuss/.cache/firebase/tools/lib/node_modules/winston-transport/modern.js:103:17)
    at doWrite (/home/drseuss/.cache/firebase/tools/lib/node_modules/winston-transport/node_modules/readable-stream/lib/_stream_writable.js:390:139)
[error] 
[error] Error: An unexpected error has occurred.
[debug] [2026-08-27T16:54:34.283Z] Error: write EPIPE
    at afterWriteDispatched (node:internal/stream_base_commons:161:15)
    at writeGeneric (node:internal/stream_base_commons:152:3)
    at Socket._writeGeneric (node:net:958:11)
    at Socket._write (node:net:970:8)
    at writeOrBuffer (node:internal/streams/writable:572:12)
    at _write (node:internal/streams/writable:501:10)
    at Writable.write (node:internal/streams/writable:510:10)
    at Console.log (/home/drseuss/.cache/firebase/tools/lib/node_modules/winston/lib/winston/transports/console.js:87:23)
    at Console._write (/home/drseuss/.cache/firebase/tools/lib/node_modules/winston-transport/modern.js:103:17)
    at doWrite (/home/drseuss/.cache/firebase/tools/lib/node_modules/winston-transport/node_modules/readable-stream/lib/_stream_writable.js:390:139)
[error] 
[error] Error: An unexpected error has occurred.
[debug] [2026-08-27T16:54:34.285Z] Error: write EPIPE
    at afterWriteDispatched (node:internal/stream_base_commons:161:15)
    at writeGeneric (node:internal/stream_base_commons:152:3)
    at Socket._writeGeneric (node:net:958:11)
    at Socket._write (node:net:970:8)
    at writeOrBuffer (node:internal/streams/writable:572:12)
    at _write (node:internal/streams/writable:501:10)
    at Writable.write (node:internal/streams/writable:510:10)
    at Console.log (/home/drseuss/.cache/firebase/tools/lib/node_modules/winston/lib/winston/transports/console.js:87:23)
    at Console._write (/home/drseuss/.cache/firebase/tools/lib/node_modules/winston-transport/modern.js:103:17)
    at doWrite (/home/drseuss/.cache/firebase/tools/lib/node_modules/winston-transport/node_modules/readable-stream/lib/_stream_writable.js:390:139)
[error] 
[error] Error: An unexpected error has occurred.
[debug] [2026-08-27T16:54:34.286Z] Error: write EPIPE
    at afterWriteDispatched (node:internal/stream_base_commons:161:15)
    at writeGeneric (node:internal/stream_base_commons:152:3)
    at Socket._writeGeneric (node:net:958:11)
    at Socket._write (node:net:970:8)
    at writeOrBuffer (node:internal/streams/writable:572:12)
    at _write (node:internal/streams/writable:501:10)
    at Writable.write (node:internal/streams/writable:510:10)
    at Console.log (/home/drseuss/.cache/firebase/tools/lib/node_modules/winston/lib/winston/transports/console.js:87:23)
    at Console._write (/home/drseuss/.cache/firebase/tools/lib/node_modules/winston-transport/modern.js:103:17)
    at doWrite (/home/drseuss/.cache/firebase/tools/lib/node_modules/winston-transport/node_modules/readable-stream/lib/_stream_writable.js:390:139)
[error] 
[error] Error: An unexpected error has occurred.
[debug] [2026-08-27T16:54:34.286Z] Error: write EPIPE
    at afterWriteDispatched (node:internal/stream_base_commons:161:15)
    at writeGeneric (node:internal/stream_base_commons:152:3)
    at Socket._writeGeneric (node:net:958:11)
    at Socket._write (node:net:970:8)
    at writeOrBuffer (node:internal/streams/writable:572:12)
    at _write (node:internal/streams/writable:501:10)
    at Writable.write (node:internal/streams/writable:510:10)
    at Console.log (/home/drseuss/.cache/firebase/tools/lib/node_modules/winston/lib/winston/transports/console.js:87:23)
    at Console._write (/home/drseuss/.cache/firebase/tools/lib/node_modules/winston-transport/modern.js:103:17)
    at doWrite (/home/drseuss/.cache/firebase/tools/lib/node_modules/winston-transport/node_modules/readable-stream/lib/_stream_writable.js:390:139)
[error] 
[error] Error: An unexpected error has occurred.
[debug] [2026-08-27T16:54:34.286Z] Error: write EPIPE
    at afterWriteDispatched (node:internal/stream_base_commons:161:15)
    at writeGeneric (node:internal/stream_base_commons:152:3)
    at Socket._writeGeneric (node:net:958:11)
    at Socket._write (node:net:970:8)
    at writeOrBuffer (node:internal/streams/writable:572:12)
    at _write (node:internal/streams/writable:501:10)
    at Writable.write (node:internal/streams/writable:510:10)
    at Console.log (/home/drseuss/.cache/firebase/tools/lib/node_modules/winston/lib/winston/transports/console.js:87:23)
    at Console._write (/home/drseuss/.cache/firebase/tools/lib/node_modules/winston-transport/modern.js:103:17)
    at doWrite (/home/drseuss/.cache/firebase/tools/lib/node_modules/winston-transport/node_modules/readable-stream/lib/_stream_writable.js:390:139)
[error] 
[error] Error: An unexpected error has occurred.
[debug] [2026-08-27T16:54:34.286Z] Error: write EPIPE
    at afterWriteDispatched (node:internal/stream_base_commons:161:15)
    at writeGeneric (node:internal/stream_base_commons:152:3)
    at Socket._writeGeneric (node:net:958:11)
    at Socket._write (node:net:970:8)
    at writeOrBuffer (node:internal/streams/writable:572:12)
    at _write (node:internal/streams/writable:501:10)
    at Writable.write (node:internal/streams/writable:510:10)
    at Console.log (/home/drseuss/.cache/firebase/tools/lib/node_modules/winston/lib/winston/transports/console.js:87:23)
    at Console._write (/home/drseuss/.cache/firebase/tools/lib/node_modules/winston-transport/modern.js:103:17)
    at doWrite (/home/drseuss/.cache/firebase/tools/lib/node_modules/winston-transport/node_modules/readable-stream/lib/_stream_writable.js:390:139)
[error] 
[error] Error: An unexpected error has occurred.
[debug] [2026-08-27T16:54:34.287Z] Error: write EPIPE
    at afterWriteDispatched (node:internal/stream_base_commons:161:15)
    at writeGeneric (node:internal/stream_base_commons:152:3)
    at Socket._writeGeneric (node:net:958:11)
    at Socket._write (node:net:970:8)
    at writeOrBuffer (node:internal/streams/writable:572:12)
    at _write (node:internal/streams/writable:501:10)
    at Writable.write (node:internal/streams/writable:510:10)
    at Console.log (/home/drseuss/.cache/firebase/tools/lib/node_modules/winston/lib/winston/transports/console.js:87:23)
    at Console._write (/home/drseuss/.cache/firebase/tools/lib/node_modules/winston-transport/modern.js:103:17)
    at doWrite (/home/drseuss/.cache/firebase/tools/lib/node_modules/winston-transport/node_modules/readable-stream/lib/_stream_writable.js:390:139)
[error] 
[error] Error: An unexpected error has occurred.
[debug] [2026-08-27T16:54:34.287Z] Error: write EPIPE
    at afterWriteDispatched (node:internal/stream_base_commons:161:15)
    at writeGeneric (node:internal/stream_base_commons:152:3)
    at Socket._writeGeneric (node:net:958:11)
    at Socket._write (node:net:970:8)
    at writeOrBuffer (node:internal/streams/writable:572:12)
    at _write (node:internal/streams/writable:501:10)
    at Writable.write (node:internal/streams/writable:510:10)
    at Console.log (/home/drseuss/.cache/firebase/tools/lib/node_modules/winston/lib/winston/transports/console.js:87:23)
    at Console._write (/home/drseuss/.cache/firebase/tools/lib/node_modules/winston-transport/modern.js:103:17)
    at doWrite (/home/drseuss/.cache/firebase/tools/lib/node_modules/winston-transport/node_modules/readable-stream/lib/_stream_writable.js:390:139)
[error] 
[error] Error: An unexpected error has occurred.
[debug] [2026-08-27T16:54:34.287Z] Error: write EPIPE
    at afterWriteDispatched (node:internal/stream_base_commons:161:15)
    at writeGeneric (node:internal/stream_base_commons:152:3)
    at Socket._writeGeneric (node:net:958:11)
    at Socket._write (node:net:970:8)
    at writeOrBuffer (node:internal/streams/writable:572:12)
    at _write (node:internal/streams/writable:501:10)
    at Writable.write (node:internal/streams/writable:510:10)
    at Console.log (/home/drseuss/.cache/firebase/tools/lib/node_modules/winston/lib/winston/transports/console.js:87:23)
    at Console._write (/home/drseuss/.cache/firebase/tools/lib/node_modules/winston-transport/modern.js:103:17)
    at doWrite (/home/drseuss/.cache/firebase/tools/lib/node_modules/winston-transport/node_modules/readable-stream/lib/_stream_writable.js:390:139)
[error] 
[error] Error: An unexpected error has occurred.
[debug] [2026-08-27T16:54:34.287Z] Error: write EPIPE
    at afterWriteDispatched (node:internal/stream_base_commons:161:15)
    at writeGeneric (node:internal/stream_base_commons:152:3)
    at Socket._writeGeneric (node:net:958:11)
    at Socket._write (node:net:970:8)
    at writeOrBuffer (node:internal/streams/writable:572:12)
    at _write (node:internal/streams/writable:501:10)
    at Writable.write (node:internal/streams/writable:510:10)
    at Console.log (/home/drseuss/.cache/firebase/tools/lib/node_modules/winston/lib/winston/transports/console.js:87:23)
    at Console._write (/home/drseuss/.cache/firebase/tools/lib/node_modules/winston-transport/modern.js:103:17)
    at doWrite (/home/drseuss/.cache/firebase/tools/lib/node_modules/winston-transport/node_modules/readable-stream/lib/_stream_writable.js:390:139)
[error] 
[error] Error: An unexpected error has occurred.
[debug] [2026-08-27T16:54:34.287Z] Error: write EPIPE
    at afterWriteDispatched (node:internal/stream_base_commons:161:15)
    at writeGeneric (node:internal/stream_base_commons:152:3)
    at Socket._writeGeneric (node:net:958:11)
    at Socket._write (node:net:970:8)
    at writeOrBuffer (node:internal/streams/writable:572:12)
    at _write (node:internal/streams/writable:501:10)
    at Writable.write (node:internal/streams/writable:510:10)
    at Console.log (/home/drseuss/.cache/firebase/tools/lib/node_modules/winston/lib/winston/transports/console.js:87:23)
    at Console._write (/home/drseuss/.cache/firebase/tools/lib/node_modules/winston-transport/modern.js:103:17)
    at doWrite (/home/drseuss/.cache/firebase/tools/lib/node_modules/winston-transport/node_modules/readable-stream/lib/_stream_writable.js:390:139)
[error] 
[error] Error: An unexpected error has occurred.
[debug] [2026-08-27T16:54:34.287Z] Error: write EPIPE
    at afterWriteDispatched (node:internal/stream_base_commons:161:15)
    at writeGeneric (node:internal/stream_base_commons:152:3)
    at Socket._writeGeneric (node:net:958:11)
    at Socket._write (node:net:970:8)
    at writeOrBuffer (node:internal/streams/writable:572:12)
    at _write (node:internal/streams/writable:501:10)
    at Writable.write (node:internal/streams/writable:510:10)
    at Console.log (/home/drseuss/.cache/firebase/tools/lib/node_modules/winston/lib/winston/transports/console.js:87:23)
    at Console._write (/home/drseuss/.cache/firebase/tools/lib/node_modules/winston-transport/modern.js:103:17)
    at doWrite (/home/drseuss/.cache/firebase/tools/lib/node_modules/winston-transport/node_modules/readable-stream/lib/_stream_writable.js:390:139)
[error] 
[error] Error: An unexpected error has occurred.
[debug] [2026-08-27T16:54:34.288Z] Error: write EPIPE
    at afterWriteDispatched (node:internal/stream_base_commons:161:15)
    at writeGeneric (node:internal/stream_base_commons:152:3)
    at Socket._writeGeneric (node:net:958:11)
    at Socket._write (node:net:970:8)
    at writeOrBuffer (node:internal/streams/writable:572:12)
    at _write (node:internal/streams/writable:501:10)
    at Writable.write (node:internal/streams/writable:510:10)
    at Console.log (/home/drseuss/.cache/firebase/tools/lib/node_modules/winston/lib/winston/transports/console.js:87:23)
    at Console._write (/home/drseuss/.cache/firebase/tools/lib/node_modules/winston-transport/modern.js:103:17)
    at doWrite (/home/drseuss/.cache/firebase/tools/lib/node_modules/winston-transport/node_modules/readable-stream/lib/_stream_writable.js:390:139)
[error] 
[error] Error: An unexpected error has occurred.
[debug] [2026-08-27T16:54:34.288Z] Error: write EPIPE
    at afterWriteDispatched (node:internal/stream_base_commons:161:15)
    at writeGeneric (node:internal/stream_base_commons:152:3)
    at Socket._writeGeneric (node:net:958:11)
    at Socket._write (node:net:970:8)
    at writeOrBuffer (node:internal/streams/writable:572:12)
    at _write (node:internal/streams/writable:501:10)
    at Writable.write (node:internal/streams/writable:510:10)
    at Console.log (/home/drseuss/.cache/firebase/tools/lib/node_modules/winston/lib/winston/transports/console.js:87:23)
    at Console._write (/home/drseuss/.cache/firebase/tools/lib/node_modules/winston-transport/modern.js:103:17)
    at doWrite (/home/drseuss/.cache/firebase/tools/lib/node_modules/winston-transport/node_modules/readable-stream/lib/_stream_writable.js:390:139)
[error] 
[error] Error: An unexpected error has occurred.
[debug] [2026-08-27T16:54:34.294Z] Error: write EPIPE
    at afterWriteDispatched (node:internal/stream_base_commons:161:15)
    at writeGeneric (node:internal/stream_base_commons:152:3)
    at Socket._writeGeneric (node:net:958:11)
    at Socket._write (node:net:970:8)
    at writeOrBuffer (node:internal/streams/writable:572:12)
    at _write (node:internal/streams/writable:501:10)
    at Writable.write (node:internal/streams/writable:510:10)
    at Console.log (/home/drseuss/.cache/firebase/tools/lib/node_modules/winston/lib/winston/transports/console.js:87:23)
    at Console._write (/home/drseuss/.cache/firebase/tools/lib/node_modules/winston-transport/modern.js:103:17)
    at doWrite (/home/drseuss/.cache/firebase/tools/lib/node_modules/winston-transport/node_modules/readable-stream/lib/_stream_writable.js:390:139)
[error] 
[error] Error: An unexpected error has occurred.
[debug] [2026-08-27T16:54:34.294Z] Error: write EPIPE
    at afterWriteDispatched (node:internal/stream_base_commons:161:15)
    at writeGeneric (node:internal/stream_base_commons:152:3)
    at Socket._writeGeneric (node:net:958:11)
    at Socket._write (node:net:970:8)
    at writeOrBuffer (node:internal/streams/writable:572:12)
    at _write (node:internal/streams/writable:501:10)
    at Writable.write (node:internal/streams/writable:510:10)
    at Console.log (/home/drseuss/.cache/firebase/tools/lib/node_modules/winston/lib/winston/transports/console.js:87:23)
    at Console._write (/home/drseuss/.cache/firebase/tools/lib/node_modules/winston-transport/modern.js:103:17)
    at doWrite (/home/drseuss/.cache/firebase/tools/lib/node_modules/winston-transport/node_modules/readable-stream/lib/_stream_writable.js:390:139)
[error] 
[error] Error: An unexpected error has occurred.
[debug] [2026-08-27T16:54:34.294Z] Error: write EPIPE
    at afterWriteDispatched (node:internal/stream_base_commons:161:15)
    at writeGeneric (node:internal/stream_base_commons:152:3)
    at Socket._writeGeneric (node:net:958:11)
    at Socket._write (node:net:970:8)
    at writeOrBuffer (node:internal/streams/writable:572:12)
    at _write (node:internal/streams/writable:501:10)
    at Writable.write (node:internal/streams/writable:510:10)
    at Console.log (/home/drseuss/.cache/firebase/tools/lib/node_modules/winston/lib/winston/transports/console.js:87:23)
    at Console._write (/home/drseuss/.cache/firebase/tools/lib/node_modules/winston-transport/modern.js:103:17)
    at doWrite (/home/drseuss/.cache/firebase/tools/lib/node_modules/winston-transport/node_modules/readable-stream/lib/_stream_writable.js:390:139)
[error] 
[error] Error: An unexpected error has occurred.
[debug] [2026-08-27T16:54:34.294Z] Error: write EPIPE
    at afterWriteDispatched (node:internal/stream_base_commons:161:15)
    at writeGeneric (node:internal/stream_base_commons:152:3)
    at Socket._writeGeneric (node:net:958:11)
    at Socket._write (node:net:970:8)
    at writeOrBuffer (node:internal/streams/writable:572:12)
    at _write (node:internal/streams/writable:501:10)
    at Writable.write (node:internal/streams/writable:510:10)
    at Console.log (/home/drseuss/.cache/firebase/tools/lib/node_modules/winston/lib/winston/transports/console.js:87:23)
    at Console._write (/home/drseuss/.cache/firebase/tools/lib/node_modules/winston-transport/modern.js:103:17)
    at doWrite (/home/drseuss/.cache/firebase/tools/lib/node_modules/winston-transport/node_modules/readable-stream/lib/_stream_writable.js:390:139)
[error] 
[error] Error: An unexpected error has occurred.
[debug] [2026-08-27T16:54:34.295Z] Error: write EPIPE
    at afterWriteDispatched (node:internal/stream_base_commons:161:15)
    at writeGeneric (node:internal/stream_base_commons:152:3)
    at Socket._writeGeneric (node:net:958:11)
    at Socket._write (node:net:970:8)
    at writeOrBuffer (node:internal/streams/writable:572:12)
    at _write (node:internal/streams/writable:501:10)
    at Writable.write (node:internal/streams/writable:510:10)
    at Console.log (/home/drseuss/.cache/firebase/tools/lib/node_modules/winston/lib/winston/transports/console.js:87:23)
    at Console._write (/home/drseuss/.cache/firebase/tools/lib/node_modules/winston-transport/modern.js:103:17)
    at doWrite (/home/drseuss/.cache/firebase/tools/lib/node_modules/winston-transport/node_modules/readable-stream/lib/_stream_writable.js:390:139)
[error] 
[error] Error: An unexpected error has occurred.
[debug] [2026-08-27T16:54:34.295Z] Error: write EPIPE
    at afterWriteDispatched (node:internal/stream_base_commons:161:15)
    at writeGeneric (node:internal/stream_base_commons:152:3)
    at Socket._writeGeneric (node:net:958:11)
    at Socket._write (node:net:970:8)
    at writeOrBuffer (node:internal/streams/writable:572:12)
    at _write (node:internal/streams/writable:501:10)
    at Writable.write (node:internal/streams/writable:510:10)
    at Console.log (/home/drseuss/.cache/firebase/tools/lib/node_modules/winston/lib/winston/transports/console.js:87:23)
    at Console._write (/home/drseuss/.cache/firebase/tools/lib/node_modules/winston-transport/modern.js:103:17)
    at doWrite (/home/drseuss/.cache/firebase/tools/lib/node_modules/winston-transport/node_modules/readable-stream/lib/_stream_writable.js:390:139)
[error] 
[error] Error: An unexpected error has occurred.
[debug] [2026-08-27T16:54:34.295Z] Error: write EPIPE
    at afterWriteDispatched (node:internal/stream_base_commons:161:15)
    at writeGeneric (node:internal/stream_base_commons:152:3)
    at Socket._writeGeneric (node:net:958:11)
    at Socket._write (node:net:970:8)
    at writeOrBuffer (node:internal/streams/writable:572:12)
    at _write (node:internal/streams/writable:501:10)
    at Writable.write (node:internal/streams/writable:510:10)
    at Console.log (/home/drseuss/.cache/firebase/tools/lib/node_modules/winston/lib/winston/transports/console.js:87:23)
    at Console._write (/home/drseuss/.cache/firebase/tools/lib/node_modules/winston-transport/modern.js:103:17)
    at doWrite (/home/drseuss/.cache/firebase/tools/lib/node_modules/winston-transport/node_modules/readable-stream/lib/_stream_writable.js:390:139)
[error] 
[error] Error: An unexpected error has occurred.
[debug] [2026-08-27T16:54:34.295Z] Error: write EPIPE
    at afterWriteDispatched (node:internal/stream_base_commons:161:15)
    at writeGeneric (node:internal/stream_base_commons:152:3)
    at Socket._writeGeneric (node:net:958:11)
    at Socket._write (node:net:970:8)
    at writeOrBuffer (node:internal/streams/writable:572:12)
    at _write (node:internal/streams/writable:501:10)
    at Writable.write (node:internal/streams/writable:510:10)
    at Console.log (/home/drseuss/.cache/firebase/tools/lib/node_modules/winston/lib/winston/transports/console.js:87:23)
    at Console._write (/home/drseuss/.cache/firebase/tools/lib/node_modules/winston-transport/modern.js:103:17)
    at doWrite (/home/drseuss/.cache/firebase/tools/lib/node_modules/winston-transport/node_modules/readable-stream/lib/_stream_writable.js:390:139)
[error] 
[error] Error: An unexpected error has occurred.
[debug] [2026-08-27T16:54:34.295Z] Error: write EPIPE
    at afterWriteDispatched (node:internal/stream_base_commons:161:15)
    at writeGeneric (node:internal/stream_base_commons:152:3)
    at Socket._writeGeneric (node:net:958:11)
    at Socket._write (node:net:970:8)
    at writeOrBuffer (node:internal/streams/writable:572:12)
    at _write (node:internal/streams/writable:501:10)
    at Writable.write (node:internal/streams/writable:510:10)
    at Console.log (/home/drseuss/.cache/firebase/tools/lib/node_modules/winston/lib/winston/transports/console.js:87:23)
    at Console._write (/home/drseuss/.cache/firebase/tools/lib/node_modules/winston-transport/modern.js:103:17)
    at doWrite (/home/drseuss/.cache/firebase/tools/lib/node_modules/winston-transport/node_modules/readable-stream/lib/_stream_writable.js:390:139)
[error] 
[error] Error: An unexpected error has occurred.
[debug] [2026-08-27T16:54:34.295Z] Error: write EPIPE
    at afterWriteDispatched (node:internal/stream_base_commons:161:15)
    at writeGeneric (node:internal/stream_base_commons:152:3)
    at Socket._writeGeneric (node:net:958:11)
    at Socket._write (node:net:970:8)
    at writeOrBuffer (node:internal/streams/writable:572:12)
    at _write (node:internal/streams/writable:501:10)
    at Writable.write (node:internal/streams/writable:510:10)
    at Console.log (/home/drseuss/.cache/firebase/tools/lib/node_modules/winston/lib/winston/transports/console.js:87:23)
    at Console._write (/home/drseuss/.cache/firebase/tools/lib/node_modules/winston-transport/modern.js:103:17)
    at doWrite (/home/drseuss/.cache/firebase/tools/lib/node_modules/winston-transport/node_modules/readable-stream/lib/_stream_writable.js:390:139)
[error] 
[error] Error: An unexpected error has occurred.
[debug] [2026-08-27T16:54:34.296Z] Error: write EPIPE
    at afterWriteDispatched (node:internal/stream_base_commons:161:15)
    at writeGeneric (node:internal/stream_base_commons:152:3)
    at Socket._writeGeneric (node:net:958:11)
    at Socket._write (node:net:970:8)
    at writeOrBuffer (node:internal/streams/writable:572:12)
    at _write (node:internal/streams/writable:501:10)
    at Writable.write (node:internal/streams/writable:510:10)
    at Console.log (/home/drseuss/.cache/firebase/tools/lib/node_modules/winston/lib/winston/transports/console.js:87:23)
    at Console._write (/home/drseuss/.cache/firebase/tools/lib/node_modules/winston-transport/modern.js:103:17)
    at doWrite (/home/drseuss/.cache/firebase/tools/lib/node_modules/winston-transport/node_modules/readable-stream/lib/_stream_writable.js:390:139)
[error] 
[error] Error: An unexpected error has occurred.
[debug] [2026-08-27T16:54:34.296Z] Error: write EPIPE
    at afterWriteDispatched (node:internal/stream_base_commons:161:15)
    at writeGeneric (node:internal/stream_base_commons:152:3)
    at Socket._writeGeneric (node:net:958:11)
    at Socket._write (node:net:970:8)
    at writeOrBuffer (node:internal/streams/writable:572:12)
    at _write (node:internal/streams/writable:501:10)
    at Writable.write (node:internal/streams/writable:510:10)
    at Console.log (/home/drseuss/.cache/firebase/tools/lib/node_modules/winston/lib/winston/transports/console.js:87:23)
    at Console._write (/home/drseuss/.cache/firebase/tools/lib/node_modules/winston-transport/modern.js:103:17)
    at doWrite (/home/drseuss/.cache/firebase/tools/lib/node_modules/winston-transport/node_modules/readable-stream/lib/_stream_writable.js:390:139)
[error] 
[error] Error: An unexpected error has occurred.
[debug] [2026-08-27T16:54:34.296Z] Error: write EPIPE
    at afterWriteDispatched (node:internal/stream_base_commons:161:15)
    at writeGeneric (node:internal/stream_base_commons:152:3)
    at Socket._writeGeneric (node:net:958:11)
    at Socket._write (node:net:970:8)
    at writeOrBuffer (node:internal/streams/writable:572:12)
    at _write (node:internal/streams/writable:501:10)
    at Writable.write (node:internal/streams/writable:510:10)
    at Console.log (/home/drseuss/.cache/firebase/tools/lib/node_modules/winston/lib/winston/transports/console.js:87:23)
    at Console._write (/home/drseuss/.cache/firebase/tools/lib/node_modules/winston-transport/modern.js:103:17)
    at doWrite (/home/drseuss/.cache/firebase/tools/lib/node_modules/winston-transport/node_modules/readable-stream/lib/_stream_writable.js:390:139)
[error] 
[error] Error: An unexpected error has occurred.
[debug] [2026-08-27T16:54:34.296Z] Error: write EPIPE
    at afterWriteDispatched (node:internal/stream_base_commons:161:15)
    at writeGeneric (node:internal/stream_base_commons:152:3)
    at Socket._writeGeneric (node:net:958:11)
    at Socket._write (node:net:970:8)
    at writeOrBuffer (node:internal/streams/writable:572:12)
    at _write (node:internal/streams/writable:501:10)
    at Writable.write (node:internal/streams/writable:510:10)
    at Console.log (/home/drseuss/.cache/firebase/tools/lib/node_modules/winston/lib/winston/transports/console.js:87:23)
    at Console._write (/home/drseuss/.cache/firebase/tools/lib/node_modules/winston-transport/modern.js:103:17)
    at doWrite (/home/drseuss/.cache/firebase/tools/lib/node_modules/winston-transport/node_modules/readable-stream/lib/_stream_writable.js:390:139)
[error] 
[error] Error: An unexpected error has occurred.
[debug] [2026-08-27T16:54:34.296Z] Error: write EPIPE
    at afterWriteDispatched (node:internal/stream_base_commons:161:15)
    at writeGeneric (node:internal/stream_base_commons:152:3)
    at Socket._writeGeneric (node:net:958:11)
    at Socket._write (node:net:970:8)
    at writeOrBuffer (node:internal/streams/writable:572:12)
    at _write (node:internal/streams/writable:501:10)
    at Writable.write (node:internal/streams/writable:510:10)
    at Console.log (/home/drseuss/.cache/firebase/tools/lib/node_modules/winston/lib/winston/transports/console.js:87:23)
    at Console._write (/home/drseuss/.cache/firebase/tools/lib/node_modules/winston-transport/modern.js:103:17)
    at doWrite (/home/drseuss/.cache/firebase/tools/lib/node_modules/winston-transport/node_modules/readable-stream/lib/_stream_writable.js:390:139)
[error] 
[error] Error: An unexpected error has occurred.
[debug] [2026-08-27T16:54:34.296Z] Error: write EPIPE
    at afterWriteDispatched (node:internal/stream_base_commons:161:15)
    at writeGeneric (node:internal/stream_base_commons:152:3)
    at Socket._writeGeneric (node:net:958:11)
    at Socket._write (node:net:970:8)
    at writeOrBuffer (node:internal/streams/writable:572:12)
    at _write (node:internal/streams/writable:501:10)
    at Writable.write (node:internal/streams/writable:510:10)
    at Console.log (/home/drseuss/.cache/firebase/tools/lib/node_modules/winston/lib/winston/transports/console.js:87:23)
    at Console._write (/home/drseuss/.cache/firebase/tools/lib/node_modules/winston-transport/modern.js:103:17)
    at doWrite (/home/drseuss/.cache/firebase/tools/lib/node_modules/winston-transport/node_modules/readable-stream/lib/_stream_writable.js:390:139)
[error] 
[error] Error: An unexpected error has occurred.
[debug] [2026-08-27T16:54:34.297Z] Error: write EPIPE
    at afterWriteDispatched (node:internal/stream_base_commons:161:15)
    at writeGeneric (node:internal/stream_base_commons:152:3)
    at Socket._writeGeneric (node:net:958:11)
    at Socket._write (node:net:970:8)
    at writeOrBuffer (node:internal/streams/writable:572:12)
    at _write (node:internal/streams/writable:501:10)
    at Writable.write (node:internal/streams/writable:510:10)
    at Console.log (/home/drseuss/.cache/firebase/tools/lib/node_modules/winston/lib/winston/transports/console.js:87:23)
    at Console._write (/home/drseuss/.cache/firebase/tools/lib/node_modules/winston-transport/modern.js:103:17)
    at doWrite (/home/drseuss/.cache/firebase/tools/lib/node_modules/winston-transport/node_modules/readable-stream/lib/_stream_writable.js:390:139)
[error] 
[error] Error: An unexpected error has occurred.
[debug] [2026-08-27T16:54:34.297Z] Error: write EPIPE
    at afterWriteDispatched (node:internal/stream_base_commons:161:15)
    at writeGeneric (node:internal/stream_base_commons:152:3)
    at Socket._writeGeneric (node:net:958:11)
    at Socket._write (node:net:970:8)
    at writeOrBuffer (node:internal/streams/writable:572:12)
    at _write (node:internal/streams/writable:501:10)
    at Writable.write (node:internal/streams/writable:510:10)
    at Console.log (/home/drseuss/.cache/firebase/tools/lib/node_modules/winston/lib/winston/transports/console.js:87:23)
    at Console._write (/home/drseuss/.cache/firebase/tools/lib/node_modules/winston-transport/modern.js:103:17)
    at doWrite (/home/drseuss/.cache/firebase/tools/lib/node_modules/winston-transport/node_modules/readable-stream/lib/_stream_writable.js:390:139)
[error] 
[error] Error: An unexpected error has occurred.
[debug] [2026-08-27T16:54:34.297Z] Error: write EPIPE
    at afterWriteDispatched (node:internal/stream_base_commons:161:15)
    at writeGeneric (node:internal/stream_base_commons:152:3)
    at Socket._writeGeneric (node:net:958:11)
    at Socket._write (node:net:970:8)
    at writeOrBuffer (node:internal/streams/writable:572:12)
    at _write (node:internal/streams/writable:501:10)
    at Writable.write (node:internal/streams/writable:510:10)
    at Console.log (/home/drseuss/.cache/firebase/tools/lib/node_modules/winston/lib/winston/transports/console.js:87:23)
    at Console._write (/home/drseuss/.cache/firebase/tools/lib/node_modules/winston-transport/modern.js:103:17)
    at doWrite (/home/drseuss/.cache/firebase/tools/lib/node_modules/winston-transport/node_modules/readable-stream/lib/_stream_writable.js:390:139)
[error] 
[error] Error: An unexpected error has occurred.
[debug] [2026-08-27T16:54:34.298Z] Error: write EPIPE
    at afterWriteDispatched (node:internal/stream_base_commons:161:15)
    at writeGeneric (node:internal/stream_base_commons:152:3)
    at Socket._writeGeneric (node:net:958:11)
    at Socket._write (node:net:970:8)
    at writeOrBuffer (node:internal/streams/writable:572:12)
    at _write (node:internal/streams/writable:501:10)
    at Writable.write (node:internal/streams/writable:510:10)
    at Console.log (/home/drseuss/.cache/firebase/tools/lib/node_modules/winston/lib/winston/transports/console.js:87:23)
    at Console._write (/home/drseuss/.cache/firebase/tools/lib/node_modules/winston-transport/modern.js:103:17)
    at doWrite (/home/drseuss/.cache/firebase/tools/lib/node_modules/winston-transport/node_modules/readable-stream/lib/_stream_writable.js:390:139)
[error] 
[error] Error: An unexpected error has occurred.
[debug] [2026-08-27T16:54:34.298Z] Error: write EPIPE
    at afterWriteDispatched (node:internal/stream_base_commons:161:15)
    at writeGeneric (node:internal/stream_base_commons:152:3)
    at Socket._writeGeneric (node:net:958:11)
    at Socket._write (node:net:970:8)
    at writeOrBuffer (node:internal/streams/writable:572:12)
    at _write (node:internal/streams/writable:501:10)
    at Writable.write (node:internal/streams/writable:510:10)
    at Console.log (/home/drseuss/.cache/firebase/tools/lib/node_modules/winston/lib/winston/transports/console.js:87:23)
    at Console._write (/home/drseuss/.cache/firebase/tools/lib/node_modules/winston-transport/modern.js:103:17)
    at doWrite (/home/drseuss/.cache/firebase/tools/lib/node_modules/winston-transport/node_modules/readable-stream/lib/_stream_writable.js:390:139)
[error] 
[error] Error: An unexpected error has occurred.
[debug] [2026-08-27T16:54:34.298Z] Error: write EPIPE
    at afterWriteDispatched (node:internal/stream_base_commons:161:15)
    at writeGeneric (node:internal/stream_base_commons:152:3)
    at Socket._writeGeneric (node:net:958:11)
    at Socket._write (node:net:970:8)
    at writeOrBuffer (node:internal/streams/writable:572:12)
    at _write (node:internal/streams/writable:501:10)
    at Writable.write (node:internal/streams/writable:510:10)
    at Console.log (/home/drseuss/.cache/firebase/tools/lib/node_modules/winston/lib/winston/transports/console.js:87:23)
    at Console._write (/home/drseuss/.cache/firebase/tools/lib/node_modules/winston-transport/modern.js:103:17)
    at doWrite (/home/drseuss/.cache/firebase/tools/lib/node_modules/winston-transport/node_modules/readable-stream/lib/_stream_writable.js:390:139)
[error] 
[error] Error: An unexpected error has occurred.
[debug] [2026-08-27T16:54:34.298Z] Error: write EPIPE
    at afterWriteDispatched (node:internal/stream_base_commons:161:15)
    at writeGeneric (node:internal/stream_base_commons:152:3)
    at Socket._writeGeneric (node:net:958:11)
    at Socket._write (node:net:970:8)
    at writeOrBuffer (node:internal/streams/writable:572:12)
    at _write (node:internal/streams/writable:501:10)
    at Writable.write (node:internal/streams/writable:510:10)
    at Console.log (/home/drseuss/.cache/firebase/tools/lib/node_modules/winston/lib/winston/transports/console.js:87:23)
    at Console._write (/home/drseuss/.cache/firebase/tools/lib/node_modules/winston-transport/modern.js:103:17)
    at doWrite (/home/drseuss/.cache/firebase/tools/lib/node_modules/winston-transport/node_modules/readable-stream/lib/_stream_writable.js:390:139)
[error] 
[error] Error: An unexpected error has occurred.
[debug] [2026-08-27T16:54:34.299Z] Error: write EPIPE
    at afterWriteDispatched (node:internal/stream_base_commons:161:15)
    at writeGeneric (node:internal/stream_base_commons:152:3)
    at Socket._writeGeneric (node:net:958:11)
    at Socket._write (node:net:970:8)
    at writeOrBuffer (node:internal/streams/writable:572:12)
    at _write (node:internal/streams/writable:501:10)
    at Writable.write (node:internal/streams/writable:510:10)
    at Console.log (/home/drseuss/.cache/firebase/tools/lib/node_modules/winston/lib/winston/transports/console.js:87:23)
    at Console._write (/home/drseuss/.cache/firebase/tools/lib/node_modules/winston-transport/modern.js:103:17)
    at doWrite (/home/drseuss/.cache/firebase/tools/lib/node_modules/winston-transport/node_modules/readable-stream/lib/_stream_writable.js:390:139)
[error] 
[error] Error: An unexpected error has occurred.
[debug] [2026-08-27T16:54:34.299Z] Error: write EPIPE
    at afterWriteDispatched (node:internal/stream_base_commons:161:15)
    at writeGeneric (node:internal/stream_base_commons:152:3)
    at Socket._writeGeneric (node:net:958:11)
    at Socket._write (node:net:970:8)
    at writeOrBuffer (node:internal/streams/writable:572:12)
    at _write (node:internal/streams/writable:501:10)
    at Writable.write (node:internal/streams/writable:510:10)
    at Console.log (/home/drseuss/.cache/firebase/tools/lib/node_modules/winston/lib/winston/transports/console.js:87:23)
    at Console._write (/home/drseuss/.cache/firebase/tools/lib/node_modules/winston-transport/modern.js:103:17)
    at doWrite (/home/drseuss/.cache/firebase/tools/lib/node_modules/winston-transport/node_modules/readable-stream/lib/_stream_writable.js:390:139)
[error] 
[error] Error: An unexpected error has occurred.
[debug] [2026-08-27T16:54:34.299Z] Error: write EPIPE
    at afterWriteDispatched (node:internal/stream_base_commons:161:15)
    at writeGeneric (node:internal/stream_base_commons:152:3)
    at Socket._writeGeneric (node:net:958:11)
    at Socket._write (node:net:970:8)
    at writeOrBuffer (node:internal/streams/writable:572:12)
    at _write (node:internal/streams/writable:501:10)
    at Writable.write (node:internal/streams/writable:510:10)
    at Console.log (/home/drseuss/.cache/firebase/tools/lib/node_modules/winston/lib/winston/transports/console.js:87:23)
    at Console._write (/home/drseuss/.cache/firebase/tools/lib/node_modules/winston-transport/modern.js:103:17)
    at doWrite (/home/drseuss/.cache/firebase/tools/lib/node_modules/winston-transport/node_modules/readable-stream/lib/_stream_writable.js:390:139)
[error] 
[error] Error: An unexpected error has occurred.
[debug] [2026-08-27T16:54:34.299Z] Error: write EPIPE
    at afterWriteDispatched (node:internal/stream_base_commons:161:15)
    at writeGeneric (node:internal/stream_base_commons:152:3)
    at Socket._writeGeneric (node:net:958:11)
    at Socket._write (node:net:970:8)
    at writeOrBuffer (node:internal/streams/writable:572:12)
    at _write (node:internal/streams/writable:501:10)
    at Writable.write (node:internal/streams/writable:510:10)
    at Console.log (/home/drseuss/.cache/firebase/tools/lib/node_modules/winston/lib/winston/transports/console.js:87:23)
    at Console._write (/home/drseuss/.cache/firebase/tools/lib/node_modules/winston-transport/modern.js:103:17)
    at doWrite (/home/drseuss/.cache/firebase/tools/lib/node_modules/winston-transport/node_modules/readable-stream/lib/_stream_writable.js:390:139)
[error] 
[error] Error: An unexpected error has occurred.
[debug] [2026-08-27T16:54:34.300Z] Error: write EPIPE
    at afterWriteDispatched (node:internal/stream_base_commons:161:15)
    at writeGeneric (node:internal/stream_base_commons:152:3)
    at Socket._writeGeneric (node:net:958:11)
    at Socket._write (node:net:970:8)
    at writeOrBuffer (node:internal/streams/writable:572:12)
    at _write (node:internal/streams/writable:501:10)
    at Writable.write (node:internal/streams/writable:510:10)
    at Console.log (/home/drseuss/.cache/firebase/tools/lib/node_modules/winston/lib/winston/transports/console.js:87:23)
    at Console._write (/home/drseuss/.cache/firebase/tools/lib/node_modules/winston-transport/modern.js:103:17)
    at doWrite (/home/drseuss/.cache/firebase/tools/lib/node_modules/winston-transport/node_modules/readable-stream/lib/_stream_writable.js:390:139)
[error] 
[error] Error: An unexpected error has occurred.
[debug] [2026-08-27T16:54:34.300Z] Error: write EPIPE
    at afterWriteDispatched (node:internal/stream_base_commons:161:15)
    at writeGeneric (node:internal/stream_base_commons:152:3)
    at Socket._writeGeneric (node:net:958:11)
    at Socket._write (node:net:970:8)
    at writeOrBuffer (node:internal/streams/writable:572:12)
    at _write (node:internal/streams/writable:501:10)
    at Writable.write (node:internal/streams/writable:510:10)
    at Console.log (/home/drseuss/.cache/firebase/tools/lib/node_modules/winston/lib/winston/transports/console.js:87:23)
    at Console._write (/home/drseuss/.cache/firebase/tools/lib/node_modules/winston-transport/modern.js:103:17)
    at doWrite (/home/drseuss/.cache/firebase/tools/lib/node_modules/winston-transport/node_modules/readable-stream/lib/_stream_writable.js:390:139)
[error] 
[error] Error: An unexpected error has occurred.
[debug] [2026-08-27T16:54:34.300Z] Error: write EPIPE
    at afterWriteDispatched (node:internal/stream_base_commons:161:15)
    at writeGeneric (node:internal/stream_base_commons:152:3)
    at Socket._writeGeneric (node:net:958:11)
    at Socket._write (node:net:970:8)
    at writeOrBuffer (node:internal/streams/writable:572:12)
    at _write (node:internal/streams/writable:501:10)
    at Writable.write (node:internal/streams/writable:510:10)
    at Console.log (/home/drseuss/.cache/firebase/tools/lib/node_modules/winston/lib/winston/transports/console.js:87:23)
    at Console._write (/home/drseuss/.cache/firebase/tools/lib/node_modules/winston-transport/modern.js:103:17)
    at doWrite (/home/drseuss/.cache/firebase/tools/lib/node_modules/winston-transport/node_modules/readable-stream/lib/_stream_writable.js:390:139)
[error] 
[error] Error: An unexpected error has occurred.
[debug] [2026-08-27T16:54:34.300Z] Error: write EPIPE
    at afterWriteDispatched (node:internal/stream_base_commons:161:15)
    at writeGeneric (node:internal/stream_base_commons:152:3)
    at Socket._writeGeneric (node:net:958:11)
    at Socket._write (node:net:970:8)
    at writeOrBuffer (node:internal/streams/writable:572:12)
    at _write (node:internal/streams/writable:501:10)
    at Writable.write (node:internal/streams/writable:510:10)
    at Console.log (/home/drseuss/.cache/firebase/tools/lib/node_modules/winston/lib/winston/transports/console.js:87:23)
    at Console._write (/home/drseuss/.cache/firebase/tools/lib/node_modules/winston-transport/modern.js:103:17)
    at doWrite (/home/drseuss/.cache/firebase/tools/lib/node_modules/winston-transport/node_modules/readable-stream/lib/_stream_writable.js:390:139)
[error] 
[error] Error: An unexpected error has occurred.
[debug] [2026-08-27T16:54:34.300Z] Error: write EPIPE
    at afterWriteDispatched (node:internal/stream_base_commons:161:15)
    at writeGeneric (node:internal/stream_base_commons:152:3)
    at Socket._writeGeneric (node:net:958:11)
    at Socket._write (node:net:970:8)
    at writeOrBuffer (node:internal/streams/writable:572:12)
    at _write (node:internal/streams/writable:501:10)
    at Writable.write (node:internal/streams/writable:510:10)
    at Console.log (/home/drseuss/.cache/firebase/tools/lib/node_modules/winston/lib/winston/transports/console.js:87:23)
    at Console._write (/home/drseuss/.cache/firebase/tools/lib/node_modules/winston-transport/modern.js:103:17)
    at doWrite (/home/drseuss/.cache/firebase/tools/lib/node_modules/winston-transport/node_modules/readable-stream/lib/_stream_writable.js:390:139)
[error] 
[error] Error: An unexpected error has occurred.
[debug] [2026-08-27T16:54:34.301Z] Error: write EPIPE
    at afterWriteDispatched (node:internal/stream_base_commons:161:15)
    at writeGeneric (node:internal/stream_base_commons:152:3)
    at Socket._writeGeneric (node:net:958:11)
    at Socket._write (node:net:970:8)
    at writeOrBuffer (node:internal/streams/writable:572:12)
    at _write (node:internal/streams/writable:501:10)
    at Writable.write (node:internal/streams/writable:510:10)
    at Console.log (/home/drseuss/.cache/firebase/tools/lib/node_modules/winston/lib/winston/transports/console.js:87:23)
    at Console._write (/home/drseuss/.cache/firebase/tools/lib/node_modules/winston-transport/modern.js:103:17)
    at doWrite (/home/drseuss/.cache/firebase/tools/lib/node_modules/winston-transport/node_modules/readable-stream/lib/_stream_writable.js:390:139)
[error] 
[error] Error: An unexpected error has occurred.
[debug] [2026-08-27T16:54:34.301Z] Error: write EPIPE
    at afterWriteDispatched (node:internal/stream_base_commons:161:15)
    at writeGeneric (node:internal/stream_base_commons:152:3)
    at Socket._writeGeneric (node:net:958:11)
    at Socket._write (node:net:970:8)
    at writeOrBuffer (node:internal/streams/writable:572:12)
    at _write (node:internal/streams/writable:501:10)
    at Writable.write (node:internal/streams/writable:510:10)
    at Console.log (/home/drseuss/.cache/firebase/tools/lib/node_modules/winston/lib/winston/transports/console.js:87:23)
    at Console._write (/home/drseuss/.cache/firebase/tools/lib/node_modules/winston-transport/modern.js:103:17)
    at doWrite (/home/drseuss/.cache/firebase/tools/lib/node_modules/winston-transport/node_modules/readable-stream/lib/_stream_writable.js:390:139)
[error] 
[error] Error: An unexpected error has occurred.
[debug] [2026-08-27T16:54:34.301Z] Error: write EPIPE
    at afterWriteDispatched (node:internal/stream_base_commons:161:15)
    at writeGeneric (node:internal/stream_base_commons:152:3)
    at Socket._writeGeneric (node:net:958:11)
    at Socket._write (node:net:970:8)
    at writeOrBuffer (node:internal/streams/writable:572:12)
    at _write (node:internal/streams/writable:501:10)
    at Writable.write (node:internal/streams/writable:510:10)
    at Console.log (/home/drseuss/.cache/firebase/tools/lib/node_modules/winston/lib/winston/transports/console.js:87:23)
    at Console._write (/home/drseuss/.cache/firebase/tools/lib/node_modules/winston-transport/modern.js:103:17)
    at doWrite (/home/drseuss/.cache/firebase/tools/lib/node_modules/winston-transport/node_modules/readable-stream/lib/_stream_writable.js:390:139)
[error] 
[error] Error: An unexpected error has occurred.
[debug] [2026-08-27T16:54:34.301Z] Error: write EPIPE
    at afterWriteDispatched (node:internal/stream_base_commons:161:15)
    at writeGeneric (node:internal/stream_base_commons:152:3)
    at Socket._writeGeneric (node:net:958:11)
    at Socket._write (node:net:970:8)
    at writeOrBuffer (node:internal/streams/writable:572:12)
    at _write (node:internal/streams/writable:501:10)
    at Writable.write (node:internal/streams/writable:510:10)
    at Console.log (/home/drseuss/.cache/firebase/tools/lib/node_modules/winston/lib/winston/transports/console.js:87:23)
    at Console._write (/home/drseuss/.cache/firebase/tools/lib/node_modules/winston-transport/modern.js:103:17)
    at doWrite (/home/drseuss/.cache/firebase/tools/lib/node_modules/winston-transport/node_modules/readable-stream/lib/_stream_writable.js:390:139)
[error] 
[error] Error: An unexpected error has occurred.
[debug] [2026-08-27T16:54:34.301Z] Error: write EPIPE
    at afterWriteDispatched (node:internal/stream_base_commons:161:15)
    at writeGeneric (node:internal/stream_base_commons:152:3)
    at Socket._writeGeneric (node:net:958:11)
    at Socket._write (node:net:970:8)
    at writeOrBuffer (node:internal/streams/writable:572:12)
    at _write (node:internal/streams/writable:501:10)
    at Writable.write (node:internal/streams/writable:510:10)
    at Console.log (/home/drseuss/.cache/firebase/tools/lib/node_modules/winston/lib/winston/transports/console.js:87:23)
    at Console._write (/home/drseuss/.cache/firebase/tools/lib/node_modules/winston-transport/modern.js:103:17)
    at doWrite (/home/drseuss/.cache/firebase/tools/lib/node_modules/winston-transport/node_modules/readable-stream/lib/_stream_writable.js:390:139)
[error] 
[error] Error: An unexpected error has occurred.
[debug] [2026-08-27T16:54:34.302Z] Error: write EPIPE
    at afterWriteDispatched (node:internal/stream_base_commons:161:15)
    at writeGeneric (node:internal/stream_base_commons:152:3)
    at Socket._writeGeneric (node:net:958:11)
    at Socket._write (node:net:970:8)
    at writeOrBuffer (node:internal/streams/writable:572:12)
    at _write (node:internal/streams/writable:501:10)
    at Writable.write (node:internal/streams/writable:510:10)
    at Console.log (/home/drseuss/.cache/firebase/tools/lib/node_modules/winston/lib/winston/transports/console.js:87:23)
    at Console._write (/home/drseuss/.cache/firebase/tools/lib/node_modules/winston-transport/modern.js:103:17)
    at doWrite (/home/drseuss/.cache/firebase/tools/lib/node_modules/winston-transport/node_modules/readable-stream/lib/_stream_writable.js:390:139)
[error] 
[error] Error: An unexpected error has occurred.
[debug] [2026-08-27T16:54:34.303Z] Error: write EPIPE
    at afterWriteDispatched (node:internal/stream_base_commons:161:15)
    at writeGeneric (node:internal/stream_base_commons:152:3)
    at Socket._writeGeneric (node:net:958:11)
    at Socket._write (node:net:970:8)
    at writeOrBuffer (node:internal/streams/writable:572:12)
    at _write (node:internal/streams/writable:501:10)
    at Writable.write (node:internal/streams/writable:510:10)
    at Console.log (/home/drseuss/.cache/firebase/tools/lib/node_modules/winston/lib/winston/transports/console.js:87:23)
    at Console._write (/home/drseuss/.cache/firebase/tools/lib/node_modules/winston-transport/modern.js:103:17)
    at doWrite (/home/drseuss/.cache/firebase/tools/lib/node_modules/winston-transport/node_modules/readable-stream/lib/_stream_writable.js:390:139)
[error] 
[error] Error: An unexpected error has occurred.
[debug] [2026-08-27T16:54:34.303Z] Error: write EPIPE
    at afterWriteDispatched (node:internal/stream_base_commons:161:15)
    at writeGeneric (node:internal/stream_base_commons:152:3)
    at Socket._writeGeneric (node:net:958:11)
    at Socket._write (node:net:970:8)
    at writeOrBuffer (node:internal/streams/writable:572:12)
    at _write (node:internal/streams/writable:501:10)
    at Writable.write (node:internal/streams/writable:510:10)
    at Console.log (/home/drseuss/.cache/firebase/tools/lib/node_modules/winston/lib/winston/transports/console.js:87:23)
    at Console._write (/home/drseuss/.cache/firebase/tools/lib/node_modules/winston-transport/modern.js:103:17)
    at doWrite (/home/drseuss/.cache/firebase/tools/lib/node_modules/winston-transport/node_modules/readable-stream/lib/_stream_writable.js:390:139)
[error] 
[error] Error: An unexpected error has occurred.
[debug] [2026-08-27T16:54:34.303Z] Error: write EPIPE
    at afterWriteDispatched (node:internal/stream_base_commons:161:15)
    at writeGeneric (node:internal/stream_base_commons:152:3)
    at Socket._writeGeneric (node:net:958:11)
    at Socket._write (node:net:970:8)
    at writeOrBuffer (node:internal/streams/writable:572:12)
    at _write (node:internal/streams/writable:501:10)
    at Writable.write (node:internal/streams/writable:510:10)
    at Console.log (/home/drseuss/.cache/firebase/tools/lib/node_modules/winston/lib/winston/transports/console.js:87:23)
    at Console._write (/home/drseuss/.cache/firebase/tools/lib/node_modules/winston-transport/modern.js:103:17)
    at doWrite (/home/drseuss/.cache/firebase/tools/lib/node_modules/winston-transport/node_modules/readable-stream/lib/_stream_writable.js:390:139)
[error] 
[error] Error: An unexpected error has occurred.
[debug] [2026-08-27T16:54:34.304Z] Error: write EPIPE
    at afterWriteDispatched (node:internal/stream_base_commons:161:15)
    at writeGeneric (node:internal/stream_base_commons:152:3)
    at Socket._writeGeneric (node:net:958:11)
    at Socket._write (node:net:970:8)
    at writeOrBuffer (node:internal/streams/writable:572:12)
    at _write (node:internal/streams/writable:501:10)
    at Writable.write (node:internal/streams/writable:510:10)
    at Console.log (/home/drseuss/.cache/firebase/tools/lib/node_modules/winston/lib/winston/transports/console.js:87:23)
    at Console._write (/home/drseuss/.cache/firebase/tools/lib/node_modules/winston-transport/modern.js:103:17)
    at doWrite (/home/drseuss/.cache/firebase/tools/lib/node_modules/winston-transport/node_modules/readable-stream/lib/_stream_writable.js:390:139)
[error] 
[error] Error: An unexpected error has occurred.
[debug] [2026-08-27T16:54:34.304Z] Error: write EPIPE
    at afterWriteDispatched (node:internal/stream_base_commons:161:15)
    at writeGeneric (node:internal/stream_base_commons:152:3)
    at Socket._writeGeneric (node:net:958:11)
    at Socket._write (node:net:970:8)
    at writeOrBuffer (node:internal/streams/writable:572:12)
    at _write (node:internal/streams/writable:501:10)
    at Writable.write (node:internal/streams/writable:510:10)
    at Console.log (/home/drseuss/.cache/firebase/tools/lib/node_modules/winston/lib/winston/transports/console.js:87:23)
    at Console._write (/home/drseuss/.cache/firebase/tools/lib/node_modules/winston-transport/modern.js:103:17)
    at doWrite (/home/drseuss/.cache/firebase/tools/lib/node_modules/winston-transport/node_modules/readable-stream/lib/_stream_writable.js:390:139)
[error] 
[error] Error: An unexpected error has occurred.
[debug] [2026-08-27T16:54:34.304Z] Error: write EPIPE
    at afterWriteDispatched (node:internal/stream_base_commons:161:15)
    at writeGeneric (node:internal/stream_base_commons:152:3)
    at Socket._writeGeneric (node:net:958:11)
    at Socket._write (node:net:970:8)
    at writeOrBuffer (node:internal/streams/writable:572:12)
    at _write (node:internal/streams/writable:501:10)
    at Writable.write (node:internal/streams/writable:510:10)
    at Console.log (/home/drseuss/.cache/firebase/tools/lib/node_modules/winston/lib/winston/transports/console.js:87:23)
    at Console._write (/home/drseuss/.cache/firebase/tools/lib/node_modules/winston-transport/modern.js:103:17)
    at doWrite (/home/drseuss/.cache/firebase/tools/lib/node_modules/winston-transport/node_modules/readable-stream/lib/_stream_writable.js:390:139)
[error] 
[error] Error: An unexpected error has occurred.
[debug] [2026-08-27T16:54:34.304Z] Error: write EPIPE
    at afterWriteDispatched (node:internal/stream_base_commons:161:15)
    at writeGeneric (node:internal/stream_base_commons:152:3)
    at Socket._writeGeneric (node:net:958:11)
    at Socket._write (node:net:970:8)
    at writeOrBuffer (node:internal/streams/writable:572:12)
    at _write (node:internal/streams/writable:501:10)
    at Writable.write (node:internal/streams/writable:510:10)
    at Console.log (/home/drseuss/.cache/firebase/tools/lib/node_modules/winston/lib/winston/transports/console.js:87:23)
    at Console._write (/home/drseuss/.cache/firebase/tools/lib/node_modules/winston-transport/modern.js:103:17)
    at doWrite (/home/drseuss/.cache/firebase/tools/lib/node_modules/winston-transport/node_modules/readable-stream/lib/_stream_writable.js:390:139)
[error] 
[error] Error: An unexpected error has occurred.
[debug] [2026-08-27T16:54:34.304Z] Error: write EPIPE
    at afterWriteDispatched (node:internal/stream_base_commons:161:15)
    at writeGeneric (node:internal/stream_base_commons:152:3)
    at Socket._writeGeneric (node:net:958:11)
    at Socket._write (node:net:970:8)
    at writeOrBuffer (node:internal/streams/writable:572:12)
    at _write (node:internal/streams/writable:501:10)
    at Writable.write (node:internal/streams/writable:510:10)
    at Console.log (/home/drseuss/.cache/firebase/tools/lib/node_modules/winston/lib/winston/transports/console.js:87:23)
    at Console._write (/home/drseuss/.cache/firebase/tools/lib/node_modules/winston-transport/modern.js:103:17)
    at doWrite (/home/drseuss/.cache/firebase/tools/lib/node_modules/winston-transport/node_modules/readable-stream/lib/_stream_writable.js:390:139)
[error] 
[error] Error: An unexpected error has occurred.
[debug] [2026-08-27T16:54:34.305Z] Error: write EPIPE
    at afterWriteDispatched (node:internal/stream_base_commons:161:15)
    at writeGeneric (node:internal/stream_base_commons:152:3)
    at Socket._writeGeneric (node:net:958:11)
    at Socket._write (node:net:970:8)
    at writeOrBuffer (node:internal/streams/writable:572:12)
    at _write (node:internal/streams/writable:501:10)
    at Writable.write (node:internal/streams/writable:510:10)
    at Console.log (/home/drseuss/.cache/firebase/tools/lib/node_modules/winston/lib/winston/transports/console.js:87:23)
    at Console._write (/home/drseuss/.cache/firebase/tools/lib/node_modules/winston-transport/modern.js:103:17)
    at doWrite (/home/drseuss/.cache/firebase/tools/lib/node_modules/winston-transport/node_modules/readable-stream/lib/_stream_writable.js:390:139)
[error] 
[error] Error: An unexpected error has occurred.
[debug] [2026-08-27T16:54:34.305Z] Error: write EPIPE
    at afterWriteDispatched (node:internal/stream_base_commons:161:15)
    at writeGeneric (node:internal/stream_base_commons:152:3)
    at Socket._writeGeneric (node:net:958:11)
    at Socket._write (node:net:970:8)
    at writeOrBuffer (node:internal/streams/writable:572:12)
    at _write (node:internal/streams/writable:501:10)
    at Writable.write (node:internal/streams/writable:510:10)
    at Console.log (/home/drseuss/.cache/firebase/tools/lib/node_modules/winston/lib/winston/transports/console.js:87:23)
    at Console._write (/home/drseuss/.cache/firebase/tools/lib/node_modules/winston-transport/modern.js:103:17)
    at doWrite (/home/drseuss/.cache/firebase/tools/lib/node_modules/winston-transport/node_modules/readable-stream/lib/_stream_writable.js:390:139)
[error] 
[error] Error: An unexpected error has occurred.
[debug] [2026-08-27T16:54:34.305Z] Error: write EPIPE
    at afterWriteDispatched (node:internal/stream_base_commons:161:15)
    at writeGeneric (node:internal/stream_base_commons:152:3)
    at Socket._writeGeneric (node:net:958:11)
    at Socket._write (node:net:970:8)
    at writeOrBuffer (node:internal/streams/writable:572:12)
    at _write (node:internal/streams/writable:501:10)
    at Writable.write (node:internal/streams/writable:510:10)
    at Console.log (/home/drseuss/.cache/firebase/tools/lib/node_modules/winston/lib/winston/transports/console.js:87:23)
    at Console._write (/home/drseuss/.cache/firebase/tools/lib/node_modules/winston-transport/modern.js:103:17)
    at doWrite (/home/drseuss/.cache/firebase/tools/lib/node_modules/winston-transport/node_modules/readable-stream/lib/_stream_writable.js:390:139)
[error] 
[error] Error: An unexpected error has occurred.
[debug] [2026-08-27T16:54:34.305Z] Error: write EPIPE
    at afterWriteDispatched (node:internal/stream_base_commons:161:15)
    at writeGeneric (node:internal/stream_base_commons:152:3)
    at Socket._writeGeneric (node:net:958:11)
    at Socket._write (node:net:970:8)
    at writeOrBuffer (node:internal/streams/writable:572:12)
    at _write (node:internal/streams/writable:501:10)
    at Writable.write (node:internal/streams/writable:510:10)
    at Console.log (/home/drseuss/.cache/firebase/tools/lib/node_modules/winston/lib/winston/transports/console.js:87:23)
    at Console._write (/home/drseuss/.cache/firebase/tools/lib/node_modules/winston-transport/modern.js:103:17)
    at doWrite (/home/drseuss/.cache/firebase/tools/lib/node_modules/winston-transport/node_modules/readable-stream/lib/_stream_writable.js:390:139)
[error] 
[error] Error: An unexpected error has occurred.
[debug] [2026-08-27T16:54:34.306Z] Error: write EPIPE
    at afterWriteDispatched (node:internal/stream_base_commons:161:15)
    at writeGeneric (node:internal/stream_base_commons:152:3)
    at Socket._writeGeneric (node:net:958:11)
    at Socket._write (node:net:970:8)
    at writeOrBuffer (node:internal/streams/writable:572:12)
    at _write (node:internal/streams/writable:501:10)
    at Writable.write (node:internal/streams/writable:510:10)
    at Console.log (/home/drseuss/.cache/firebase/tools/lib/node_modules/winston/lib/winston/transports/console.js:87:23)
    at Console._write (/home/drseuss/.cache/firebase/tools/lib/node_modules/winston-transport/modern.js:103:17)
    at doWrite (/home/drseuss/.cache/firebase/tools/lib/node_modules/winston-transport/node_modules/readable-stream/lib/_stream_writable.js:390:139)
[error] 
[error] Error: An unexpected error has occurred.
[debug] [2026-08-27T16:54:34.306Z] Error: write EPIPE
    at afterWriteDispatched (node:internal/stream_base_commons:161:15)
    at writeGeneric (node:internal/stream_base_commons:152:3)
    at Socket._writeGeneric (node:net:958:11)
    at Socket._write (node:net:970:8)
    at writeOrBuffer (node:internal/streams/writable:572:12)
    at _write (node:internal/streams/writable:501:10)
    at Writable.write (node:internal/streams/writable:510:10)
    at Console.log (/home/drseuss/.cache/firebase/tools/lib/node_modules/winston/lib/winston/transports/console.js:87:23)
    at Console._write (/home/drseuss/.cache/firebase/tools/lib/node_modules/winston-transport/modern.js:103:17)
    at doWrite (/home/drseuss/.cache/firebase/tools/lib/node_modules/winston-transport/node_modules/readable-stream/lib/_stream_writable.js:390:139)
[error] 
[error] Error: An unexpected error has occurred.
[debug] [2026-08-27T16:54:34.306Z] Error: write EPIPE
    at afterWriteDispatched (node:internal/stream_base_commons:161:15)
    at writeGeneric (node:internal/stream_base_commons:152:3)
    at Socket._writeGeneric (node:net:958:11)
    at Socket._write (node:net:970:8)
    at writeOrBuffer (node:internal/streams/writable:572:12)
    at _write (node:internal/streams/writable:501:10)
    at Writable.write (node:internal/streams/writable:510:10)
    at Console.log (/home/drseuss/.cache/firebase/tools/lib/node_modules/winston/lib/winston/transports/console.js:87:23)
    at Console._write (/home/drseuss/.cache/firebase/tools/lib/node_modules/winston-transport/modern.js:103:17)
    at doWrite (/home/drseuss/.cache/firebase/tools/lib/node_modules/winston-transport/node_modules/readable-stream/lib/_stream_writable.js:390:139)
[error] 
[error] Error: An unexpected error has occurred.
[debug] [2026-08-27T16:54:34.306Z] Error: write EPIPE
    at afterWriteDispatched (node:internal/stream_base_commons:161:15)
    at writeGeneric (node:internal/stream_base_commons:152:3)
    at Socket._writeGeneric (node:net:958:11)
    at Socket._write (node:net:970:8)
    at writeOrBuffer (node:internal/streams/writable:572:12)
    at _write (node:internal/streams/writable:501:10)
    at Writable.write (node:internal/streams/writable:510:10)
    at Console.log (/home/drseuss/.cache/firebase/tools/lib/node_modules/winston/lib/winston/transports/console.js:87:23)
    at Console._write (/home/drseuss/.cache/firebase/tools/lib/node_modules/winston-transport/modern.js:103:17)
    at doWrite (/home/drseuss/.cache/firebase/tools/lib/node_modules/winston-transport/node_modules/readable-stream/lib/_stream_writable.js:390:139)
[error] 
[error] Error: An unexpected error has occurred.
[debug] [2026-08-27T16:54:34.306Z] Error: write EPIPE
    at afterWriteDispatched (node:internal/stream_base_commons:161:15)
    at writeGeneric (node:internal/stream_base_commons:152:3)
    at Socket._writeGeneric (node:net:958:11)
    at Socket._write (node:net:970:8)
    at writeOrBuffer (node:internal/streams/writable:572:12)
    at _write (node:internal/streams/writable:501:10)
    at Writable.write (node:internal/streams/writable:510:10)
    at Console.log (/home/drseuss/.cache/firebase/tools/lib/node_modules/winston/lib/winston/transports/console.js:87:23)
    at Console._write (/home/drseuss/.cache/firebase/tools/lib/node_modules/winston-transport/modern.js:103:17)
    at doWrite (/home/drseuss/.cache/firebase/tools/lib/node_modules/winston-transport/node_modules/readable-stream/lib/_stream_writable.js:390:139)
[error] 
[error] Error: An unexpected error has occurred.
[debug] [2026-08-27T16:54:34.307Z] Error: write EPIPE
    at afterWriteDispatched (node:internal/stream_base_commons:161:15)
    at writeGeneric (node:internal/stream_base_commons:152:3)
    at Socket._writeGeneric (node:net:958:11)
    at Socket._write (node:net:970:8)
    at writeOrBuffer (node:internal/streams/writable:572:12)
    at _write (node:internal/streams/writable:501:10)
    at Writable.write (node:internal/streams/writable:510:10)
    at Console.log (/home/drseuss/.cache/firebase/tools/lib/node_modules/winston/lib/winston/transports/console.js:87:23)
    at Console._write (/home/drseuss/.cache/firebase/tools/lib/node_modules/winston-transport/modern.js:103:17)
    at doWrite (/home/drseuss/.cache/firebase/tools/lib/node_modules/winston-transport/node_modules/readable-stream/lib/_stream_writable.js:390:139)
[error] 
[error] Error: An unexpected error has occurred.
[debug] [2026-08-27T16:54:34.307Z] Error: write EPIPE
    at afterWriteDispatched (node:internal/stream_base_commons:161:15)
    at writeGeneric (node:internal/stream_base_commons:152:3)
    at Socket._writeGeneric (node:net:958:11)
    at Socket._write (node:net:970:8)
    at writeOrBuffer (node:internal/streams/writable:572:12)
    at _write (node:internal/streams/writable:501:10)
    at Writable.write (node:internal/streams/writable:510:10)
    at Console.log (/home/drseuss/.cache/firebase/tools/lib/node_modules/winston/lib/winston/transports/console.js:87:23)
    at Console._write (/home/drseuss/.cache/firebase/tools/lib/node_modules/winston-transport/modern.js:103:17)
    at doWrite (/home/drseuss/.cache/firebase/tools/lib/node_modules/winston-transport/node_modules/readable-stream/lib/_stream_writable.js:390:139)
[error] 
[error] Error: An unexpected error has occurred.
[debug] [2026-08-27T16:54:34.308Z] Error: write EPIPE
    at afterWriteDispatched (node:internal/stream_base_commons:161:15)
    at writeGeneric (node:internal/stream_base_commons:152:3)
    at Socket._writeGeneric (node:net:958:11)
    at Socket._write (node:net:970:8)
    at writeOrBuffer (node:internal/streams/writable:572:12)
    at _write (node:internal/streams/writable:501:10)
    at Writable.write (node:internal/streams/writable:510:10)
    at Console.log (/home/drseuss/.cache/firebase/tools/lib/node_modules/winston/lib/winston/transports/console.js:87:23)
    at Console._write (/home/drseuss/.cache/firebase/tools/lib/node_modules/winston-transport/modern.js:103:17)
    at doWrite (/home/drseuss/.cache/firebase/tools/lib/node_modules/winston-transport/node_modules/readable-stream/lib/_stream_writable.js:390:139)
[error] 
[error] Error: An unexpected error has occurred.
[debug] [2026-08-27T16:54:34.308Z] Error: write EPIPE
    at afterWriteDispatched (node:internal/stream_base_commons:161:15)
    at writeGeneric (node:internal/stream_base_commons:152:3)
    at Socket._writeGeneric (node:net:958:11)
    at Socket._write (node:net:970:8)
    at writeOrBuffer (node:internal/streams/writable:572:12)
    at _write (node:internal/streams/writable:501:10)
    at Writable.write (node:internal/streams/writable:510:10)
    at Console.log (/home/drseuss/.cache/firebase/tools/lib/node_modules/winston/lib/winston/transports/console.js:87:23)
    at Console._write (/home/drseuss/.cache/firebase/tools/lib/node_modules/winston-transport/modern.js:103:17)
    at doWrite (/home/drseuss/.cache/firebase/tools/lib/node_modules/winston-transport/node_modules/readable-stream/lib/_stream_writable.js:390:139)
[error] 
[error] Error: An unexpected error has occurred.
[debug] [2026-08-27T16:54:34.308Z] Error: write EPIPE
    at afterWriteDispatched (node:internal/stream_base_commons:161:15)
    at writeGeneric (node:internal/stream_base_commons:152:3)
    at Socket._writeGeneric (node:net:958:11)
    at Socket._write (node:net:970:8)
    at writeOrBuffer (node:internal/streams/writable:572:12)
    at _write (node:internal/streams/writable:501:10)
    at Writable.write (node:internal/streams/writable:510:10)
    at Console.log (/home/drseuss/.cache/firebase/tools/lib/node_modules/winston/lib/winston/transports/console.js:87:23)
    at Console._write (/home/drseuss/.cache/firebase/tools/lib/node_modules/winston-transport/modern.js:103:17)
    at doWrite (/home/drseuss/.cache/firebase/tools/lib/node_modules/winston-transport/node_modules/readable-stream/lib/_stream_writable.js:390:139)
[error] 
[error] Error: An unexpected error has occurred.
[debug] [2026-08-27T16:54:34.308Z] Error: write EPIPE
    at afterWriteDispatched (node:internal/stream_base_commons:161:15)
    at writeGeneric (node:internal/stream_base_commons:152:3)
    at Socket._writeGeneric (node:net:958:11)
    at Socket._write (node:net:970:8)
    at writeOrBuffer (node:internal/streams/writable:572:12)
    at _write (node:internal/streams/writable:501:10)
    at Writable.write (node:internal/streams/writable:510:10)
    at Console.log (/home/drseuss/.cache/firebase/tools/lib/node_modules/winston/lib/winston/transports/console.js:87:23)
    at Console._write (/home/drseuss/.cache/firebase/tools/lib/node_modules/winston-transport/modern.js:103:17)
    at doWrite (/home/drseuss/.cache/firebase/tools/lib/node_modules/winston-transport/node_modules/readable-stream/lib/_stream_writable.js:390:139)
[error] 
[error] Error: An unexpected error has occurred.
[debug] [2026-08-27T16:54:34.309Z] Error: write EPIPE
    at afterWriteDispatched (node:internal/stream_base_commons:161:15)
    at writeGeneric (node:internal/stream_base_commons:152:3)
    at Socket._writeGeneric (node:net:958:11)
    at Socket._write (node:net:970:8)
    at writeOrBuffer (node:internal/streams/writable:572:12)
    at _write (node:internal/streams/writable:501:10)
    at Writable.write (node:internal/streams/writable:510:10)
    at Console.log (/home/drseuss/.cache/firebase/tools/lib/node_modules/winston/lib/winston/transports/console.js:87:23)
    at Console._write (/home/drseuss/.cache/firebase/tools/lib/node_modules/winston-transport/modern.js:103:17)
    at doWrite (/home/drseuss/.cache/firebase/tools/lib/node_modules/winston-transport/node_modules/readable-stream/lib/_stream_writable.js:390:139)
[error] 
[error] Error: An unexpected error has occurred.
[debug] [2026-08-27T16:54:34.309Z] Error: write EPIPE
    at afterWriteDispatched (node:internal/stream_base_commons:161:15)
    at writeGeneric (node:internal/stream_base_commons:152:3)
    at Socket._writeGeneric (node:net:958:11)
    at Socket._write (node:net:970:8)
    at writeOrBuffer (node:internal/streams/writable:572:12)
    at _write (node:internal/streams/writable:501:10)
    at Writable.write (node:internal/streams/writable:510:10)
    at Console.log (/home/drseuss/.cache/firebase/tools/lib/node_modules/winston/lib/winston/transports/console.js:87:23)
    at Console._write (/home/drseuss/.cache/firebase/tools/lib/node_modules/winston-transport/modern.js:103:17)
    at doWrite (/home/drseuss/.cache/firebase/tools/lib/node_modules/winston-transport/node_modules/readable-stream/lib/_stream_writable.js:390:139)
[error] 
[error] Error: An unexpected error has occurred.
[debug] [2026-08-27T16:54:34.309Z] Error: write EPIPE
    at afterWriteDispatched (node:internal/stream_base_commons:161:15)
    at writeGeneric (node:internal/stream_base_commons:152:3)
    at Socket._writeGeneric (node:net:958:11)
    at Socket._write (node:net:970:8)
    at writeOrBuffer (node:internal/streams/writable:572:12)
    at _write (node:internal/streams/writable:501:10)
    at Writable.write (node:internal/streams/writable:510:10)
    at Console.log (/home/drseuss/.cache/firebase/tools/lib/node_modules/winston/lib/winston/transports/console.js:87:23)
    at Console._write (/home/drseuss/.cache/firebase/tools/lib/node_modules/winston-transport/modern.js:103:17)
    at doWrite (/home/drseuss/.cache/firebase/tools/lib/node_modules/winston-transport/node_modules/readable-stream/lib/_stream_writable.js:390:139)
[error] 
[error] Error: An unexpected error has occurred.
[debug] [2026-08-27T16:54:34.309Z] Error: write EPIPE
    at afterWriteDispatched (node:internal/stream_base_commons:161:15)
    at writeGeneric (node:internal/stream_base_commons:152:3)
    at Socket._writeGeneric (node:net:958:11)
    at Socket._write (node:net:970:8)
    at writeOrBuffer (node:internal/streams/writable:572:12)
    at _write (node:internal/streams/writable:501:10)
    at Writable.write (node:internal/streams/writable:510:10)
    at Console.log (/home/drseuss/.cache/firebase/tools/lib/node_modules/winston/lib/winston/transports/console.js:87:23)
    at Console._write (/home/drseuss/.cache/firebase/tools/lib/node_modules/winston-transport/modern.js:103:17)
    at doWrite (/home/drseuss/.cache/firebase/tools/lib/node_modules/winston-transport/node_modules/readable-stream/lib/_stream_writable.js:390:139)
[error] 
[error] Error: An unexpected error has occurred.
[debug] [2026-08-27T16:54:34.309Z] Error: write EPIPE
    at afterWriteDispatched (node:internal/stream_base_commons:161:15)
    at writeGeneric (node:internal/stream_base_commons:152:3)
    at Socket._writeGeneric (node:net:958:11)
    at Socket._write (node:net:970:8)
    at writeOrBuffer (node:internal/streams/writable:572:12)
    at _write (node:internal/streams/writable:501:10)
    at Writable.write (node:internal/streams/writable:510:10)
    at Console.log (/home/drseuss/.cache/firebase/tools/lib/node_modules/winston/lib/winston/transports/console.js:87:23)
    at Console._write (/home/drseuss/.cache/firebase/tools/lib/node_modules/winston-transport/modern.js:103:17)
    at doWrite (/home/drseuss/.cache/firebase/tools/lib/node_modules/winston-transport/node_modules/readable-stream/lib/_stream_writable.js:390:139)
[error] 
[error] Error: An unexpected error has occurred.
[debug] [2026-08-27T16:54:34.310Z] Error: write EPIPE
    at afterWriteDispatched (node:internal/stream_base_commons:161:15)
    at writeGeneric (node:internal/stream_base_commons:152:3)
    at Socket._writeGeneric (node:net:958:11)
    at Socket._write (node:net:970:8)
    at writeOrBuffer (node:internal/streams/writable:572:12)
    at _write (node:internal/streams/writable:501:10)
    at Writable.write (node:internal/streams/writable:510:10)
    at Console.log (/home/drseuss/.cache/firebase/tools/lib/node_modules/winston/lib/winston/transports/console.js:87:23)
    at Console._write (/home/drseuss/.cache/firebase/tools/lib/node_modules/winston-transport/modern.js:103:17)
    at doWrite (/home/drseuss/.cache/firebase/tools/lib/node_modules/winston-transport/node_modules/readable-stream/lib/_stream_writable.js:390:139)
[error] 
[error] Error: An unexpected error has occurred.
[debug] [2026-08-27T16:54:34.310Z] Error: write EPIPE
    at afterWriteDispatched (node:internal/stream_base_commons:161:15)
    at writeGeneric (node:internal/stream_base_commons:152:3)
    at Socket._writeGeneric (node:net:958:11)
    at Socket._write (node:net:970:8)
    at writeOrBuffer (node:internal/streams/writable:572:12)
    at _write (node:internal/streams/writable:501:10)
    at Writable.write (node:internal/streams/writable:510:10)
    at Console.log (/home/drseuss/.cache/firebase/tools/lib/node_modules/winston/lib/winston/transports/console.js:87:23)
    at Console._write (/home/drseuss/.cache/firebase/tools/lib/node_modules/winston-transport/modern.js:103:17)
    at doWrite (/home/drseuss/.cache/firebase/tools/lib/node_modules/winston-transport/node_modules/readable-stream/lib/_stream_writable.js:390:139)
[error] 
[error] Error: An unexpected error has occurred.
[debug] [2026-08-27T16:54:34.310Z] Error: write EPIPE
    at afterWriteDispatched (node:internal/stream_base_commons:161:15)
    at writeGeneric (node:internal/stream_base_commons:152:3)
    at Socket._writeGeneric (node:net:958:11)
    at Socket._write (node:net:970:8)
    at writeOrBuffer (node:internal/streams/writable:572:12)
    at _write (node:internal/streams/writable:501:10)
    at Writable.write (node:internal/streams/writable:510:10)
    at Console.log (/home/drseuss/.cache/firebase/tools/lib/node_modules/winston/lib/winston/transports/console.js:87:23)
    at Console._write (/home/drseuss/.cache/firebase/tools/lib/node_modules/winston-transport/modern.js:103:17)
    at doWrite (/home/drseuss/.cache/firebase/tools/lib/node_modules/winston-transport/node_modules/readable-stream/lib/_stream_writable.js:390:139)
[error] 
[error] Error: An unexpected error has occurred.
[debug] [2026-08-27T16:54:34.310Z] Error: write EPIPE
    at afterWriteDispatched (node:internal/stream_base_commons:161:15)
    at writeGeneric (node:internal/stream_base_commons:152:3)
    at Socket._writeGeneric (node:net:958:11)
    at Socket._write (node:net:970:8)
    at writeOrBuffer (node:internal/streams/writable:572:12)
    at _write (node:internal/streams/writable:501:10)
    at Writable.write (node:internal/streams/writable:510:10)
    at Console.log (/home/drseuss/.cache/firebase/tools/lib/node_modules/winston/lib/winston/transports/console.js:87:23)
    at Console._write (/home/drseuss/.cache/firebase/tools/lib/node_modules/winston-transport/modern.js:103:17)
    at doWrite (/home/drseuss/.cache/firebase/tools/lib/node_modules/winston-transport/node_modules/readable-stream/lib/_stream_writable.js:390:139)
[error] 
[error] Error: An unexpected error has occurred.
[debug] [2026-08-27T16:54:34.311Z] Error: write EPIPE
    at afterWriteDispatched (node:internal/stream_base_commons:161:15)
    at writeGeneric (node:internal/stream_base_commons:152:3)
    at Socket._writeGeneric (node:net:958:11)
    at Socket._write (node:net:970:8)
    at writeOrBuffer (node:internal/streams/writable:572:12)
    at _write (node:internal/streams/writable:501:10)
    at Writable.write (node:internal/streams/writable:510:10)
    at Console.log (/home/drseuss/.cache/firebase/tools/lib/node_modules/winston/lib/winston/transports/console.js:87:23)
    at Console._write (/home/drseuss/.cache/firebase/tools/lib/node_modules/winston-transport/modern.js:103:17)
    at doWrite (/home/drseuss/.cache/firebase/tools/lib/node_modules/winston-transport/node_modules/readable-stream/lib/_stream_writable.js:390:139)
[error] 
[error] Error: An unexpected error has occurred.
[debug] [2026-08-27T16:54:34.311Z] Error: write EPIPE
    at afterWriteDispatched (node:internal/stream_base_commons:161:15)
    at writeGeneric (node:internal/stream_base_commons:152:3)
    at Socket._writeGeneric (node:net:958:11)
    at Socket._write (node:net:970:8)
    at writeOrBuffer (node:internal/streams/writable:572:12)
    at _write (node:internal/streams/writable:501:10)
    at Writable.write (node:internal/streams/writable:510:10)
    at Console.log (/home/drseuss/.cache/firebase/tools/lib/node_modules/winston/lib/winston/transports/console.js:87:23)
    at Console._write (/home/drseuss/.cache/firebase/tools/lib/node_modules/winston-transport/modern.js:103:17)
    at doWrite (/home/drseuss/.cache/firebase/tools/lib/node_modules/winston-transport/node_modules/readable-stream/lib/_stream_writable.js:390:139)
[error] 
[error] Error: An unexpected error has occurred.
[debug] [2026-08-27T16:54:34.311Z] Error: write EPIPE
    at afterWriteDispatched (node:internal/stream_base_commons:161:15)
    at writeGeneric (node:internal/stream_base_commons:152:3)
    at Socket._writeGeneric (node:net:958:11)
    at Socket._write (node:net:970:8)
    at writeOrBuffer (node:internal/streams/writable:572:12)
    at _write (node:internal/streams/writable:501:10)
    at Writable.write (node:internal/streams/writable:510:10)
    at Console.log (/home/drseuss/.cache/firebase/tools/lib/node_modules/winston/lib/winston/transports/console.js:87:23)
    at Console._write (/home/drseuss/.cache/firebase/tools/lib/node_modules/winston-transport/modern.js:103:17)
    at doWrite (/home/drseuss/.cache/firebase/tools/lib/node_modules/winston-transport/node_modules/readable-stream/lib/_stream_writable.js:390:139)
[error] 
[error] Error: An unexpected error has occurred.
[debug] [2026-08-27T16:54:34.311Z] Error: write EPIPE
    at afterWriteDispatched (node:internal/stream_base_commons:161:15)
    at writeGeneric (node:internal/stream_base_commons:152:3)
    at Socket._writeGeneric (node:net:958:11)
    at Socket._write (node:net:970:8)
    at writeOrBuffer (node:internal/streams/writable:572:12)
    at _write (node:internal/streams/writable:501:10)
    at Writable.write (node:internal/streams/writable:510:10)
    at Console.log (/home/drseuss/.cache/firebase/tools/lib/node_modules/winston/lib/winston/transports/console.js:87:23)
    at Console._write (/home/drseuss/.cache/firebase/tools/lib/node_modules/winston-transport/modern.js:103:17)
    at doWrite (/home/drseuss/.cache/firebase/tools/lib/node_modules/winston-transport/node_modules/readable-stream/lib/_stream_writable.js:390:139)
[error] 
[error] Error: An unexpected error has occurred.
[debug] [2026-08-27T16:54:34.312Z] Error: write EPIPE
    at afterWriteDispatched (node:internal/stream_base_commons:161:15)
    at writeGeneric (node:internal/stream_base_commons:152:3)
    at Socket._writeGeneric (node:net:958:11)
    at Socket._write (node:net:970:8)
    at writeOrBuffer (node:internal/streams/writable:572:12)
    at _write (node:internal/streams/writable:501:10)
    at Writable.write (node:internal/streams/writable:510:10)
    at Console.log (/home/drseuss/.cache/firebase/tools/lib/node_modules/winston/lib/winston/transports/console.js:87:23)
    at Console._write (/home/drseuss/.cache/firebase/tools/lib/node_modules/winston-transport/modern.js:103:17)
    at doWrite (/home/drseuss/.cache/firebase/tools/lib/node_modules/winston-transport/node_modules/readable-stream/lib/_stream_writable.js:390:139)
[error] 
[error] Error: An unexpected error has occurred.
[debug] [2026-08-27T16:54:34.312Z] Error: write EPIPE
    at afterWriteDispatched (node:internal/stream_base_commons:161:15)
    at writeGeneric (node:internal/stream_base_commons:152:3)
    at Socket._writeGeneric (node:net:958:11)
    at Socket._write (node:net:970:8)
    at writeOrBuffer (node:internal/streams/writable:572:12)
    at _write (node:internal/streams/writable:501:10)
    at Writable.write (node:internal/streams/writable:510:10)
    at Console.log (/home/drseuss/.cache/firebase/tools/lib/node_modules/winston/lib/winston/transports/console.js:87:23)
    at Console._write (/home/drseuss/.cache/firebase/tools/lib/node_modules/winston-transport/modern.js:103:17)
    at doWrite (/home/drseuss/.cache/firebase/tools/lib/node_modules/winston-transport/node_modules/readable-stream/lib/_stream_writable.js:390:139)
[error] 
[error] Error: An unexpected error has occurred.
[debug] [2026-08-27T16:54:34.313Z] Error: write EPIPE
    at afterWriteDispatched (node:internal/stream_base_commons:161:15)
    at writeGeneric (node:internal/stream_base_commons:152:3)
    at Socket._writeGeneric (node:net:958:11)
    at Socket._write (node:net:970:8)
    at writeOrBuffer (node:internal/streams/writable:572:12)
    at _write (node:internal/streams/writable:501:10)
    at Writable.write (node:internal/streams/writable:510:10)
    at Console.log (/home/drseuss/.cache/firebase/tools/lib/node_modules/winston/lib/winston/transports/console.js:87:23)
    at Console._write (/home/drseuss/.cache/firebase/tools/lib/node_modules/winston-transport/modern.js:103:17)
    at doWrite (/home/drseuss/.cache/firebase/tools/lib/node_modules/winston-transport/node_modules/readable-stream/lib/_stream_writable.js:390:139)
[error] 
[error] Error: An unexpected error has occurred.
[debug] [2026-08-27T16:54:34.313Z] Error: write EPIPE
    at afterWriteDispatched (node:internal/stream_base_commons:161:15)
    at writeGeneric (node:internal/stream_base_commons:152:3)
    at Socket._writeGeneric (node:net:958:11)
    at Socket._write (node:net:970:8)
    at writeOrBuffer (node:internal/streams/writable:572:12)
    at _write (node:internal/streams/writable:501:10)
    at Writable.write (node:internal/streams/writable:510:10)
    at Console.log (/home/drseuss/.cache/firebase/tools/lib/node_modules/winston/lib/winston/transports/console.js:87:23)
    at Console._write (/home/drseuss/.cache/firebase/tools/lib/node_modules/winston-transport/modern.js:103:17)
    at doWrite (/home/drseuss/.cache/firebase/tools/lib/node_modules/winston-transport/node_modules/readable-stream/lib/_stream_writable.js:390:139)
[error] 
[error] Error: An unexpected error has occurred.
[debug] [2026-08-27T16:54:34.313Z] Error: write EPIPE
    at afterWriteDispatched (node:internal/stream_base_commons:161:15)
    at writeGeneric (node:internal/stream_base_commons:152:3)
    at Socket._writeGeneric (node:net:958:11)
    at Socket._write (node:net:970:8)
    at writeOrBuffer (node:internal/streams/writable:572:12)
    at _write (node:internal/streams/writable:501:10)
    at Writable.write (node:internal/streams/writable:510:10)
    at Console.log (/home/drseuss/.cache/firebase/tools/lib/node_modules/winston/lib/winston/transports/console.js:87:23)
    at Console._write (/home/drseuss/.cache/firebase/tools/lib/node_modules/winston-transport/modern.js:103:17)
    at doWrite (/home/drseuss/.cache/firebase/tools/lib/node_modules/winston-transport/node_modules/readable-stream/lib/_stream_writable.js:390:139)
[error] 
[error] Error: An unexpected error has occurred.
[debug] [2026-08-27T16:54:34.313Z] Error: write EPIPE
    at afterWriteDispatched (node:internal/stream_base_commons:161:15)
    at writeGeneric (node:internal/stream_base_commons:152:3)
    at Socket._writeGeneric (node:net:958:11)
    at Socket._write (node:net:970:8)
    at writeOrBuffer (node:internal/streams/writable:572:12)
    at _write (node:internal/streams/writable:501:10)
    at Writable.write (node:internal/streams/writable:510:10)
    at Console.log (/home/drseuss/.cache/firebase/tools/lib/node_modules/winston/lib/winston/transports/console.js:87:23)
    at Console._write (/home/drseuss/.cache/firebase/tools/lib/node_modules/winston-transport/modern.js:103:17)
    at doWrite (/home/drseuss/.cache/firebase/tools/lib/node_modules/winston-transport/node_modules/readable-stream/lib/_stream_writable.js:390:139)
[error] 
[error] Error: An unexpected error has occurred.
[debug] [2026-08-27T16:54:34.313Z] Error: write EPIPE
    at afterWriteDispatched (node:internal/stream_base_commons:161:15)
    at writeGeneric (node:internal/stream_base_commons:152:3)
    at Socket._writeGeneric (node:net:958:11)
    at Socket._write (node:net:970:8)
    at writeOrBuffer (node:internal/streams/writable:572:12)
    at _write (node:internal/streams/writable:501:10)
    at Writable.write (node:internal/streams/writable:510:10)
    at Console.log (/home/drseuss/.cache/firebase/tools/lib/node_modules/winston/lib/winston/transports/console.js:87:23)
    at Console._write (/home/drseuss/.cache/firebase/tools/lib/node_modules/winston-transport/modern.js:103:17)
    at doWrite (/home/drseuss/.cache/firebase/tools/lib/node_modules/winston-transport/node_modules/readable-stream/lib/_stream_writable.js:390:139)
[error] 
[error] Error: An unexpected error has occurred.
[debug] [2026-08-27T16:54:34.313Z] Error: write EPIPE
    at afterWriteDispatched (node:internal/stream_base_commons:161:15)
    at writeGeneric (node:internal/stream_base_commons:152:3)
    at Socket._writeGeneric (node:net:958:11)
    at Socket._write (node:net:970:8)
    at writeOrBuffer (node:internal/streams/writable:572:12)
    at _write (node:internal/streams/writable:501:10)
    at Writable.write (node:internal/streams/writable:510:10)
    at Console.log (/home/drseuss/.cache/firebase/tools/lib/node_modules/winston/lib/winston/transports/console.js:87:23)
    at Console._write (/home/drseuss/.cache/firebase/tools/lib/node_modules/winston-transport/modern.js:103:17)
    at doWrite (/home/drseuss/.cache/firebase/tools/lib/node_modules/winston-transport/node_modules/readable-stream/lib/_stream_writable.js:390:139)
[error] 
[error] Error: An unexpected error has occurred.
[debug] [2026-08-27T16:54:34.314Z] Error: write EPIPE
    at afterWriteDispatched (node:internal/stream_base_commons:161:15)
    at writeGeneric (node:internal/stream_base_commons:152:3)
    at Socket._writeGeneric (node:net:958:11)
    at Socket._write (node:net:970:8)
    at writeOrBuffer (node:internal/streams/writable:572:12)
    at _write (node:internal/streams/writable:501:10)
    at Writable.write (node:internal/streams/writable:510:10)
    at Console.log (/home/drseuss/.cache/firebase/tools/lib/node_modules/winston/lib/winston/transports/console.js:87:23)
    at Console._write (/home/drseuss/.cache/firebase/tools/lib/node_modules/winston-transport/modern.js:103:17)
    at doWrite (/home/drseuss/.cache/firebase/tools/lib/node_modules/winston-transport/node_modules/readable-stream/lib/_stream_writable.js:390:139)
[error] 
[error] Error: An unexpected error has occurred.
[debug] [2026-08-27T16:54:34.314Z] Error: write EPIPE
    at afterWriteDispatched (node:internal/stream_base_commons:161:15)
    at writeGeneric (node:internal/stream_base_commons:152:3)
    at Socket._writeGeneric (node:net:958:11)
    at Socket._write (node:net:970:8)
    at writeOrBuffer (node:internal/streams/writable:572:12)
    at _write (node:internal/streams/writable:501:10)
    at Writable.write (node:internal/streams/writable:510:10)
    at Console.log (/home/drseuss/.cache/firebase/tools/lib/node_modules/winston/lib/winston/transports/console.js:87:23)
    at Console._write (/home/drseuss/.cache/firebase/tools/lib/node_modules/winston-transport/modern.js:103:17)
    at doWrite (/home/drseuss/.cache/firebase/tools/lib/node_modules/winston-transport/node_modules/readable-stream/lib/_stream_writable.js:390:139)
[error] 
[error] Error: An unexpected error has occurred.
[debug] [2026-08-27T16:54:34.314Z] Error: write EPIPE
    at afterWriteDispatched (node:internal/stream_base_commons:161:15)
    at writeGeneric (node:internal/stream_base_commons:152:3)
    at Socket._writeGeneric (node:net:958:11)
    at Socket._write (node:net:970:8)
    at writeOrBuffer (node:internal/streams/writable:572:12)
    at _write (node:internal/streams/writable:501:10)
    at Writable.write (node:internal/streams/writable:510:10)
    at Console.log (/home/drseuss/.cache/firebase/tools/lib/node_modules/winston/lib/winston/transports/console.js:87:23)
    at Console._write (/home/drseuss/.cache/firebase/tools/lib/node_modules/winston-transport/modern.js:103:17)
    at doWrite (/home/drseuss/.cache/firebase/tools/lib/node_modules/winston-transport/node_modules/readable-stream/lib/_stream_writable.js:390:139)
[error] 
[error] Error: An unexpected error has occurred.
[debug] [2026-08-27T16:54:34.314Z] Error: write EPIPE
    at afterWriteDispatched (node:internal/stream_base_commons:161:15)
    at writeGeneric (node:internal/stream_base_commons:152:3)
    at Socket._writeGeneric (node:net:958:11)
    at Socket._write (node:net:970:8)
    at writeOrBuffer (node:internal/streams/writable:572:12)
    at _write (node:internal/streams/writable:501:10)
    at Writable.write (node:internal/streams/writable:510:10)
    at Console.log (/home/drseuss/.cache/firebase/tools/lib/node_modules/winston/lib/winston/transports/console.js:87:23)
    at Console._write (/home/drseuss/.cache/firebase/tools/lib/node_modules/winston-transport/modern.js:103:17)
    at doWrite (/home/drseuss/.cache/firebase/tools/lib/node_modules/winston-transport/node_modules/readable-stream/lib/_stream_writable.js:390:139)
[error] 
[error] Error: An unexpected error has occurred.
[debug] [2026-08-27T16:54:34.314Z] Error: write EPIPE
    at afterWriteDispatched (node:internal/stream_base_commons:161:15)
    at writeGeneric (node:internal/stream_base_commons:152:3)
    at Socket._writeGeneric (node:net:958:11)
    at Socket._write (node:net:970:8)
    at writeOrBuffer (node:internal/streams/writable:572:12)
    at _write (node:internal/streams/writable:501:10)
    at Writable.write (node:internal/streams/writable:510:10)
    at Console.log (/home/drseuss/.cache/firebase/tools/lib/node_modules/winston/lib/winston/transports/console.js:87:23)
    at Console._write (/home/drseuss/.cache/firebase/tools/lib/node_modules/winston-transport/modern.js:103:17)
    at doWrite (/home/drseuss/.cache/firebase/tools/lib/node_modules/winston-transport/node_modules/readable-stream/lib/_stream_writable.js:390:139)
[error] 
[error] Error: An unexpected error has occurred.
[debug] [2026-08-27T16:54:34.315Z] Error: write EPIPE
    at afterWriteDispatched (node:internal/stream_base_commons:161:15)
    at writeGeneric (node:internal/stream_base_commons:152:3)
    at Socket._writeGeneric (node:net:958:11)
    at Socket._write (node:net:970:8)
    at writeOrBuffer (node:internal/streams/writable:572:12)
    at _write (node:internal/streams/writable:501:10)
    at Writable.write (node:internal/streams/writable:510:10)
    at Console.log (/home/drseuss/.cache/firebase/tools/lib/node_modules/winston/lib/winston/transports/console.js:87:23)
    at Console._write (/home/drseuss/.cache/firebase/tools/lib/node_modules/winston-transport/modern.js:103:17)
    at doWrite (/home/drseuss/.cache/firebase/tools/lib/node_modules/winston-transport/node_modules/readable-stream/lib/_stream_writable.js:390:139)
[error] 
[error] Error: An unexpected error has occurred.
[debug] [2026-08-27T16:54:34.315Z] Error: write EPIPE
    at afterWriteDispatched (node:internal/stream_base_commons:161:15)
    at writeGeneric (node:internal/stream_base_commons:152:3)
    at Socket._writeGeneric (node:net:958:11)
    at Socket._write (node:net:970:8)
    at writeOrBuffer (node:internal/streams/writable:572:12)
    at _write (node:internal/streams/writable:501:10)
    at Writable.write (node:internal/streams/writable:510:10)
    at Console.log (/home/drseuss/.cache/firebase/tools/lib/node_modules/winston/lib/winston/transports/console.js:87:23)
    at Console._write (/home/drseuss/.cache/firebase/tools/lib/node_modules/winston-transport/modern.js:103:17)
    at doWrite (/home/drseuss/.cache/firebase/tools/lib/node_modules/winston-transport/node_modules/readable-stream/lib/_stream_writable.js:390:139)
[error] 
[error] Error: An unexpected error has occurred.
[debug] [2026-08-27T16:54:34.315Z] Error: write EPIPE
    at afterWriteDispatched (node:internal/stream_base_commons:161:15)
    at writeGeneric (node:internal/stream_base_commons:152:3)
    at Socket._writeGeneric (node:net:958:11)
    at Socket._write (node:net:970:8)
    at writeOrBuffer (node:internal/streams/writable:572:12)
    at _write (node:internal/streams/writable:501:10)
    at Writable.write (node:internal/streams/writable:510:10)
    at Console.log (/home/drseuss/.cache/firebase/tools/lib/node_modules/winston/lib/winston/transports/console.js:87:23)
    at Console._write (/home/drseuss/.cache/firebase/tools/lib/node_modules/winston-transport/modern.js:103:17)
    at doWrite (/home/drseuss/.cache/firebase/tools/lib/node_modules/winston-transport/node_modules/readable-stream/lib/_stream_writable.js:390:139)
[error] 
[error] Error: An unexpected error has occurred.
[debug] [2026-08-27T16:54:34.315Z] Error: write EPIPE
    at afterWriteDispatched (node:internal/stream_base_commons:161:15)
    at writeGeneric (node:internal/stream_base_commons:152:3)
    at Socket._writeGeneric (node:net:958:11)
    at Socket._write (node:net:970:8)
    at writeOrBuffer (node:internal/streams/writable:572:12)
    at _write (node:internal/streams/writable:501:10)
    at Writable.write (node:internal/streams/writable:510:10)
    at Console.log (/home/drseuss/.cache/firebase/tools/lib/node_modules/winston/lib/winston/transports/console.js:87:23)
    at Console._write (/home/drseuss/.cache/firebase/tools/lib/node_modules/winston-transport/modern.js:103:17)
    at doWrite (/home/drseuss/.cache/firebase/tools/lib/node_modules/winston-transport/node_modules/readable-stream/lib/_stream_writable.js:390:139)
[error] 
[error] Error: An unexpected error has occurred.
[debug] [2026-08-27T16:54:34.315Z] Error: write EPIPE
    at afterWriteDispatched (node:internal/stream_base_commons:161:15)
    at writeGeneric (node:internal/stream_base_commons:152:3)
    at Socket._writeGeneric (node:net:958:11)
    at Socket._write (node:net:970:8)
    at writeOrBuffer (node:internal/streams/writable:572:12)
    at _write (node:internal/streams/writable:501:10)
    at Writable.write (node:internal/streams/writable:510:10)
    at Console.log (/home/drseuss/.cache/firebase/tools/lib/node_modules/winston/lib/winston/transports/console.js:87:23)
    at Console._write (/home/drseuss/.cache/firebase/tools/lib/node_modules/winston-transport/modern.js:103:17)
    at doWrite (/home/drseuss/.cache/firebase/tools/lib/node_modules/winston-transport/node_modules/readable-stream/lib/_stream_writable.js:390:139)
[error] 
[error] Error: An unexpected error has occurred.
[debug] [2026-08-27T16:54:34.315Z] Error: write EPIPE
    at afterWriteDispatched (node:internal/stream_base_commons:161:15)
    at writeGeneric (node:internal/stream_base_commons:152:3)
    at Socket._writeGeneric (node:net:958:11)
    at Socket._write (node:net:970:8)
    at writeOrBuffer (node:internal/streams/writable:572:12)
    at _write (node:internal/streams/writable:501:10)
    at Writable.write (node:internal/streams/writable:510:10)
    at Console.log (/home/drseuss/.cache/firebase/tools/lib/node_modules/winston/lib/winston/transports/console.js:87:23)
    at Console._write (/home/drseuss/.cache/firebase/tools/lib/node_modules/winston-transport/modern.js:103:17)
    at doWrite (/home/drseuss/.cache/firebase/tools/lib/node_modules/winston-transport/node_modules/readable-stream/lib/_stream_writable.js:390:139)
[error] 
[error] Error: An unexpected error has occurred.
[debug] [2026-08-27T16:54:34.315Z] Error: write EPIPE
    at afterWriteDispatched (node:internal/stream_base_commons:161:15)
    at writeGeneric (node:internal/stream_base_commons:152:3)
    at Socket._writeGeneric (node:net:958:11)
    at Socket._write (node:net:970:8)
    at writeOrBuffer (node:internal/streams/writable:572:12)
    at _write (node:internal/streams/writable:501:10)
    at Writable.write (node:internal/streams/writable:510:10)
    at Console.log (/home/drseuss/.cache/firebase/tools/lib/node_modules/winston/lib/winston/transports/console.js:87:23)
    at Console._write (/home/drseuss/.cache/firebase/tools/lib/node_modules/winston-transport/modern.js:103:17)
    at doWrite (/home/drseuss/.cache/firebase/tools/lib/node_modules/winston-transport/node_modules/readable-stream/lib/_stream_writable.js:390:139)
[error] 
[error] Error: An unexpected error has occurred.
[debug] [2026-08-27T16:54:34.315Z] Error: write EPIPE
    at afterWriteDispatched (node:internal/stream_base_commons:161:15)
    at writeGeneric (node:internal/stream_base_commons:152:3)
    at Socket._writeGeneric (node:net:958:11)
    at Socket._write (node:net:970:8)
    at writeOrBuffer (node:internal/streams/writable:572:12)
    at _write (node:internal/streams/writable:501:10)
    at Writable.write (node:internal/streams/writable:510:10)
    at Console.log (/home/drseuss/.cache/firebase/tools/lib/node_modules/winston/lib/winston/transports/console.js:87:23)
    at Console._write (/home/drseuss/.cache/firebase/tools/lib/node_modules/winston-transport/modern.js:103:17)
    at doWrite (/home/drseuss/.cache/firebase/tools/lib/node_modules/winston-transport/node_modules/readable-stream/lib/_stream_writable.js:390:139)
[error] 
[error] Error: An unexpected error has occurred.
[debug] [2026-08-27T16:54:34.316Z] Error: write EPIPE
    at afterWriteDispatched (node:internal/stream_base_commons:161:15)
    at writeGeneric (node:internal/stream_base_commons:152:3)
    at Socket._writeGeneric (node:net:958:11)
    at Socket._write (node:net:970:8)
    at writeOrBuffer (node:internal/streams/writable:572:12)
    at _write (node:internal/streams/writable:501:10)
    at Writable.write (node:internal/streams/writable:510:10)
    at Console.log (/home/drseuss/.cache/firebase/tools/lib/node_modules/winston/lib/winston/transports/console.js:87:23)
    at Console._write (/home/drseuss/.cache/firebase/tools/lib/node_modules/winston-transport/modern.js:103:17)
    at doWrite (/home/drseuss/.cache/firebase/tools/lib/node_modules/winston-transport/node_modules/readable-stream/lib/_stream_writable.js:390:139)
[error] 
[error] Error: An unexpected error has occurred.
[debug] [2026-08-27T16:54:34.316Z] Error: write EPIPE
    at afterWriteDispatched (node:internal/stream_base_commons:161:15)
    at writeGeneric (node:internal/stream_base_commons:152:3)
    at Socket._writeGeneric (node:net:958:11)
    at Socket._write (node:net:970:8)
    at writeOrBuffer (node:internal/streams/writable:572:12)
    at _write (node:internal/streams/writable:501:10)
    at Writable.write (node:internal/streams/writable:510:10)
    at Console.log (/home/drseuss/.cache/firebase/tools/lib/node_modules/winston/lib/winston/transports/console.js:87:23)
    at Console._write (/home/drseuss/.cache/firebase/tools/lib/node_modules/winston-transport/modern.js:103:17)
    at doWrite (/home/drseuss/.cache/firebase/tools/lib/node_modules/winston-transport/node_modules/readable-stream/lib/_stream_writable.js:390:139)
[error] 
[error] Error: An unexpected error has occurred.
[debug] [2026-08-27T16:54:34.316Z] Error: write EPIPE
    at afterWriteDispatched (node:internal/stream_base_commons:161:15)
    at writeGeneric (node:internal/stream_base_commons:152:3)
    at Socket._writeGeneric (node:net:958:11)
    at Socket._write (node:net:970:8)
    at writeOrBuffer (node:internal/streams/writable:572:12)
    at _write (node:internal/streams/writable:501:10)
    at Writable.write (node:internal/streams/writable:510:10)
    at Console.log (/home/drseuss/.cache/firebase/tools/lib/node_modules/winston/lib/winston/transports/console.js:87:23)
    at Console._write (/home/drseuss/.cache/firebase/tools/lib/node_modules/winston-transport/modern.js:103:17)
    at doWrite (/home/drseuss/.cache/firebase/tools/lib/node_modules/winston-transport/node_modules/readable-stream/lib/_stream_writable.js:390:139)
[error] 
[error] Error: An unexpected error has occurred.
[debug] [2026-08-27T16:54:34.317Z] Error: write EPIPE
    at afterWriteDispatched (node:internal/stream_base_commons:161:15)
    at writeGeneric (node:internal/stream_base_commons:152:3)
    at Socket._writeGeneric (node:net:958:11)
    at Socket._write (node:net:970:8)
    at writeOrBuffer (node:internal/streams/writable:572:12)
    at _write (node:internal/streams/writable:501:10)
    at Writable.write (node:internal/streams/writable:510:10)
    at Console.log (/home/drseuss/.cache/firebase/tools/lib/node_modules/winston/lib/winston/transports/console.js:87:23)
    at Console._write (/home/drseuss/.cache/firebase/tools/lib/node_modules/winston-transport/modern.js:103:17)
    at doWrite (/home/drseuss/.cache/firebase/tools/lib/node_modules/winston-transport/node_modules/readable-stream/lib/_stream_writable.js:390:139)
[error] 
[error] Error: An unexpected error has occurred.
[debug] [2026-08-27T16:54:34.317Z] Error: write EPIPE
    at afterWriteDispatched (node:internal/stream_base_commons:161:15)
    at writeGeneric (node:internal/stream_base_commons:152:3)
    at Socket._writeGeneric (node:net:958:11)
    at Socket._write (node:net:970:8)
    at writeOrBuffer (node:internal/streams/writable:572:12)
    at _write (node:internal/streams/writable:501:10)
    at Writable.write (node:internal/streams/writable:510:10)
    at Console.log (/home/drseuss/.cache/firebase/tools/lib/node_modules/winston/lib/winston/transports/console.js:87:23)
    at Console._write (/home/drseuss/.cache/firebase/tools/lib/node_modules/winston-transport/modern.js:103:17)
    at doWrite (/home/drseuss/.cache/firebase/tools/lib/node_modules/winston-transport/node_modules/readable-stream/lib/_stream_writable.js:390:139)
[error] 
[error] Error: An unexpected error has occurred.
[debug] [2026-08-27T16:54:34.317Z] Error: write EPIPE
    at afterWriteDispatched (node:internal/stream_base_commons:161:15)
    at writeGeneric (node:internal/stream_base_commons:152:3)
    at Socket._writeGeneric (node:net:958:11)
    at Socket._write (node:net:970:8)
    at writeOrBuffer (node:internal/streams/writable:572:12)
    at _write (node:internal/streams/writable:501:10)
    at Writable.write (node:internal/streams/writable:510:10)
    at Console.log (/home/drseuss/.cache/firebase/tools/lib/node_modules/winston/lib/winston/transports/console.js:87:23)
    at Console._write (/home/drseuss/.cache/firebase/tools/lib/node_modules/winston-transport/modern.js:103:17)
    at doWrite (/home/drseuss/.cache/firebase/tools/lib/node_modules/winston-transport/node_modules/readable-stream/lib/_stream_writable.js:390:139)
[error] 
[error] Error: An unexpected error has occurred.
[debug] [2026-08-27T16:54:34.317Z] Error: write EPIPE
    at afterWriteDispatched (node:internal/stream_base_commons:161:15)
    at writeGeneric (node:internal/stream_base_commons:152:3)
    at Socket._writeGeneric (node:net:958:11)
    at Socket._write (node:net:970:8)
    at writeOrBuffer (node:internal/streams/writable:572:12)
    at _write (node:internal/streams/writable:501:10)
    at Writable.write (node:internal/streams/writable:510:10)
    at Console.log (/home/drseuss/.cache/firebase/tools/lib/node_modules/winston/lib/winston/transports/console.js:87:23)
    at Console._write (/home/drseuss/.cache/firebase/tools/lib/node_modules/winston-transport/modern.js:103:17)
    at doWrite (/home/drseuss/.cache/firebase/tools/lib/node_modules/winston-transport/node_modules/readable-stream/lib/_stream_writable.js:390:139)
[error] 
[error] Error: An unexpected error has occurred.
[debug] [2026-08-27T16:54:34.317Z] Error: write EPIPE
    at afterWriteDispatched (node:internal/stream_base_commons:161:15)
    at writeGeneric (node:internal/stream_base_commons:152:3)
    at Socket._writeGeneric (node:net:958:11)
    at Socket._write (node:net:970:8)
    at writeOrBuffer (node:internal/streams/writable:572:12)
    at _write (node:internal/streams/writable:501:10)
    at Writable.write (node:internal/streams/writable:510:10)
    at Console.log (/home/drseuss/.cache/firebase/tools/lib/node_modules/winston/lib/winston/transports/console.js:87:23)
    at Console._write (/home/drseuss/.cache/firebase/tools/lib/node_modules/winston-transport/modern.js:103:17)
    at doWrite (/home/drseuss/.cache/firebase/tools/lib/node_modules/winston-transport/node_modules/readable-stream/lib/_stream_writable.js:390:139)
[error] 
[error] Error: An unexpected error has occurred.
[debug] [2026-08-27T16:54:34.317Z] Error: write EPIPE
    at afterWriteDispatched (node:internal/stream_base_commons:161:15)
    at writeGeneric (node:internal/stream_base_commons:152:3)
    at Socket._writeGeneric (node:net:958:11)
    at Socket._write (node:net:970:8)
    at writeOrBuffer (node:internal/streams/writable:572:12)
    at _write (node:internal/streams/writable:501:10)
    at Writable.write (node:internal/streams/writable:510:10)
    at Console.log (/home/drseuss/.cache/firebase/tools/lib/node_modules/winston/lib/winston/transports/console.js:87:23)
    at Console._write (/home/drseuss/.cache/firebase/tools/lib/node_modules/winston-transport/modern.js:103:17)
    at doWrite (/home/drseuss/.cache/firebase/tools/lib/node_modules/winston-transport/node_modules/readable-stream/lib/_stream_writable.js:390:139)
[error] 
[error] Error: An unexpected error has occurred.
[debug] [2026-08-27T16:54:34.317Z] Error: write EPIPE
    at afterWriteDispatched (node:internal/stream_base_commons:161:15)
    at writeGeneric (node:internal/stream_base_commons:152:3)
    at Socket._writeGeneric (node:net:958:11)
    at Socket._write (node:net:970:8)
    at writeOrBuffer (node:internal/streams/writable:572:12)
    at _write (node:internal/streams/writable:501:10)
    at Writable.write (node:internal/streams/writable:510:10)
    at Console.log (/home/drseuss/.cache/firebase/tools/lib/node_modules/winston/lib/winston/transports/console.js:87:23)
    at Console._write (/home/drseuss/.cache/firebase/tools/lib/node_modules/winston-transport/modern.js:103:17)
    at doWrite (/home/drseuss/.cache/firebase/tools/lib/node_modules/winston-transport/node_modules/readable-stream/lib/_stream_writable.js:390:139)
[error] 
[error] Error: An unexpected error has occurred.
[debug] [2026-08-27T16:54:34.318Z] Error: write EPIPE
    at afterWriteDispatched (node:internal/stream_base_commons:161:15)
    at writeGeneric (node:internal/stream_base_commons:152:3)
    at Socket._writeGeneric (node:net:958:11)
    at Socket._write (node:net:970:8)
    at writeOrBuffer (node:internal/streams/writable:572:12)
    at _write (node:internal/streams/writable:501:10)
    at Writable.write (node:internal/streams/writable:510:10)
    at Console.log (/home/drseuss/.cache/firebase/tools/lib/node_modules/winston/lib/winston/transports/console.js:87:23)
    at Console._write (/home/drseuss/.cache/firebase/tools/lib/node_modules/winston-transport/modern.js:103:17)
    at doWrite (/home/drseuss/.cache/firebase/tools/lib/node_modules/winston-transport/node_modules/readable-stream/lib/_stream_writable.js:390:139)
[error] 
[error] Error: An unexpected error has occurred.
[debug] [2026-08-27T16:54:34.318Z] Error: write EPIPE
    at afterWriteDispatched (node:internal/stream_base_commons:161:15)
    at writeGeneric (node:internal/stream_base_commons:152:3)
    at Socket._writeGeneric (node:net:958:11)
    at Socket._write (node:net:970:8)
    at writeOrBuffer (node:internal/streams/writable:572:12)
    at _write (node:internal/streams/writable:501:10)
    at Writable.write (node:internal/streams/writable:510:10)
    at Console.log (/home/drseuss/.cache/firebase/tools/lib/node_modules/winston/lib/winston/transports/console.js:87:23)
    at Console._write (/home/drseuss/.cache/firebase/tools/lib/node_modules/winston-transport/modern.js:103:17)
    at doWrite (/home/drseuss/.cache/firebase/tools/lib/node_modules/winston-transport/node_modules/readable-stream/lib/_stream_writable.js:390:139)
[error] 
[error] Error: An unexpected error has occurred.
[debug] [2026-08-27T16:54:34.318Z] Error: write EPIPE
    at afterWriteDispatched (node:internal/stream_base_commons:161:15)
    at writeGeneric (node:internal/stream_base_commons:152:3)
    at Socket._writeGeneric (node:net:958:11)
    at Socket._write (node:net:970:8)
    at writeOrBuffer (node:internal/streams/writable:572:12)
    at _write (node:internal/streams/writable:501:10)
    at Writable.write (node:internal/streams/writable:510:10)
    at Console.log (/home/drseuss/.cache/firebase/tools/lib/node_modules/winston/lib/winston/transports/console.js:87:23)
    at Console._write (/home/drseuss/.cache/firebase/tools/lib/node_modules/winston-transport/modern.js:103:17)
    at doWrite (/home/drseuss/.cache/firebase/tools/lib/node_modules/winston-transport/node_modules/readable-stream/lib/_stream_writable.js:390:139)
[error] 
[error] Error: An unexpected error has occurred.
[debug] [2026-08-27T16:54:34.318Z] Error: write EPIPE
    at afterWriteDispatched (node:internal/stream_base_commons:161:15)
    at writeGeneric (node:internal/stream_base_commons:152:3)
    at Socket._writeGeneric (node:net:958:11)
    at Socket._write (node:net:970:8)
    at writeOrBuffer (node:internal/streams/writable:572:12)
    at _write (node:internal/streams/writable:501:10)
    at Writable.write (node:internal/streams/writable:510:10)
    at Console.log (/home/drseuss/.cache/firebase/tools/lib/node_modules/winston/lib/winston/transports/console.js:87:23)
    at Console._write (/home/drseuss/.cache/firebase/tools/lib/node_modules/winston-transport/modern.js:103:17)
    at doWrite (/home/drseuss/.cache/firebase/tools/lib/node_modules/winston-transport/node_modules/readable-stream/lib/_stream_writable.js:390:139)
[error] 
[error] Error: An unexpected error has occurred.
[debug] [2026-08-27T16:54:34.318Z] Error: write EPIPE
    at afterWriteDispatched (node:internal/stream_base_commons:161:15)
    at writeGeneric (node:internal/stream_base_commons:152:3)
    at Socket._writeGeneric (node:net:958:11)
    at Socket._write (node:net:970:8)
    at writeOrBuffer (node:internal/streams/writable:572:12)
    at _write (node:internal/streams/writable:501:10)
    at Writable.write (node:internal/streams/writable:510:10)
    at Console.log (/home/drseuss/.cache/firebase/tools/lib/node_modules/winston/lib/winston/transports/console.js:87:23)
    at Console._write (/home/drseuss/.cache/firebase/tools/lib/node_modules/winston-transport/modern.js:103:17)
    at doWrite (/home/drseuss/.cache/firebase/tools/lib/node_modules/winston-transport/node_modules/readable-stream/lib/_stream_writable.js:390:139)
[error] 
[error] Error: An unexpected error has occurred.
[debug] [2026-08-27T16:54:34.319Z] Error: write EPIPE
    at afterWriteDispatched (node:internal/stream_base_commons:161:15)
    at writeGeneric (node:internal/stream_base_commons:152:3)
    at Socket._writeGeneric (node:net:958:11)
    at Socket._write (node:net:970:8)
    at writeOrBuffer (node:internal/streams/writable:572:12)
    at _write (node:internal/streams/writable:501:10)
    at Writable.write (node:internal/streams/writable:510:10)
    at Console.log (/home/drseuss/.cache/firebase/tools/lib/node_modules/winston/lib/winston/transports/console.js:87:23)
    at Console._write (/home/drseuss/.cache/firebase/tools/lib/node_modules/winston-transport/modern.js:103:17)
    at doWrite (/home/drseuss/.cache/firebase/tools/lib/node_modules/winston-transport/node_modules/readable-stream/lib/_stream_writable.js:390:139)
[error] 
[error] Error: An unexpected error has occurred.
[debug] [2026-08-27T16:54:34.319Z] Error: write EPIPE
    at afterWriteDispatched (node:internal/stream_base_commons:161:15)
    at writeGeneric (node:internal/stream_base_commons:152:3)
    at Socket._writeGeneric (node:net:958:11)
    at Socket._write (node:net:970:8)
    at writeOrBuffer (node:internal/streams/writable:572:12)
    at _write (node:internal/streams/writable:501:10)
    at Writable.write (node:internal/streams/writable:510:10)
    at Console.log (/home/drseuss/.cache/firebase/tools/lib/node_modules/winston/lib/winston/transports/console.js:87:23)
    at Console._write (/home/drseuss/.cache/firebase/tools/lib/node_modules/winston-transport/modern.js:103:17)
    at doWrite (/home/drseuss/.cache/firebase/tools/lib/node_modules/winston-transport/node_modules/readable-stream/lib/_stream_writable.js:390:139)
[error] 
[error] Error: An unexpected error has occurred.
[debug] [2026-08-27T16:54:34.319Z] Error: write EPIPE
    at afterWriteDispatched (node:internal/stream_base_commons:161:15)
    at writeGeneric (node:internal/stream_base_commons:152:3)
    at Socket._writeGeneric (node:net:958:11)
    at Socket._write (node:net:970:8)
    at writeOrBuffer (node:internal/streams/writable:572:12)
    at _write (node:internal/streams/writable:501:10)
    at Writable.write (node:internal/streams/writable:510:10)
    at Console.log (/home/drseuss/.cache/firebase/tools/lib/node_modules/winston/lib/winston/transports/console.js:87:23)
    at Console._write (/home/drseuss/.cache/firebase/tools/lib/node_modules/winston-transport/modern.js:103:17)
    at doWrite (/home/drseuss/.cache/firebase/tools/lib/node_modules/winston-transport/node_modules/readable-stream/lib/_stream_writable.js:390:139)
[error] 
[error] Error: An unexpected error has occurred.
[debug] [2026-08-27T16:54:34.319Z] Error: write EPIPE
    at afterWriteDispatched (node:internal/stream_base_commons:161:15)
    at writeGeneric (node:internal/stream_base_commons:152:3)
    at Socket._writeGeneric (node:net:958:11)
    at Socket._write (node:net:970:8)
    at writeOrBuffer (node:internal/streams/writable:572:12)
    at _write (node:internal/streams/writable:501:10)
    at Writable.write (node:internal/streams/writable:510:10)
    at Console.log (/home/drseuss/.cache/firebase/tools/lib/node_modules/winston/lib/winston/transports/console.js:87:23)
    at Console._write (/home/drseuss/.cache/firebase/tools/lib/node_modules/winston-transport/modern.js:103:17)
    at doWrite (/home/drseuss/.cache/firebase/tools/lib/node_modules/winston-transport/node_modules/readable-stream/lib/_stream_writable.js:390:139)
[error] 
[error] Error: An unexpected error has occurred.
[debug] [2026-08-27T16:54:34.320Z] Error: write EPIPE
    at afterWriteDispatched (node:internal/stream_base_commons:161:15)
    at writeGeneric (node:internal/stream_base_commons:152:3)
    at Socket._writeGeneric (node:net:958:11)
    at Socket._write (node:net:970:8)
    at writeOrBuffer (node:internal/streams/writable:572:12)
    at _write (node:internal/streams/writable:501:10)
    at Writable.write (node:internal/streams/writable:510:10)
    at Console.log (/home/drseuss/.cache/firebase/tools/lib/node_modules/winston/lib/winston/transports/console.js:87:23)
    at Console._write (/home/drseuss/.cache/firebase/tools/lib/node_modules/winston-transport/modern.js:103:17)
    at doWrite (/home/drseuss/.cache/firebase/tools/lib/node_modules/winston-transport/node_modules/readable-stream/lib/_stream_writable.js:390:139)
[error] 
[error] Error: An unexpected error has occurred.
[debug] [2026-08-27T16:54:34.320Z] Error: write EPIPE
    at afterWriteDispatched (node:internal/stream_base_commons:161:15)
    at writeGeneric (node:internal/stream_base_commons:152:3)
    at Socket._writeGeneric (node:net:958:11)
    at Socket._write (node:net:970:8)
    at writeOrBuffer (node:internal/streams/writable:572:12)
    at _write (node:internal/streams/writable:501:10)
    at Writable.write (node:internal/streams/writable:510:10)
    at Console.log (/home/drseuss/.cache/firebase/tools/lib/node_modules/winston/lib/winston/transports/console.js:87:23)
    at Console._write (/home/drseuss/.cache/firebase/tools/lib/node_modules/winston-transport/modern.js:103:17)
    at doWrite (/home/drseuss/.cache/firebase/tools/lib/node_modules/winston-transport/node_modules/readable-stream/lib/_stream_writable.js:390:139)
[error] 
[error] Error: An unexpected error has occurred.
[debug] [2026-08-27T16:54:34.320Z] Error: write EPIPE
    at afterWriteDispatched (node:internal/stream_base_commons:161:15)
    at writeGeneric (node:internal/stream_base_commons:152:3)
    at Socket._writeGeneric (node:net:958:11)
    at Socket._write (node:net:970:8)
    at writeOrBuffer (node:internal/streams/writable:572:12)
    at _write (node:internal/streams/writable:501:10)
    at Writable.write (node:internal/streams/writable:510:10)
    at Console.log (/home/drseuss/.cache/firebase/tools/lib/node_modules/winston/lib/winston/transports/console.js:87:23)
    at Console._write (/home/drseuss/.cache/firebase/tools/lib/node_modules/winston-transport/modern.js:103:17)
    at doWrite (/home/drseuss/.cache/firebase/tools/lib/node_modules/winston-transport/node_modules/readable-stream/lib/_stream_writable.js:390:139)
[error] 
[error] Error: An unexpected error has occurred.
[debug] [2026-08-27T16:54:34.320Z] Error: write EPIPE
    at afterWriteDispatched (node:internal/stream_base_commons:161:15)
    at writeGeneric (node:internal/stream_base_commons:152:3)
    at Socket._writeGeneric (node:net:958:11)
    at Socket._write (node:net:970:8)
    at writeOrBuffer (node:internal/streams/writable:572:12)
    at _write (node:internal/streams/writable:501:10)
    at Writable.write (node:internal/streams/writable:510:10)
    at Console.log (/home/drseuss/.cache/firebase/tools/lib/node_modules/winston/lib/winston/transports/console.js:87:23)
    at Console._write (/home/drseuss/.cache/firebase/tools/lib/node_modules/winston-transport/modern.js:103:17)
    at doWrite (/home/drseuss/.cache/firebase/tools/lib/node_modules/winston-transport/node_modules/readable-stream/lib/_stream_writable.js:390:139)
[error] 
[error] Error: An unexpected error has occurred.
[debug] [2026-08-27T16:54:34.320Z] Error: write EPIPE
    at afterWriteDispatched (node:internal/stream_base_commons:161:15)
    at writeGeneric (node:internal/stream_base_commons:152:3)
    at Socket._writeGeneric (node:net:958:11)
    at Socket._write (node:net:970:8)
    at writeOrBuffer (node:internal/streams/writable:572:12)
    at _write (node:internal/streams/writable:501:10)
    at Writable.write (node:internal/streams/writable:510:10)
    at Console.log (/home/drseuss/.cache/firebase/tools/lib/node_modules/winston/lib/winston/transports/console.js:87:23)
    at Console._write (/home/drseuss/.cache/firebase/tools/lib/node_modules/winston-transport/modern.js:103:17)
    at doWrite (/home/drseuss/.cache/firebase/tools/lib/node_modules/winston-transport/node_modules/readable-stream/lib/_stream_writable.js:390:139)
[error] 
[error] Error: An unexpected error has occurred.
[debug] [2026-08-27T16:54:34.321Z] Error: write EPIPE
    at afterWriteDispatched (node:internal/stream_base_commons:161:15)
    at writeGeneric (node:internal/stream_base_commons:152:3)
    at Socket._writeGeneric (node:net:958:11)
    at Socket._write (node:net:970:8)
    at writeOrBuffer (node:internal/streams/writable:572:12)
    at _write (node:internal/streams/writable:501:10)
    at Writable.write (node:internal/streams/writable:510:10)
    at Console.log (/home/drseuss/.cache/firebase/tools/lib/node_modules/winston/lib/winston/transports/console.js:87:23)
    at Console._write (/home/drseuss/.cache/firebase/tools/lib/node_modules/winston-transport/modern.js:103:17)
    at doWrite (/home/drseuss/.cache/firebase/tools/lib/node_modules/winston-transport/node_modules/readable-stream/lib/_stream_writable.js:390:139)
[error] 
[error] Error: An unexpected error has occurred.
[debug] [2026-08-27T16:54:34.321Z] Error: write EPIPE
    at afterWriteDispatched (node:internal/stream_base_commons:161:15)
    at writeGeneric (node:internal/stream_base_commons:152:3)
    at Socket._writeGeneric (node:net:958:11)
    at Socket._write (node:net:970:8)
    at writeOrBuffer (node:internal/streams/writable:572:12)
    at _write (node:internal/streams/writable:501:10)
    at Writable.write (node:internal/streams/writable:510:10)
    at Console.log (/home/drseuss/.cache/firebase/tools/lib/node_modules/winston/lib/winston/transports/console.js:87:23)
    at Console._write (/home/drseuss/.cache/firebase/tools/lib/node_modules/winston-transport/modern.js:103:17)
    at doWrite (/home/drseuss/.cache/firebase/tools/lib/node_modules/winston-transport/node_modules/readable-stream/lib/_stream_writable.js:390:139)
[error] 
[error] Error: An unexpected error has occurred.
[debug] [2026-08-27T16:54:34.321Z] Error: write EPIPE
    at afterWriteDispatched (node:internal/stream_base_commons:161:15)
    at writeGeneric (node:internal/stream_base_commons:152:3)
    at Socket._writeGeneric (node:net:958:11)
    at Socket._write (node:net:970:8)
    at writeOrBuffer (node:internal/streams/writable:572:12)
    at _write (node:internal/streams/writable:501:10)
    at Writable.write (node:internal/streams/writable:510:10)
    at Console.log (/home/drseuss/.cache/firebase/tools/lib/node_modules/winston/lib/winston/transports/console.js:87:23)
    at Console._write (/home/drseuss/.cache/firebase/tools/lib/node_modules/winston-transport/modern.js:103:17)
    at doWrite (/home/drseuss/.cache/firebase/tools/lib/node_modules/winston-transport/node_modules/readable-stream/lib/_stream_writable.js:390:139)
[error] 
[error] Error: An unexpected error has occurred.
[debug] [2026-08-27T16:54:34.321Z] Error: write EPIPE
    at afterWriteDispatched (node:internal/stream_base_commons:161:15)
    at writeGeneric (node:internal/stream_base_commons:152:3)
    at Socket._writeGeneric (node:net:958:11)
    at Socket._write (node:net:970:8)
    at writeOrBuffer (node:internal/streams/writable:572:12)
    at _write (node:internal/streams/writable:501:10)
    at Writable.write (node:internal/streams/writable:510:10)
    at Console.log (/home/drseuss/.cache/firebase/tools/lib/node_modules/winston/lib/winston/transports/console.js:87:23)
    at Console._write (/home/drseuss/.cache/firebase/tools/lib/node_modules/winston-transport/modern.js:103:17)
    at doWrite (/home/drseuss/.cache/firebase/tools/lib/node_modules/winston-transport/node_modules/readable-stream/lib/_stream_writable.js:390:139)
[error] 
[error] Error: An unexpected error has occurred.
[debug] [2026-08-27T16:54:34.321Z] Error: write EPIPE
    at afterWriteDispatched (node:internal/stream_base_commons:161:15)
    at writeGeneric (node:internal/stream_base_commons:152:3)
    at Socket._writeGeneric (node:net:958:11)
    at Socket._write (node:net:970:8)
    at writeOrBuffer (node:internal/streams/writable:572:12)
    at _write (node:internal/streams/writable:501:10)
    at Writable.write (node:internal/streams/writable:510:10)
    at Console.log (/home/drseuss/.cache/firebase/tools/lib/node_modules/winston/lib/winston/transports/console.js:87:23)
    at Console._write (/home/drseuss/.cache/firebase/tools/lib/node_modules/winston-transport/modern.js:103:17)
    at doWrite (/home/drseuss/.cache/firebase/tools/lib/node_modules/winston-transport/node_modules/readable-stream/lib/_stream_writable.js:390:139)
[error] 
[error] Error: An unexpected error has occurred.
[debug] [2026-08-27T16:54:34.322Z] Error: write EPIPE
    at afterWriteDispatched (node:internal/stream_base_commons:161:15)
    at writeGeneric (node:internal/stream_base_commons:152:3)
    at Socket._writeGeneric (node:net:958:11)
    at Socket._write (node:net:970:8)
    at writeOrBuffer (node:internal/streams/writable:572:12)
    at _write (node:internal/streams/writable:501:10)
    at Writable.write (node:internal/streams/writable:510:10)
    at Console.log (/home/drseuss/.cache/firebase/tools/lib/node_modules/winston/lib/winston/transports/console.js:87:23)
    at Console._write (/home/drseuss/.cache/firebase/tools/lib/node_modules/winston-transport/modern.js:103:17)
    at doWrite (/home/drseuss/.cache/firebase/tools/lib/node_modules/winston-transport/node_modules/readable-stream/lib/_stream_writable.js:390:139)
[error] 
[error] Error: An unexpected error has occurred.
[debug] [2026-08-27T16:54:34.322Z] Error: write EPIPE
    at afterWriteDispatched (node:internal/stream_base_commons:161:15)
    at writeGeneric (node:internal/stream_base_commons:152:3)
    at Socket._writeGeneric (node:net:958:11)
    at Socket._write (node:net:970:8)
    at writeOrBuffer (node:internal/streams/writable:572:12)
    at _write (node:internal/streams/writable:501:10)
    at Writable.write (node:internal/streams/writable:510:10)
    at Console.log (/home/drseuss/.cache/firebase/tools/lib/node_modules/winston/lib/winston/transports/console.js:87:23)
    at Console._write (/home/drseuss/.cache/firebase/tools/lib/node_modules/winston-transport/modern.js:103:17)
    at doWrite (/home/drseuss/.cache/firebase/tools/lib/node_modules/winston-transport/node_modules/readable-stream/lib/_stream_writable.js:390:139)
[error] 
[error] Error: An unexpected error has occurred.
[debug] [2026-08-27T16:54:34.322Z] Error: write EPIPE
    at afterWriteDispatched (node:internal/stream_base_commons:161:15)
    at writeGeneric (node:internal/stream_base_commons:152:3)
    at Socket._writeGeneric (node:net:958:11)
    at Socket._write (node:net:970:8)
    at writeOrBuffer (node:internal/streams/writable:572:12)
    at _write (node:internal/streams/writable:501:10)
    at Writable.write (node:internal/streams/writable:510:10)
    at Console.log (/home/drseuss/.cache/firebase/tools/lib/node_modules/winston/lib/winston/transports/console.js:87:23)
    at Console._write (/home/drseuss/.cache/firebase/tools/lib/node_modules/winston-transport/modern.js:103:17)
    at doWrite (/home/drseuss/.cache/firebase/tools/lib/node_modules/winston-transport/node_modules/readable-stream/lib/_stream_writable.js:390:139)
[error] 
[error] Error: An unexpected error has occurred.
[debug] [2026-08-27T16:54:34.322Z] Error: write EPIPE
    at afterWriteDispatched (node:internal/stream_base_commons:161:15)
    at writeGeneric (node:internal/stream_base_commons:152:3)
    at Socket._writeGeneric (node:net:958:11)
    at Socket._write (node:net:970:8)
    at writeOrBuffer (node:internal/streams/writable:572:12)
    at _write (node:internal/streams/writable:501:10)
    at Writable.write (node:internal/streams/writable:510:10)
    at Console.log (/home/drseuss/.cache/firebase/tools/lib/node_modules/winston/lib/winston/transports/console.js:87:23)
    at Console._write (/home/drseuss/.cache/firebase/tools/lib/node_modules/winston-transport/modern.js:103:17)
    at doWrite (/home/drseuss/.cache/firebase/tools/lib/node_modules/winston-transport/node_modules/readable-stream/lib/_stream_writable.js:390:139)
[error] 
[error] Error: An unexpected error has occurred.
[debug] [2026-08-27T16:54:34.322Z] Error: write EPIPE
    at afterWriteDispatched (node:internal/stream_base_commons:161:15)
    at writeGeneric (node:internal/stream_base_commons:152:3)
    at Socket._writeGeneric (node:net:958:11)
    at Socket._write (node:net:970:8)
    at writeOrBuffer (node:internal/streams/writable:572:12)
    at _write (node:internal/streams/writable:501:10)
    at Writable.write (node:internal/streams/writable:510:10)
    at Console.log (/home/drseuss/.cache/firebase/tools/lib/node_modules/winston/lib/winston/transports/console.js:87:23)
    at Console._write (/home/drseuss/.cache/firebase/tools/lib/node_modules/winston-transport/modern.js:103:17)
    at doWrite (/home/drseuss/.cache/firebase/tools/lib/node_modules/winston-transport/node_modules/readable-stream/lib/_stream_writable.js:390:139)
[error] 
[error] Error: An unexpected error has occurred.
[debug] [2026-08-27T16:54:34.323Z] Error: write EPIPE
    at afterWriteDispatched (node:internal/stream_base_commons:161:15)
    at writeGeneric (node:internal/stream_base_commons:152:3)
    at Socket._writeGeneric (node:net:958:11)
    at Socket._write (node:net:970:8)
    at writeOrBuffer (node:internal/streams/writable:572:12)
    at _write (node:internal/streams/writable:501:10)
    at Writable.write (node:internal/streams/writable:510:10)
    at Console.log (/home/drseuss/.cache/firebase/tools/lib/node_modules/winston/lib/winston/transports/console.js:87:23)
    at Console._write (/home/drseuss/.cache/firebase/tools/lib/node_modules/winston-transport/modern.js:103:17)
    at doWrite (/home/drseuss/.cache/firebase/tools/lib/node_modules/winston-transport/node_modules/readable-stream/lib/_stream_writable.js:390:139)
[error] 
[error] Error: An unexpected error has occurred.
[debug] [2026-08-27T16:54:34.323Z] Error: write EPIPE
    at afterWriteDispatched (node:internal/stream_base_commons:161:15)
    at writeGeneric (node:internal/stream_base_commons:152:3)
    at Socket._writeGeneric (node:net:958:11)
    at Socket._write (node:net:970:8)
    at writeOrBuffer (node:internal/streams/writable:572:12)
    at _write (node:internal/streams/writable:501:10)
    at Writable.write (node:internal/streams/writable:510:10)
    at Console.log (/home/drseuss/.cache/firebase/tools/lib/node_modules/winston/lib/winston/transports/console.js:87:23)
    at Console._write (/home/drseuss/.cache/firebase/tools/lib/node_modules/winston-transport/modern.js:103:17)
    at doWrite (/home/drseuss/.cache/firebase/tools/lib/node_modules/winston-transport/node_modules/readable-stream/lib/_stream_writable.js:390:139)
[error] 
[error] Error: An unexpected error has occurred.
[debug] [2026-08-27T16:54:34.323Z] Error: write EPIPE
    at afterWriteDispatched (node:internal/stream_base_commons:161:15)
    at writeGeneric (node:internal/stream_base_commons:152:3)
    at Socket._writeGeneric (node:net:958:11)
    at Socket._write (node:net:970:8)
    at writeOrBuffer (node:internal/streams/writable:572:12)
    at _write (node:internal/streams/writable:501:10)
    at Writable.write (node:internal/streams/writable:510:10)
    at Console.log (/home/drseuss/.cache/firebase/tools/lib/node_modules/winston/lib/winston/transports/console.js:87:23)
    at Console._write (/home/drseuss/.cache/firebase/tools/lib/node_modules/winston-transport/modern.js:103:17)
    at doWrite (/home/drseuss/.cache/firebase/tools/lib/node_modules/winston-transport/node_modules/readable-stream/lib/_stream_writable.js:390:139)
[error] 
[error] Error: An unexpected error has occurred.
[debug] [2026-08-27T16:54:34.323Z] Error: write EPIPE
    at afterWriteDispatched (node:internal/stream_base_commons:161:15)
    at writeGeneric (node:internal/stream_base_commons:152:3)
    at Socket._writeGeneric (node:net:958:11)
    at Socket._write (node:net:970:8)
    at writeOrBuffer (node:internal/streams/writable:572:12)
    at _write (node:internal/streams/writable:501:10)
    at Writable.write (node:internal/streams/writable:510:10)
    at Console.log (/home/drseuss/.cache/firebase/tools/lib/node_modules/winston/lib/winston/transports/console.js:87:23)
    at Console._write (/home/drseuss/.cache/firebase/tools/lib/node_modules/winston-transport/modern.js:103:17)
    at doWrite (/home/drseuss/.cache/firebase/tools/lib/node_modules/winston-transport/node_modules/readable-stream/lib/_stream_writable.js:390:139)
[error] 
[error] Error: An unexpected error has occurred.
[debug] [2026-08-27T16:54:34.324Z] Error: write EPIPE
    at afterWriteDispatched (node:internal/stream_base_commons:161:15)
    at writeGeneric (node:internal/stream_base_commons:152:3)
    at Socket._writeGeneric (node:net:958:11)
    at Socket._write (node:net:970:8)
    at writeOrBuffer (node:internal/streams/writable:572:12)
    at _write (node:internal/streams/writable:501:10)
    at Writable.write (node:internal/streams/writable:510:10)
    at Console.log (/home/drseuss/.cache/firebase/tools/lib/node_modules/winston/lib/winston/transports/console.js:87:23)
    at Console._write (/home/drseuss/.cache/firebase/tools/lib/node_modules/winston-transport/modern.js:103:17)
    at doWrite (/home/drseuss/.cache/firebase/tools/lib/node_modules/winston-transport/node_modules/readable-stream/lib/_stream_writable.js:390:139)
[error] 
[error] Error: An unexpected error has occurred.
[debug] [2026-08-27T16:54:34.324Z] Error: write EPIPE
    at afterWriteDispatched (node:internal/stream_base_commons:161:15)
    at writeGeneric (node:internal/stream_base_commons:152:3)
    at Socket._writeGeneric (node:net:958:11)
    at Socket._write (node:net:970:8)
    at writeOrBuffer (node:internal/streams/writable:572:12)
    at _write (node:internal/streams/writable:501:10)
    at Writable.write (node:internal/streams/writable:510:10)
    at Console.log (/home/drseuss/.cache/firebase/tools/lib/node_modules/winston/lib/winston/transports/console.js:87:23)
    at Console._write (/home/drseuss/.cache/firebase/tools/lib/node_modules/winston-transport/modern.js:103:17)
    at doWrite (/home/drseuss/.cache/firebase/tools/lib/node_modules/winston-transport/node_modules/readable-stream/lib/_stream_writable.js:390:139)
[error] 
[error] Error: An unexpected error has occurred.
[debug] [2026-08-27T16:54:34.324Z] Error: write EPIPE
    at afterWriteDispatched (node:internal/stream_base_commons:161:15)
    at writeGeneric (node:internal/stream_base_commons:152:3)
    at Socket._writeGeneric (node:net:958:11)
    at Socket._write (node:net:970:8)
    at writeOrBuffer (node:internal/streams/writable:572:12)
    at _write (node:internal/streams/writable:501:10)
    at Writable.write (node:internal/streams/writable:510:10)
    at Console.log (/home/drseuss/.cache/firebase/tools/lib/node_modules/winston/lib/winston/transports/console.js:87:23)
    at Console._write (/home/drseuss/.cache/firebase/tools/lib/node_modules/winston-transport/modern.js:103:17)
    at doWrite (/home/drseuss/.cache/firebase/tools/lib/node_modules/winston-transport/node_modules/readable-stream/lib/_stream_writable.js:390:139)
[error] 
[error] Error: An unexpected error has occurred.
[debug] [2026-08-27T16:54:34.324Z] Error: write EPIPE
    at afterWriteDispatched (node:internal/stream_base_commons:161:15)
    at writeGeneric (node:internal/stream_base_commons:152:3)
    at Socket._writeGeneric (node:net:958:11)
    at Socket._write (node:net:970:8)
    at writeOrBuffer (node:internal/streams/writable:572:12)
    at _write (node:internal/streams/writable:501:10)
    at Writable.write (node:internal/streams/writable:510:10)
    at Console.log (/home/drseuss/.cache/firebase/tools/lib/node_modules/winston/lib/winston/transports/console.js:87:23)
    at Console._write (/home/drseuss/.cache/firebase/tools/lib/node_modules/winston-transport/modern.js:103:17)
    at doWrite (/home/drseuss/.cache/firebase/tools/lib/node_modules/winston-transport/node_modules/readable-stream/lib/_stream_writable.js:390:139)
[error] 
[error] Error: An unexpected error has occurred.
[debug] [2026-08-27T16:54:34.324Z] Error: write EPIPE
    at afterWriteDispatched (node:internal/stream_base_commons:161:15)
    at writeGeneric (node:internal/stream_base_commons:152:3)
    at Socket._writeGeneric (node:net:958:11)
    at Socket._write (node:net:970:8)
    at writeOrBuffer (node:internal/streams/writable:572:12)
    at _write (node:internal/streams/writable:501:10)
    at Writable.write (node:internal/streams/writable:510:10)
    at Console.log (/home/drseuss/.cache/firebase/tools/lib/node_modules/winston/lib/winston/transports/console.js:87:23)
    at Console._write (/home/drseuss/.cache/firebase/tools/lib/node_modules/winston-transport/modern.js:103:17)
    at doWrite (/home/drseuss/.cache/firebase/tools/lib/node_modules/winston-transport/node_modules/readable-stream/lib/_stream_writable.js:390:139)
[error] 
[error] Error: An unexpected error has occurred.
[debug] [2026-08-27T16:54:34.324Z] Error: write EPIPE
    at afterWriteDispatched (node:internal/stream_base_commons:161:15)
    at writeGeneric (node:internal/stream_base_commons:152:3)
    at Socket._writeGeneric (node:net:958:11)
    at Socket._write (node:net:970:8)
    at writeOrBuffer (node:internal/streams/writable:572:12)
    at _write (node:internal/streams/writable:501:10)
    at Writable.write (node:internal/streams/writable:510:10)
    at Console.log (/home/drseuss/.cache/firebase/tools/lib/node_modules/winston/lib/winston/transports/console.js:87:23)
    at Console._write (/home/drseuss/.cache/firebase/tools/lib/node_modules/winston-transport/modern.js:103:17)
    at doWrite (/home/drseuss/.cache/firebase/tools/lib/node_modules/winston-transport/node_modules/readable-stream/lib/_stream_writable.js:390:139)
[error] 
[error] Error: An unexpected error has occurred.
[debug] [2026-08-27T16:54:34.324Z] Error: write EPIPE
    at afterWriteDispatched (node:internal/stream_base_commons:161:15)
    at writeGeneric (node:internal/stream_base_commons:152:3)
    at Socket._writeGeneric (node:net:958:11)
    at Socket._write (node:net:970:8)
    at writeOrBuffer (node:internal/streams/writable:572:12)
    at _write (node:internal/streams/writable:501:10)
    at Writable.write (node:internal/streams/writable:510:10)
    at Console.log (/home/drseuss/.cache/firebase/tools/lib/node_modules/winston/lib/winston/transports/console.js:87:23)
    at Console._write (/home/drseuss/.cache/firebase/tools/lib/node_modules/winston-transport/modern.js:103:17)
    at doWrite (/home/drseuss/.cache/firebase/tools/lib/node_modules/winston-transport/node_modules/readable-stream/lib/_stream_writable.js:390:139)
[error] 
[error] Error: An unexpected error has occurred.
[debug] [2026-08-27T16:54:34.325Z] Error: write EPIPE
    at afterWriteDispatched (node:internal/stream_base_commons:161:15)
    at writeGeneric (node:internal/stream_base_commons:152:3)
    at Socket._writeGeneric (node:net:958:11)
    at Socket._write (node:net:970:8)
    at writeOrBuffer (node:internal/streams/writable:572:12)
    at _write (node:internal/streams/writable:501:10)
    at Writable.write (node:internal/streams/writable:510:10)
    at Console.log (/home/drseuss/.cache/firebase/tools/lib/node_modules/winston/lib/winston/transports/console.js:87:23)
    at Console._write (/home/drseuss/.cache/firebase/tools/lib/node_modules/winston-transport/modern.js:103:17)
    at doWrite (/home/drseuss/.cache/firebase/tools/lib/node_modules/winston-transport/node_modules/readable-stream/lib/_stream_writable.js:390:139)
[error] 
[error] Error: An unexpected error has occurred.
[debug] [2026-08-27T16:54:34.325Z] Error: write EPIPE
    at afterWriteDispatched (node:internal/stream_base_commons:161:15)
    at writeGeneric (node:internal/stream_base_commons:152:3)
    at Socket._writeGeneric (node:net:958:11)
    at Socket._write (node:net:970:8)
    at writeOrBuffer (node:internal/streams/writable:572:12)
    at _write (node:internal/streams/writable:501:10)
    at Writable.write (node:internal/streams/writable:510:10)
    at Console.log (/home/drseuss/.cache/firebase/tools/lib/node_modules/winston/lib/winston/transports/console.js:87:23)
    at Console._write (/home/drseuss/.cache/firebase/tools/lib/node_modules/winston-transport/modern.js:103:17)
    at doWrite (/home/drseuss/.cache/firebase/tools/lib/node_modules/winston-transport/node_modules/readable-stream/lib/_stream_writable.js:390:139)
[error] 
[error] Error: An unexpected error has occurred.
[debug] [2026-08-27T16:54:34.325Z] Error: write EPIPE
    at afterWriteDispatched (node:internal/stream_base_commons:161:15)
    at writeGeneric (node:internal/stream_base_commons:152:3)
    at Socket._writeGeneric (node:net:958:11)
    at Socket._write (node:net:970:8)
    at writeOrBuffer (node:internal/streams/writable:572:12)
    at _write (node:internal/streams/writable:501:10)
    at Writable.write (node:internal/streams/writable:510:10)
    at Console.log (/home/drseuss/.cache/firebase/tools/lib/node_modules/winston/lib/winston/transports/console.js:87:23)
    at Console._write (/home/drseuss/.cache/firebase/tools/lib/node_modules/winston-transport/modern.js:103:17)
    at doWrite (/home/drseuss/.cache/firebase/tools/lib/node_modules/winston-transport/node_modules/readable-stream/lib/_stream_writable.js:390:139)
[error] 
[error] Error: An unexpected error has occurred.
[debug] [2026-08-27T16:54:34.325Z] Error: write EPIPE
    at afterWriteDispatched (node:internal/stream_base_commons:161:15)
    at writeGeneric (node:internal/stream_base_commons:152:3)
    at Socket._writeGeneric (node:net:958:11)
    at Socket._write (node:net:970:8)
    at writeOrBuffer (node:internal/streams/writable:572:12)
    at _write (node:internal/streams/writable:501:10)
    at Writable.write (node:internal/streams/writable:510:10)
    at Console.log (/home/drseuss/.cache/firebase/tools/lib/node_modules/winston/lib/winston/transports/console.js:87:23)
    at Console._write (/home/drseuss/.cache/firebase/tools/lib/node_modules/winston-transport/modern.js:103:17)
    at doWrite (/home/drseuss/.cache/firebase/tools/lib/node_modules/winston-transport/node_modules/readable-stream/lib/_stream_writable.js:390:139)
[error] 
[error] Error: An unexpected error has occurred.
[debug] [2026-08-27T16:54:34.325Z] Error: write EPIPE
    at afterWriteDispatched (node:internal/stream_base_commons:161:15)
    at writeGeneric (node:internal/stream_base_commons:152:3)
    at Socket._writeGeneric (node:net:958:11)
    at Socket._write (node:net:970:8)
    at writeOrBuffer (node:internal/streams/writable:572:12)
    at _write (node:internal/streams/writable:501:10)
    at Writable.write (node:internal/streams/writable:510:10)
    at Console.log (/home/drseuss/.cache/firebase/tools/lib/node_modules/winston/lib/winston/transports/console.js:87:23)
    at Console._write (/home/drseuss/.cache/firebase/tools/lib/node_modules/winston-transport/modern.js:103:17)
    at doWrite (/home/drseuss/.cache/firebase/tools/lib/node_modules/winston-transport/node_modules/readable-stream/lib/_stream_writable.js:390:139)
[error] 
[error] Error: An unexpected error has occurred.
[debug] [2026-08-27T16:54:34.325Z] Error: write EPIPE
    at afterWriteDispatched (node:internal/stream_base_commons:161:15)
    at writeGeneric (node:internal/stream_base_commons:152:3)
    at Socket._writeGeneric (node:net:958:11)
    at Socket._write (node:net:970:8)
    at writeOrBuffer (node:internal/streams/writable:572:12)
    at _write (node:internal/streams/writable:501:10)
    at Writable.write (node:internal/streams/writable:510:10)
    at Console.log (/home/drseuss/.cache/firebase/tools/lib/node_modules/winston/lib/winston/transports/console.js:87:23)
    at Console._write (/home/drseuss/.cache/firebase/tools/lib/node_modules/winston-transport/modern.js:103:17)
    at doWrite (/home/drseuss/.cache/firebase/tools/lib/node_modules/winston-transport/node_modules/readable-stream/lib/_stream_writable.js:390:139)
[error] 
[error] Error: An unexpected error has occurred.
[debug] [2026-08-27T16:54:34.326Z] Error: write EPIPE
    at afterWriteDispatched (node:internal/stream_base_commons:161:15)
    at writeGeneric (node:internal/stream_base_commons:152:3)
    at Socket._writeGeneric (node:net:958:11)
    at Socket._write (node:net:970:8)
    at writeOrBuffer (node:internal/streams/writable:572:12)
    at _write (node:internal/streams/writable:501:10)
    at Writable.write (node:internal/streams/writable:510:10)
    at Console.log (/home/drseuss/.cache/firebase/tools/lib/node_modules/winston/lib/winston/transports/console.js:87:23)
    at Console._write (/home/drseuss/.cache/firebase/tools/lib/node_modules/winston-transport/modern.js:103:17)
    at doWrite (/home/drseuss/.cache/firebase/tools/lib/node_modules/winston-transport/node_modules/readable-stream/lib/_stream_writable.js:390:139)
[error] 
[error] Error: An unexpected error has occurred.
[debug] [2026-08-27T16:54:34.326Z] Error: write EPIPE
    at afterWriteDispatched (node:internal/stream_base_commons:161:15)
    at writeGeneric (node:internal/stream_base_commons:152:3)
    at Socket._writeGeneric (node:net:958:11)
    at Socket._write (node:net:970:8)
    at writeOrBuffer (node:internal/streams/writable:572:12)
    at _write (node:internal/streams/writable:501:10)
    at Writable.write (node:internal/streams/writable:510:10)
    at Console.log (/home/drseuss/.cache/firebase/tools/lib/node_modules/winston/lib/winston/transports/console.js:87:23)
    at Console._write (/home/drseuss/.cache/firebase/tools/lib/node_modules/winston-transport/modern.js:103:17)
    at doWrite (/home/drseuss/.cache/firebase/tools/lib/node_modules/winston-transport/node_modules/readable-stream/lib/_stream_writable.js:390:139)
[error] 
[error] Error: An unexpected error has occurred.
[debug] [2026-08-27T16:54:34.326Z] Error: write EPIPE
    at afterWriteDispatched (node:internal/stream_base_commons:161:15)
    at writeGeneric (node:internal/stream_base_commons:152:3)
    at Socket._writeGeneric (node:net:958:11)
    at Socket._write (node:net:970:8)
    at writeOrBuffer (node:internal/streams/writable:572:12)
    at _write (node:internal/streams/writable:501:10)
    at Writable.write (node:internal/streams/writable:510:10)
    at Console.log (/home/drseuss/.cache/firebase/tools/lib/node_modules/winston/lib/winston/transports/console.js:87:23)
    at Console._write (/home/drseuss/.cache/firebase/tools/lib/node_modules/winston-transport/modern.js:103:17)
    at doWrite (/home/drseuss/.cache/firebase/tools/lib/node_modules/winston-transport/node_modules/readable-stream/lib/_stream_writable.js:390:139)
[error] 
[error] Error: An unexpected error has occurred.
[debug] [2026-08-27T16:54:34.326Z] Error: write EPIPE
    at afterWriteDispatched (node:internal/stream_base_commons:161:15)
    at writeGeneric (node:internal/stream_base_commons:152:3)
    at Socket._writeGeneric (node:net:958:11)
    at Socket._write (node:net:970:8)
    at writeOrBuffer (node:internal/streams/writable:572:12)
    at _write (node:internal/streams/writable:501:10)
    at Writable.write (node:internal/streams/writable:510:10)
    at Console.log (/home/drseuss/.cache/firebase/tools/lib/node_modules/winston/lib/winston/transports/console.js:87:23)
    at Console._write (/home/drseuss/.cache/firebase/tools/lib/node_modules/winston-transport/modern.js:103:17)
    at doWrite (/home/drseuss/.cache/firebase/tools/lib/node_modules/winston-transport/node_modules/readable-stream/lib/_stream_writable.js:390:139)
[error] 
[error] Error: An unexpected error has occurred.
[debug] [2026-08-27T16:54:34.326Z] Error: write EPIPE
    at afterWriteDispatched (node:internal/stream_base_commons:161:15)
    at writeGeneric (node:internal/stream_base_commons:152:3)
    at Socket._writeGeneric (node:net:958:11)
    at Socket._write (node:net:970:8)
    at writeOrBuffer (node:internal/streams/writable:572:12)
    at _write (node:internal/streams/writable:501:10)
    at Writable.write (node:internal/streams/writable:510:10)
    at Console.log (/home/drseuss/.cache/firebase/tools/lib/node_modules/winston/lib/winston/transports/console.js:87:23)
    at Console._write (/home/drseuss/.cache/firebase/tools/lib/node_modules/winston-transport/modern.js:103:17)
    at doWrite (/home/drseuss/.cache/firebase/tools/lib/node_modules/winston-transport/node_modules/readable-stream/lib/_stream_writable.js:390:139)
[error] 
[error] Error: An unexpected error has occurred.
[debug] [2026-08-27T16:54:34.326Z] Error: write EPIPE
    at afterWriteDispatched (node:internal/stream_base_commons:161:15)
    at writeGeneric (node:internal/stream_base_commons:152:3)
    at Socket._writeGeneric (node:net:958:11)
    at Socket._write (node:net:970:8)
    at writeOrBuffer (node:internal/streams/writable:572:12)
    at _write (node:internal/streams/writable:501:10)
    at Writable.write (node:internal/streams/writable:510:10)
    at Console.log (/home/drseuss/.cache/firebase/tools/lib/node_modules/winston/lib/winston/transports/console.js:87:23)
    at Console._write (/home/drseuss/.cache/firebase/tools/lib/node_modules/winston-transport/modern.js:103:17)
    at doWrite (/home/drseuss/.cache/firebase/tools/lib/node_modules/winston-transport/node_modules/readable-stream/lib/_stream_writable.js:390:139)
[error] 
[error] Error: An unexpected error has occurred.
[debug] [2026-08-27T16:54:34.327Z] Error: write EPIPE
    at afterWriteDispatched (node:internal/stream_base_commons:161:15)
    at writeGeneric (node:internal/stream_base_commons:152:3)
    at Socket._writeGeneric (node:net:958:11)
    at Socket._write (node:net:970:8)
    at writeOrBuffer (node:internal/streams/writable:572:12)
    at _write (node:internal/streams/writable:501:10)
    at Writable.write (node:internal/streams/writable:510:10)
    at Console.log (/home/drseuss/.cache/firebase/tools/lib/node_modules/winston/lib/winston/transports/console.js:87:23)
    at Console._write (/home/drseuss/.cache/firebase/tools/lib/node_modules/winston-transport/modern.js:103:17)
    at doWrite (/home/drseuss/.cache/firebase/tools/lib/node_modules/winston-transport/node_modules/readable-stream/lib/_stream_writable.js:390:139)
[error] 
[error] Error: An unexpected error has occurred.
[debug] [2026-08-27T16:54:34.327Z] Error: write EPIPE
    at afterWriteDispatched (node:internal/stream_base_commons:161:15)
    at writeGeneric (node:internal/stream_base_commons:152:3)
    at Socket._writeGeneric (node:net:958:11)
    at Socket._write (node:net:970:8)
    at writeOrBuffer (node:internal/streams/writable:572:12)
    at _write (node:internal/streams/writable:501:10)
    at Writable.write (node:internal/streams/writable:510:10)
    at Console.log (/home/drseuss/.cache/firebase/tools/lib/node_modules/winston/lib/winston/transports/console.js:87:23)
    at Console._write (/home/drseuss/.cache/firebase/tools/lib/node_modules/winston-transport/modern.js:103:17)
    at doWrite (/home/drseuss/.cache/firebase/tools/lib/node_modules/winston-transport/node_modules/readable-stream/lib/_stream_writable.js:390:139)
[error] 
[error] Error: An unexpected error has occurred.
[debug] [2026-08-27T16:54:34.327Z] Error: write EPIPE
    at afterWriteDispatched (node:internal/stream_base_commons:161:15)
    at writeGeneric (node:internal/stream_base_commons:152:3)
    at Socket._writeGeneric (node:net:958:11)
    at Socket._write (node:net:970:8)
    at writeOrBuffer (node:internal/streams/writable:572:12)
    at _write (node:internal/streams/writable:501:10)
    at Writable.write (node:internal/streams/writable:510:10)
    at Console.log (/home/drseuss/.cache/firebase/tools/lib/node_modules/winston/lib/winston/transports/console.js:87:23)
    at Console._write (/home/drseuss/.cache/firebase/tools/lib/node_modules/winston-transport/modern.js:103:17)
    at doWrite (/home/drseuss/.cache/firebase/tools/lib/node_modules/winston-transport/node_modules/readable-stream/lib/_stream_writable.js:390:139)
[error] 
[error] Error: An unexpected error has occurred.
[debug] [2026-08-27T16:54:34.328Z] Error: write EPIPE
    at afterWriteDispatched (node:internal/stream_base_commons:161:15)
    at writeGeneric (node:internal/stream_base_commons:152:3)
    at Socket._writeGeneric (node:net:958:11)
    at Socket._write (node:net:970:8)
    at writeOrBuffer (node:internal/streams/writable:572:12)
    at _write (node:internal/streams/writable:501:10)
    at Writable.write (node:internal/streams/writable:510:10)
    at Console.log (/home/drseuss/.cache/firebase/tools/lib/node_modules/winston/lib/winston/transports/console.js:87:23)
    at Console._write (/home/drseuss/.cache/firebase/tools/lib/node_modules/winston-transport/modern.js:103:17)
    at doWrite (/home/drseuss/.cache/firebase/tools/lib/node_modules/winston-transport/node_modules/readable-stream/lib/_stream_writable.js:390:139)
[error] 
[error] Error: An unexpected error has occurred.
[debug] [2026-08-27T16:54:34.328Z] Error: write EPIPE
    at afterWriteDispatched (node:internal/stream_base_commons:161:15)
    at writeGeneric (node:internal/stream_base_commons:152:3)
    at Socket._writeGeneric (node:net:958:11)
    at Socket._write (node:net:970:8)
    at writeOrBuffer (node:internal/streams/writable:572:12)
    at _write (node:internal/streams/writable:501:10)
    at Writable.write (node:internal/streams/writable:510:10)
    at Console.log (/home/drseuss/.cache/firebase/tools/lib/node_modules/winston/lib/winston/transports/console.js:87:23)
    at Console._write (/home/drseuss/.cache/firebase/tools/lib/node_modules/winston-transport/modern.js:103:17)
    at doWrite (/home/drseuss/.cache/firebase/tools/lib/node_modules/winston-transport/node_modules/readable-stream/lib/_stream_writable.js:390:139)
[error] 
[error] Error: An unexpected error has occurred.
[debug] [2026-08-27T16:54:34.328Z] Error: write EPIPE
    at afterWriteDispatched (node:internal/stream_base_commons:161:15)
    at writeGeneric (node:internal/stream_base_commons:152:3)
    at Socket._writeGeneric (node:net:958:11)
    at Socket._write (node:net:970:8)
    at writeOrBuffer (node:internal/streams/writable:572:12)
    at _write (node:internal/streams/writable:501:10)
    at Writable.write (node:internal/streams/writable:510:10)
    at Console.log (/home/drseuss/.cache/firebase/tools/lib/node_modules/winston/lib/winston/transports/console.js:87:23)
    at Console._write (/home/drseuss/.cache/firebase/tools/lib/node_modules/winston-transport/modern.js:103:17)
    at doWrite (/home/drseuss/.cache/firebase/tools/lib/node_modules/winston-transport/node_modules/readable-stream/lib/_stream_writable.js:390:139)
[error] 
[error] Error: An unexpected error has occurred.
[debug] [2026-08-27T16:54:34.328Z] Error: write EPIPE
    at afterWriteDispatched (node:internal/stream_base_commons:161:15)
    at writeGeneric (node:internal/stream_base_commons:152:3)
    at Socket._writeGeneric (node:net:958:11)
    at Socket._write (node:net:970:8)
    at writeOrBuffer (node:internal/streams/writable:572:12)
    at _write (node:internal/streams/writable:501:10)
    at Writable.write (node:internal/streams/writable:510:10)
    at Console.log (/home/drseuss/.cache/firebase/tools/lib/node_modules/winston/lib/winston/transports/console.js:87:23)
    at Console._write (/home/drseuss/.cache/firebase/tools/lib/node_modules/winston-transport/modern.js:103:17)
    at doWrite (/home/drseuss/.cache/firebase/tools/lib/node_modules/winston-transport/node_modules/readable-stream/lib/_stream_writable.js:390:139)
[error] 
[error] Error: An unexpected error has occurred.
[debug] [2026-08-27T16:54:34.328Z] Error: write EPIPE
    at afterWriteDispatched (node:internal/stream_base_commons:161:15)
    at writeGeneric (node:internal/stream_base_commons:152:3)
    at Socket._writeGeneric (node:net:958:11)
    at Socket._write (node:net:970:8)
    at writeOrBuffer (node:internal/streams/writable:572:12)
    at _write (node:internal/streams/writable:501:10)
    at Writable.write (node:internal/streams/writable:510:10)
    at Console.log (/home/drseuss/.cache/firebase/tools/lib/node_modules/winston/lib/winston/transports/console.js:87:23)
    at Console._write (/home/drseuss/.cache/firebase/tools/lib/node_modules/winston-transport/modern.js:103:17)
    at doWrite (/home/drseuss/.cache/firebase/tools/lib/node_modules/winston-transport/node_modules/readable-stream/lib/_stream_writable.js:390:139)
[error] 
[error] Error: An unexpected error has occurred.
[debug] [2026-08-27T16:54:34.328Z] Error: write EPIPE
    at afterWriteDispatched (node:internal/stream_base_commons:161:15)
    at writeGeneric (node:internal/stream_base_commons:152:3)
    at Socket._writeGeneric (node:net:958:11)
    at Socket._write (node:net:970:8)
    at writeOrBuffer (node:internal/streams/writable:572:12)
    at _write (node:internal/streams/writable:501:10)
    at Writable.write (node:internal/streams/writable:510:10)
    at Console.log (/home/drseuss/.cache/firebase/tools/lib/node_modules/winston/lib/winston/transports/console.js:87:23)
    at Console._write (/home/drseuss/.cache/firebase/tools/lib/node_modules/winston-transport/modern.js:103:17)
    at doWrite (/home/drseuss/.cache/firebase/tools/lib/node_modules/winston-transport/node_modules/readable-stream/lib/_stream_writable.js:390:139)
[error] 
[error] Error: An unexpected error has occurred.
[debug] [2026-08-27T16:54:34.328Z] Error: write EPIPE
    at afterWriteDispatched (node:internal/stream_base_commons:161:15)
    at writeGeneric (node:internal/stream_base_commons:152:3)
    at Socket._writeGeneric (node:net:958:11)
    at Socket._write (node:net:970:8)
    at writeOrBuffer (node:internal/streams/writable:572:12)
    at _write (node:internal/streams/writable:501:10)
    at Writable.write (node:internal/streams/writable:510:10)
    at Console.log (/home/drseuss/.cache/firebase/tools/lib/node_modules/winston/lib/winston/transports/console.js:87:23)
    at Console._write (/home/drseuss/.cache/firebase/tools/lib/node_modules/winston-transport/modern.js:103:17)
    at doWrite (/home/drseuss/.cache/firebase/tools/lib/node_modules/winston-transport/node_modules/readable-stream/lib/_stream_writable.js:390:139)
[error] 
[error] Error: An unexpected error has occurred.
[debug] [2026-08-27T16:54:34.329Z] Error: write EPIPE
    at afterWriteDispatched (node:internal/stream_base_commons:161:15)
    at writeGeneric (node:internal/stream_base_commons:152:3)
    at Socket._writeGeneric (node:net:958:11)
    at Socket._write (node:net:970:8)
    at writeOrBuffer (node:internal/streams/writable:572:12)
    at _write (node:internal/streams/writable:501:10)
    at Writable.write (node:internal/streams/writable:510:10)
    at Console.log (/home/drseuss/.cache/firebase/tools/lib/node_modules/winston/lib/winston/transports/console.js:87:23)
    at Console._write (/home/drseuss/.cache/firebase/tools/lib/node_modules/winston-transport/modern.js:103:17)
    at doWrite (/home/drseuss/.cache/firebase/tools/lib/node_modules/winston-transport/node_modules/readable-stream/lib/_stream_writable.js:390:139)
[error] 
[error] Error: An unexpected error has occurred.
[debug] [2026-08-27T16:54:34.329Z] Error: write EPIPE
    at afterWriteDispatched (node:internal/stream_base_commons:161:15)
    at writeGeneric (node:internal/stream_base_commons:152:3)
    at Socket._writeGeneric (node:net:958:11)
    at Socket._write (node:net:970:8)
    at writeOrBuffer (node:internal/streams/writable:572:12)
    at _write (node:internal/streams/writable:501:10)
    at Writable.write (node:internal/streams/writable:510:10)
    at Console.log (/home/drseuss/.cache/firebase/tools/lib/node_modules/winston/lib/winston/transports/console.js:87:23)
    at Console._write (/home/drseuss/.cache/firebase/tools/lib/node_modules/winston-transport/modern.js:103:17)
    at doWrite (/home/drseuss/.cache/firebase/tools/lib/node_modules/winston-transport/node_modules/readable-stream/lib/_stream_writable.js:390:139)
[error] 
[error] Error: An unexpected error has occurred.
[debug] [2026-08-27T16:54:34.329Z] Error: write EPIPE
    at afterWriteDispatched (node:internal/stream_base_commons:161:15)
    at writeGeneric (node:internal/stream_base_commons:152:3)
    at Socket._writeGeneric (node:net:958:11)
    at Socket._write (node:net:970:8)
    at writeOrBuffer (node:internal/streams/writable:572:12)
    at _write (node:internal/streams/writable:501:10)
    at Writable.write (node:internal/streams/writable:510:10)
    at Console.log (/home/drseuss/.cache/firebase/tools/lib/node_modules/winston/lib/winston/transports/console.js:87:23)
    at Console._write (/home/drseuss/.cache/firebase/tools/lib/node_modules/winston-transport/modern.js:103:17)
    at doWrite (/home/drseuss/.cache/firebase/tools/lib/node_modules/winston-transport/node_modules/readable-stream/lib/_stream_writable.js:390:139)
[error] 
[error] Error: An unexpected error has occurred.
[debug] [2026-08-27T16:54:34.329Z] Error: write EPIPE
    at afterWriteDispatched (node:internal/stream_base_commons:161:15)
    at writeGeneric (node:internal/stream_base_commons:152:3)
    at Socket._writeGeneric (node:net:958:11)
    at Socket._write (node:net:970:8)
    at writeOrBuffer (node:internal/streams/writable:572:12)
    at _write (node:internal/streams/writable:501:10)
    at Writable.write (node:internal/streams/writable:510:10)
    at Console.log (/home/drseuss/.cache/firebase/tools/lib/node_modules/winston/lib/winston/transports/console.js:87:23)
    at Console._write (/home/drseuss/.cache/firebase/tools/lib/node_modules/winston-transport/modern.js:103:17)
    at doWrite (/home/drseuss/.cache/firebase/tools/lib/node_modules/winston-transport/node_modules/readable-stream/lib/_stream_writable.js:390:139)
[error] 
[error] Error: An unexpected error has occurred.
[debug] [2026-08-27T16:54:34.329Z] Error: write EPIPE
    at afterWriteDispatched (node:internal/stream_base_commons:161:15)
    at writeGeneric (node:internal/stream_base_commons:152:3)
    at Socket._writeGeneric (node:net:958:11)
    at Socket._write (node:net:970:8)
    at writeOrBuffer (node:internal/streams/writable:572:12)
    at _write (node:internal/streams/writable:501:10)
    at Writable.write (node:internal/streams/writable:510:10)
    at Console.log (/home/drseuss/.cache/firebase/tools/lib/node_modules/winston/lib/winston/transports/console.js:87:23)
    at Console._write (/home/drseuss/.cache/firebase/tools/lib/node_modules/winston-transport/modern.js:103:17)
    at doWrite (/home/drseuss/.cache/firebase/tools/lib/node_modules/winston-transport/node_modules/readable-stream/lib/_stream_writable.js:390:139)
[error] 
[error] Error: An unexpected error has occurred.
[debug] [2026-08-27T16:54:34.329Z] Error: write EPIPE
    at afterWriteDispatched (node:internal/stream_base_commons:161:15)
    at writeGeneric (node:internal/stream_base_commons:152:3)
    at Socket._writeGeneric (node:net:958:11)
    at Socket._write (node:net:970:8)
    at writeOrBuffer (node:internal/streams/writable:572:12)
    at _write (node:internal/streams/writable:501:10)
    at Writable.write (node:internal/streams/writable:510:10)
    at Console.log (/home/drseuss/.cache/firebase/tools/lib/node_modules/winston/lib/winston/transports/console.js:87:23)
    at Console._write (/home/drseuss/.cache/firebase/tools/lib/node_modules/winston-transport/modern.js:103:17)
    at doWrite (/home/drseuss/.cache/firebase/tools/lib/node_modules/winston-transport/node_modules/readable-stream/lib/_stream_writable.js:390:139)
[error] 
[error] Error: An unexpected error has occurred.
[debug] [2026-08-27T16:54:34.330Z] Error: write EPIPE
    at afterWriteDispatched (node:internal/stream_base_commons:161:15)
    at writeGeneric (node:internal/stream_base_commons:152:3)
    at Socket._writeGeneric (node:net:958:11)
    at Socket._write (node:net:970:8)
    at writeOrBuffer (node:internal/streams/writable:572:12)
    at _write (node:internal/streams/writable:501:10)
    at Writable.write (node:internal/streams/writable:510:10)
    at Console.log (/home/drseuss/.cache/firebase/tools/lib/node_modules/winston/lib/winston/transports/console.js:87:23)
    at Console._write (/home/drseuss/.cache/firebase/tools/lib/node_modules/winston-transport/modern.js:103:17)
    at doWrite (/home/drseuss/.cache/firebase/tools/lib/node_modules/winston-transport/node_modules/readable-stream/lib/_stream_writable.js:390:139)
[error] 
[error] Error: An unexpected error has occurred.
[debug] [2026-08-27T16:54:34.330Z] Error: write EPIPE
    at afterWriteDispatched (node:internal/stream_base_commons:161:15)
    at writeGeneric (node:internal/stream_base_commons:152:3)
    at Socket._writeGeneric (node:net:958:11)
    at Socket._write (node:net:970:8)
    at writeOrBuffer (node:internal/streams/writable:572:12)
    at _write (node:internal/streams/writable:501:10)
    at Writable.write (node:internal/streams/writable:510:10)
    at Console.log (/home/drseuss/.cache/firebase/tools/lib/node_modules/winston/lib/winston/transports/console.js:87:23)
    at Console._write (/home/drseuss/.cache/firebase/tools/lib/node_modules/winston-transport/modern.js:103:17)
    at doWrite (/home/drseuss/.cache/firebase/tools/lib/node_modules/winston-transport/node_modules/readable-stream/lib/_stream_writable.js:390:139)
[error] 
[error] Error: An unexpected error has occurred.
[debug] [2026-08-27T16:54:34.330Z] Error: write EPIPE
    at afterWriteDispatched (node:internal/stream_base_commons:161:15)
    at writeGeneric (node:internal/stream_base_commons:152:3)
    at Socket._writeGeneric (node:net:958:11)
    at Socket._write (node:net:970:8)
    at writeOrBuffer (node:internal/streams/writable:572:12)
    at _write (node:internal/streams/writable:501:10)
    at Writable.write (node:internal/streams/writable:510:10)
    at Console.log (/home/drseuss/.cache/firebase/tools/lib/node_modules/winston/lib/winston/transports/console.js:87:23)
    at Console._write (/home/drseuss/.cache/firebase/tools/lib/node_modules/winston-transport/modern.js:103:17)
    at doWrite (/home/drseuss/.cache/firebase/tools/lib/node_modules/winston-transport/node_modules/readable-stream/lib/_stream_writable.js:390:139)
[error] 
[error] Error: An unexpected error has occurred.
[debug] [2026-08-27T16:54:34.330Z] Error: write EPIPE
    at afterWriteDispatched (node:internal/stream_base_commons:161:15)
    at writeGeneric (node:internal/stream_base_commons:152:3)
    at Socket._writeGeneric (node:net:958:11)
    at Socket._write (node:net:970:8)
    at writeOrBuffer (node:internal/streams/writable:572:12)
    at _write (node:internal/streams/writable:501:10)
    at Writable.write (node:internal/streams/writable:510:10)
    at Console.log (/home/drseuss/.cache/firebase/tools/lib/node_modules/winston/lib/winston/transports/console.js:87:23)
    at Console._write (/home/drseuss/.cache/firebase/tools/lib/node_modules/winston-transport/modern.js:103:17)
    at doWrite (/home/drseuss/.cache/firebase/tools/lib/node_modules/winston-transport/node_modules/readable-stream/lib/_stream_writable.js:390:139)
[error] 
[error] Error: An unexpected error has occurred.
[debug] [2026-08-27T16:54:34.331Z] Error: write EPIPE
    at afterWriteDispatched (node:internal/stream_base_commons:161:15)
    at writeGeneric (node:internal/stream_base_commons:152:3)
    at Socket._writeGeneric (node:net:958:11)
    at Socket._write (node:net:970:8)
    at writeOrBuffer (node:internal/streams/writable:572:12)
    at _write (node:internal/streams/writable:501:10)
    at Writable.write (node:internal/streams/writable:510:10)
    at Console.log (/home/drseuss/.cache/firebase/tools/lib/node_modules/winston/lib/winston/transports/console.js:87:23)
    at Console._write (/home/drseuss/.cache/firebase/tools/lib/node_modules/winston-transport/modern.js:103:17)
    at doWrite (/home/drseuss/.cache/firebase/tools/lib/node_modules/winston-transport/node_modules/readable-stream/lib/_stream_writable.js:390:139)
[error] 
[error] Error: An unexpected error has occurred.
[debug] [2026-08-27T16:54:34.331Z] Error: write EPIPE
    at afterWriteDispatched (node:internal/stream_base_commons:161:15)
    at writeGeneric (node:internal/stream_base_commons:152:3)
    at Socket._writeGeneric (node:net:958:11)
    at Socket._write (node:net:970:8)
    at writeOrBuffer (node:internal/streams/writable:572:12)
    at _write (node:internal/streams/writable:501:10)
    at Writable.write (node:internal/streams/writable:510:10)
    at Console.log (/home/drseuss/.cache/firebase/tools/lib/node_modules/winston/lib/winston/transports/console.js:87:23)
    at Console._write (/home/drseuss/.cache/firebase/tools/lib/node_modules/winston-transport/modern.js:103:17)
    at doWrite (/home/drseuss/.cache/firebase/tools/lib/node_modules/winston-transport/node_modules/readable-stream/lib/_stream_writable.js:390:139)
[error] 
[error] Error: An unexpected error has occurred.
[debug] [2026-08-27T16:54:34.331Z] Error: write EPIPE
    at afterWriteDispatched (node:internal/stream_base_commons:161:15)
    at writeGeneric (node:internal/stream_base_commons:152:3)
    at Socket._writeGeneric (node:net:958:11)
    at Socket._write (node:net:970:8)
    at writeOrBuffer (node:internal/streams/writable:572:12)
    at _write (node:internal/streams/writable:501:10)
    at Writable.write (node:internal/streams/writable:510:10)
    at Console.log (/home/drseuss/.cache/firebase/tools/lib/node_modules/winston/lib/winston/transports/console.js:87:23)
    at Console._write (/home/drseuss/.cache/firebase/tools/lib/node_modules/winston-transport/modern.js:103:17)
    at doWrite (/home/drseuss/.cache/firebase/tools/lib/node_modules/winston-transport/node_modules/readable-stream/lib/_stream_writable.js:390:139)
[error] 
[error] Error: An unexpected error has occurred.
[debug] [2026-08-27T16:54:34.331Z] Error: write EPIPE
    at afterWriteDispatched (node:internal/stream_base_commons:161:15)
    at writeGeneric (node:internal/stream_base_commons:152:3)
    at Socket._writeGeneric (node:net:958:11)
    at Socket._write (node:net:970:8)
    at writeOrBuffer (node:internal/streams/writable:572:12)
    at _write (node:internal/streams/writable:501:10)
    at Writable.write (node:internal/streams/writable:510:10)
    at Console.log (/home/drseuss/.cache/firebase/tools/lib/node_modules/winston/lib/winston/transports/console.js:87:23)
    at Console._write (/home/drseuss/.cache/firebase/tools/lib/node_modules/winston-transport/modern.js:103:17)
    at doWrite (/home/drseuss/.cache/firebase/tools/lib/node_modules/winston-transport/node_modules/readable-stream/lib/_stream_writable.js:390:139)
[error] 
[error] Error: An unexpected error has occurred.
[debug] [2026-08-27T16:54:34.331Z] Error: write EPIPE
    at afterWriteDispatched (node:internal/stream_base_commons:161:15)
    at writeGeneric (node:internal/stream_base_commons:152:3)
    at Socket._writeGeneric (node:net:958:11)
    at Socket._write (node:net:970:8)
    at writeOrBuffer (node:internal/streams/writable:572:12)
    at _write (node:internal/streams/writable:501:10)
    at Writable.write (node:internal/streams/writable:510:10)
    at Console.log (/home/drseuss/.cache/firebase/tools/lib/node_modules/winston/lib/winston/transports/console.js:87:23)
    at Console._write (/home/drseuss/.cache/firebase/tools/lib/node_modules/winston-transport/modern.js:103:17)
    at doWrite (/home/drseuss/.cache/firebase/tools/lib/node_modules/winston-transport/node_modules/readable-stream/lib/_stream_writable.js:390:139)
[error] 
[error] Error: An unexpected error has occurred.
[debug] [2026-08-27T16:54:34.332Z] Error: write EPIPE
    at afterWriteDispatched (node:internal/stream_base_commons:161:15)
    at writeGeneric (node:internal/stream_base_commons:152:3)
    at Socket._writeGeneric (node:net:958:11)
    at Socket._write (node:net:970:8)
    at writeOrBuffer (node:internal/streams/writable:572:12)
    at _write (node:internal/streams/writable:501:10)
    at Writable.write (node:internal/streams/writable:510:10)
    at Console.log (/home/drseuss/.cache/firebase/tools/lib/node_modules/winston/lib/winston/transports/console.js:87:23)
    at Console._write (/home/drseuss/.cache/firebase/tools/lib/node_modules/winston-transport/modern.js:103:17)
    at doWrite (/home/drseuss/.cache/firebase/tools/lib/node_modules/winston-transport/node_modules/readable-stream/lib/_stream_writable.js:390:139)
[error] 
[error] Error: An unexpected error has occurred.
[debug] [2026-08-27T16:54:34.332Z] Error: write EPIPE
    at afterWriteDispatched (node:internal/stream_base_commons:161:15)
    at writeGeneric (node:internal/stream_base_commons:152:3)
    at Socket._writeGeneric (node:net:958:11)
    at Socket._write (node:net:970:8)
    at writeOrBuffer (node:internal/streams/writable:572:12)
    at _write (node:internal/streams/writable:501:10)
    at Writable.write (node:internal/streams/writable:510:10)
    at Console.log (/home/drseuss/.cache/firebase/tools/lib/node_modules/winston/lib/winston/transports/console.js:87:23)
    at Console._write (/home/drseuss/.cache/firebase/tools/lib/node_modules/winston-transport/modern.js:103:17)
    at doWrite (/home/drseuss/.cache/firebase/tools/lib/node_modules/winston-transport/node_modules/readable-stream/lib/_stream_writable.js:390:139)
[error] 
[error] Error: An unexpected error has occurred.
[debug] [2026-08-27T16:54:34.332Z] Error: write EPIPE
    at afterWriteDispatched (node:internal/stream_base_commons:161:15)
    at writeGeneric (node:internal/stream_base_commons:152:3)
    at Socket._writeGeneric (node:net:958:11)
    at Socket._write (node:net:970:8)
    at writeOrBuffer (node:internal/streams/writable:572:12)
    at _write (node:internal/streams/writable:501:10)
    at Writable.write (node:internal/streams/writable:510:10)
    at Console.log (/home/drseuss/.cache/firebase/tools/lib/node_modules/winston/lib/winston/transports/console.js:87:23)
    at Console._write (/home/drseuss/.cache/firebase/tools/lib/node_modules/winston-transport/modern.js:103:17)
    at doWrite (/home/drseuss/.cache/firebase/tools/lib/node_modules/winston-transport/node_modules/readable-stream/lib/_stream_writable.js:390:139)
[error] 
[error] Error: An unexpected error has occurred.
[debug] [2026-08-27T16:54:34.332Z] Error: write EPIPE
    at afterWriteDispatched (node:internal/stream_base_commons:161:15)
    at writeGeneric (node:internal/stream_base_commons:152:3)
    at Socket._writeGeneric (node:net:958:11)
    at Socket._write (node:net:970:8)
    at writeOrBuffer (node:internal/streams/writable:572:12)
    at _write (node:internal/streams/writable:501:10)
    at Writable.write (node:internal/streams/writable:510:10)
    at Console.log (/home/drseuss/.cache/firebase/tools/lib/node_modules/winston/lib/winston/transports/console.js:87:23)
    at Console._write (/home/drseuss/.cache/firebase/tools/lib/node_modules/winston-transport/modern.js:103:17)
    at doWrite (/home/drseuss/.cache/firebase/tools/lib/node_modules/winston-transport/node_modules/readable-stream/lib/_stream_writable.js:390:139)
[error] 
[error] Error: An unexpected error has occurred.
[debug] [2026-08-27T16:54:34.332Z] Error: write EPIPE
    at afterWriteDispatched (node:internal/stream_base_commons:161:15)
    at writeGeneric (node:internal/stream_base_commons:152:3)
    at Socket._writeGeneric (node:net:958:11)
    at Socket._write (node:net:970:8)
    at writeOrBuffer (node:internal/streams/writable:572:12)
    at _write (node:internal/streams/writable:501:10)
    at Writable.write (node:internal/streams/writable:510:10)
    at Console.log (/home/drseuss/.cache/firebase/tools/lib/node_modules/winston/lib/winston/transports/console.js:87:23)
    at Console._write (/home/drseuss/.cache/firebase/tools/lib/node_modules/winston-transport/modern.js:103:17)
    at doWrite (/home/drseuss/.cache/firebase/tools/lib/node_modules/winston-transport/node_modules/readable-stream/lib/_stream_writable.js:390:139)
[error] 
[error] Error: An unexpected error has occurred.
[debug] [2026-08-27T16:54:34.332Z] Error: write EPIPE
    at afterWriteDispatched (node:internal/stream_base_commons:161:15)
    at writeGeneric (node:internal/stream_base_commons:152:3)
    at Socket._writeGeneric (node:net:958:11)
    at Socket._write (node:net:970:8)
    at writeOrBuffer (node:internal/streams/writable:572:12)
    at _write (node:internal/streams/writable:501:10)
    at Writable.write (node:internal/streams/writable:510:10)
    at Console.log (/home/drseuss/.cache/firebase/tools/lib/node_modules/winston/lib/winston/transports/console.js:87:23)
    at Console._write (/home/drseuss/.cache/firebase/tools/lib/node_modules/winston-transport/modern.js:103:17)
    at doWrite (/home/drseuss/.cache/firebase/tools/lib/node_modules/winston-transport/node_modules/readable-stream/lib/_stream_writable.js:390:139)
[error] 
[error] Error: An unexpected error has occurred.
[debug] [2026-08-27T16:54:34.332Z] Error: write EPIPE
    at afterWriteDispatched (node:internal/stream_base_commons:161:15)
    at writeGeneric (node:internal/stream_base_commons:152:3)
    at Socket._writeGeneric (node:net:958:11)
    at Socket._write (node:net:970:8)
    at writeOrBuffer (node:internal/streams/writable:572:12)
    at _write (node:internal/streams/writable:501:10)
    at Writable.write (node:internal/streams/writable:510:10)
    at Console.log (/home/drseuss/.cache/firebase/tools/lib/node_modules/winston/lib/winston/transports/console.js:87:23)
    at Console._write (/home/drseuss/.cache/firebase/tools/lib/node_modules/winston-transport/modern.js:103:17)
    at doWrite (/home/drseuss/.cache/firebase/tools/lib/node_modules/winston-transport/node_modules/readable-stream/lib/_stream_writable.js:390:139)
[error] 
[error] Error: An unexpected error has occurred.
[debug] [2026-08-27T16:54:34.333Z] Error: write EPIPE
    at afterWriteDispatched (node:internal/stream_base_commons:161:15)
    at writeGeneric (node:internal/stream_base_commons:152:3)
    at Socket._writeGeneric (node:net:958:11)
    at Socket._write (node:net:970:8)
    at writeOrBuffer (node:internal/streams/writable:572:12)
    at _write (node:internal/streams/writable:501:10)
    at Writable.write (node:internal/streams/writable:510:10)
    at Console.log (/home/drseuss/.cache/firebase/tools/lib/node_modules/winston/lib/winston/transports/console.js:87:23)
    at Console._write (/home/drseuss/.cache/firebase/tools/lib/node_modules/winston-transport/modern.js:103:17)
    at doWrite (/home/drseuss/.cache/firebase/tools/lib/node_modules/winston-transport/node_modules/readable-stream/lib/_stream_writable.js:390:139)
[error] 
[error] Error: An unexpected error has occurred.
[debug] [2026-08-27T16:54:34.333Z] Error: write EPIPE
    at afterWriteDispatched (node:internal/stream_base_commons:161:15)
    at writeGeneric (node:internal/stream_base_commons:152:3)
    at Socket._writeGeneric (node:net:958:11)
    at Socket._write (node:net:970:8)
    at writeOrBuffer (node:internal/streams/writable:572:12)
    at _write (node:internal/streams/writable:501:10)
    at Writable.write (node:internal/streams/writable:510:10)
    at Console.log (/home/drseuss/.cache/firebase/tools/lib/node_modules/winston/lib/winston/transports/console.js:87:23)
    at Console._write (/home/drseuss/.cache/firebase/tools/lib/node_modules/winston-transport/modern.js:103:17)
    at doWrite (/home/drseuss/.cache/firebase/tools/lib/node_modules/winston-transport/node_modules/readable-stream/lib/_stream_writable.js:390:139)
[error] 
[error] Error: An unexpected error has occurred.
[debug] [2026-08-27T16:54:34.333Z] Error: write EPIPE
    at afterWriteDispatched (node:internal/stream_base_commons:161:15)
    at writeGeneric (node:internal/stream_base_commons:152:3)
    at Socket._writeGeneric (node:net:958:11)
    at Socket._write (node:net:970:8)
    at writeOrBuffer (node:internal/streams/writable:572:12)
    at _write (node:internal/streams/writable:501:10)
    at Writable.write (node:internal/streams/writable:510:10)
    at Console.log (/home/drseuss/.cache/firebase/tools/lib/node_modules/winston/lib/winston/transports/console.js:87:23)
    at Console._write (/home/drseuss/.cache/firebase/tools/lib/node_modules/winston-transport/modern.js:103:17)
    at doWrite (/home/drseuss/.cache/firebase/tools/lib/node_modules/winston-transport/node_modules/readable-stream/lib/_stream_writable.js:390:139)
[error] 
[error] Error: An unexpected error has occurred.
[debug] [2026-08-27T16:54:34.333Z] Error: write EPIPE
    at afterWriteDispatched (node:internal/stream_base_commons:161:15)
    at writeGeneric (node:internal/stream_base_commons:152:3)
    at Socket._writeGeneric (node:net:958:11)
    at Socket._write (node:net:970:8)
    at writeOrBuffer (node:internal/streams/writable:572:12)
    at _write (node:internal/streams/writable:501:10)
    at Writable.write (node:internal/streams/writable:510:10)
    at Console.log (/home/drseuss/.cache/firebase/tools/lib/node_modules/winston/lib/winston/transports/console.js:87:23)
    at Console._write (/home/drseuss/.cache/firebase/tools/lib/node_modules/winston-transport/modern.js:103:17)
    at doWrite (/home/drseuss/.cache/firebase/tools/lib/node_modules/winston-transport/node_modules/readable-stream/lib/_stream_writable.js:390:139)
[error] 
[error] Error: An unexpected error has occurred.
[debug] [2026-08-27T16:54:34.333Z] Error: write EPIPE
    at afterWriteDispatched (node:internal/stream_base_commons:161:15)
    at writeGeneric (node:internal/stream_base_commons:152:3)
    at Socket._writeGeneric (node:net:958:11)
    at Socket._write (node:net:970:8)
    at writeOrBuffer (node:internal/streams/writable:572:12)
    at _write (node:internal/streams/writable:501:10)
    at Writable.write (node:internal/streams/writable:510:10)
    at Console.log (/home/drseuss/.cache/firebase/tools/lib/node_modules/winston/lib/winston/transports/console.js:87:23)
    at Console._write (/home/drseuss/.cache/firebase/tools/lib/node_modules/winston-transport/modern.js:103:17)
    at doWrite (/home/drseuss/.cache/firebase/tools/lib/node_modules/winston-transport/node_modules/readable-stream/lib/_stream_writable.js:390:139)
[error] 
[error] Error: An unexpected error has occurred.
[debug] [2026-08-27T16:54:34.333Z] Error: write EPIPE
    at afterWriteDispatched (node:internal/stream_base_commons:161:15)
    at writeGeneric (node:internal/stream_base_commons:152:3)
    at Socket._writeGeneric (node:net:958:11)
    at Socket._write (node:net:970:8)
    at writeOrBuffer (node:internal/streams/writable:572:12)
    at _write (node:internal/streams/writable:501:10)
    at Writable.write (node:internal/streams/writable:510:10)
    at Console.log (/home/drseuss/.cache/firebase/tools/lib/node_modules/winston/lib/winston/transports/console.js:87:23)
    at Console._write (/home/drseuss/.cache/firebase/tools/lib/node_modules/winston-transport/modern.js:103:17)
    at doWrite (/home/drseuss/.cache/firebase/tools/lib/node_modules/winston-transport/node_modules/readable-stream/lib/_stream_writable.js:390:139)
[error] 
[error] Error: An unexpected error has occurred.
[debug] [2026-08-27T16:54:34.334Z] Error: write EPIPE
    at afterWriteDispatched (node:internal/stream_base_commons:161:15)
    at writeGeneric (node:internal/stream_base_commons:152:3)
    at Socket._writeGeneric (node:net:958:11)
    at Socket._write (node:net:970:8)
    at writeOrBuffer (node:internal/streams/writable:572:12)
    at _write (node:internal/streams/writable:501:10)
    at Writable.write (node:internal/streams/writable:510:10)
    at Console.log (/home/drseuss/.cache/firebase/tools/lib/node_modules/winston/lib/winston/transports/console.js:87:23)
    at Console._write (/home/drseuss/.cache/firebase/tools/lib/node_modules/winston-transport/modern.js:103:17)
    at doWrite (/home/drseuss/.cache/firebase/tools/lib/node_modules/winston-transport/node_modules/readable-stream/lib/_stream_writable.js:390:139)
[error] 
[error] Error: An unexpected error has occurred.
[debug] [2026-08-27T16:54:34.334Z] Error: write EPIPE
    at afterWriteDispatched (node:internal/stream_base_commons:161:15)
    at writeGeneric (node:internal/stream_base_commons:152:3)
    at Socket._writeGeneric (node:net:958:11)
    at Socket._write (node:net:970:8)
    at writeOrBuffer (node:internal/streams/writable:572:12)
    at _write (node:internal/streams/writable:501:10)
    at Writable.write (node:internal/streams/writable:510:10)
    at Console.log (/home/drseuss/.cache/firebase/tools/lib/node_modules/winston/lib/winston/transports/console.js:87:23)
    at Console._write (/home/drseuss/.cache/firebase/tools/lib/node_modules/winston-transport/modern.js:103:17)
    at doWrite (/home/drseuss/.cache/firebase/tools/lib/node_modules/winston-transport/node_modules/readable-stream/lib/_stream_writable.js:390:139)
[error] 
[error] Error: An unexpected error has occurred.
[debug] [2026-08-27T16:54:34.334Z] Error: write EPIPE
    at afterWriteDispatched (node:internal/stream_base_commons:161:15)
    at writeGeneric (node:internal/stream_base_commons:152:3)
    at Socket._writeGeneric (node:net:958:11)
    at Socket._write (node:net:970:8)
    at writeOrBuffer (node:internal/streams/writable:572:12)
    at _write (node:internal/streams/writable:501:10)
    at Writable.write (node:internal/streams/writable:510:10)
    at Console.log (/home/drseuss/.cache/firebase/tools/lib/node_modules/winston/lib/winston/transports/console.js:87:23)
    at Console._write (/home/drseuss/.cache/firebase/tools/lib/node_modules/winston-transport/modern.js:103:17)
    at doWrite (/home/drseuss/.cache/firebase/tools/lib/node_modules/winston-transport/node_modules/readable-stream/lib/_stream_writable.js:390:139)
[error] 
[error] Error: An unexpected error has occurred.
[debug] [2026-08-27T16:54:34.335Z] Error: write EPIPE
    at afterWriteDispatched (node:internal/stream_base_commons:161:15)
    at writeGeneric (node:internal/stream_base_commons:152:3)
    at Socket._writeGeneric (node:net:958:11)
    at Socket._write (node:net:970:8)
    at writeOrBuffer (node:internal/streams/writable:572:12)
    at _write (node:internal/streams/writable:501:10)
    at Writable.write (node:internal/streams/writable:510:10)
    at Console.log (/home/drseuss/.cache/firebase/tools/lib/node_modules/winston/lib/winston/transports/console.js:87:23)
    at Console._write (/home/drseuss/.cache/firebase/tools/lib/node_modules/winston-transport/modern.js:103:17)
    at doWrite (/home/drseuss/.cache/firebase/tools/lib/node_modules/winston-transport/node_modules/readable-stream/lib/_stream_writable.js:390:139)
[error] 
[error] Error: An unexpected error has occurred.
[debug] [2026-08-27T16:54:34.335Z] Error: write EPIPE
    at afterWriteDispatched (node:internal/stream_base_commons:161:15)
    at writeGeneric (node:internal/stream_base_commons:152:3)
    at Socket._writeGeneric (node:net:958:11)
    at Socket._write (node:net:970:8)
    at writeOrBuffer (node:internal/streams/writable:572:12)
    at _write (node:internal/streams/writable:501:10)
    at Writable.write (node:internal/streams/writable:510:10)
    at Console.log (/home/drseuss/.cache/firebase/tools/lib/node_modules/winston/lib/winston/transports/console.js:87:23)
    at Console._write (/home/drseuss/.cache/firebase/tools/lib/node_modules/winston-transport/modern.js:103:17)
    at doWrite (/home/drseuss/.cache/firebase/tools/lib/node_modules/winston-transport/node_modules/readable-stream/lib/_stream_writable.js:390:139)
[error] 
[error] Error: An unexpected error has occurred.
[debug] [2026-08-27T16:54:34.335Z] Error: write EPIPE
    at afterWriteDispatched (node:internal/stream_base_commons:161:15)
    at writeGeneric (node:internal/stream_base_commons:152:3)
    at Socket._writeGeneric (node:net:958:11)
    at Socket._write (node:net:970:8)
    at writeOrBuffer (node:internal/streams/writable:572:12)
    at _write (node:internal/streams/writable:501:10)
    at Writable.write (node:internal/streams/writable:510:10)
    at Console.log (/home/drseuss/.cache/firebase/tools/lib/node_modules/winston/lib/winston/transports/console.js:87:23)
    at Console._write (/home/drseuss/.cache/firebase/tools/lib/node_modules/winston-transport/modern.js:103:17)
    at doWrite (/home/drseuss/.cache/firebase/tools/lib/node_modules/winston-transport/node_modules/readable-stream/lib/_stream_writable.js:390:139)
[error] 
[error] Error: An unexpected error has occurred.
[debug] [2026-08-27T16:54:34.335Z] Error: write EPIPE
    at afterWriteDispatched (node:internal/stream_base_commons:161:15)
    at writeGeneric (node:internal/stream_base_commons:152:3)
    at Socket._writeGeneric (node:net:958:11)
    at Socket._write (node:net:970:8)
    at writeOrBuffer (node:internal/streams/writable:572:12)
    at _write (node:internal/streams/writable:501:10)
    at Writable.write (node:internal/streams/writable:510:10)
    at Console.log (/home/drseuss/.cache/firebase/tools/lib/node_modules/winston/lib/winston/transports/console.js:87:23)
    at Console._write (/home/drseuss/.cache/firebase/tools/lib/node_modules/winston-transport/modern.js:103:17)
    at doWrite (/home/drseuss/.cache/firebase/tools/lib/node_modules/winston-transport/node_modules/readable-stream/lib/_stream_writable.js:390:139)
[error] 
[error] Error: An unexpected error has occurred.
[debug] [2026-08-27T16:54:34.335Z] Error: write EPIPE
    at afterWriteDispatched (node:internal/stream_base_commons:161:15)
    at writeGeneric (node:internal/stream_base_commons:152:3)
    at Socket._writeGeneric (node:net:958:11)
    at Socket._write (node:net:970:8)
    at writeOrBuffer (node:internal/streams/writable:572:12)
    at _write (node:internal/streams/writable:501:10)
    at Writable.write (node:internal/streams/writable:510:10)
    at Console.log (/home/drseuss/.cache/firebase/tools/lib/node_modules/winston/lib/winston/transports/console.js:87:23)
    at Console._write (/home/drseuss/.cache/firebase/tools/lib/node_modules/winston-transport/modern.js:103:17)
    at doWrite (/home/drseuss/.cache/firebase/tools/lib/node_modules/winston-transport/node_modules/readable-stream/lib/_stream_writable.js:390:139)
[error] 
[error] Error: An unexpected error has occurred.
[debug] [2026-08-27T16:54:34.335Z] Error: write EPIPE
    at afterWriteDispatched (node:internal/stream_base_commons:161:15)
    at writeGeneric (node:internal/stream_base_commons:152:3)
    at Socket._writeGeneric (node:net:958:11)
    at Socket._write (node:net:970:8)
    at writeOrBuffer (node:internal/streams/writable:572:12)
    at _write (node:internal/streams/writable:501:10)
    at Writable.write (node:internal/streams/writable:510:10)
    at Console.log (/home/drseuss/.cache/firebase/tools/lib/node_modules/winston/lib/winston/transports/console.js:87:23)
    at Console._write (/home/drseuss/.cache/firebase/tools/lib/node_modules/winston-transport/modern.js:103:17)
    at doWrite (/home/drseuss/.cache/firebase/tools/lib/node_modules/winston-transport/node_modules/readable-stream/lib/_stream_writable.js:390:139)
[error] 
[error] Error: An unexpected error has occurred.
[debug] [2026-08-27T16:54:34.335Z] Error: write EPIPE
    at afterWriteDispatched (node:internal/stream_base_commons:161:15)
    at writeGeneric (node:internal/stream_base_commons:152:3)
    at Socket._writeGeneric (node:net:958:11)
    at Socket._write (node:net:970:8)
    at writeOrBuffer (node:internal/streams/writable:572:12)
    at _write (node:internal/streams/writable:501:10)
    at Writable.write (node:internal/streams/writable:510:10)
    at Console.log (/home/drseuss/.cache/firebase/tools/lib/node_modules/winston/lib/winston/transports/console.js:87:23)
    at Console._write (/home/drseuss/.cache/firebase/tools/lib/node_modules/winston-transport/modern.js:103:17)
    at doWrite (/home/drseuss/.cache/firebase/tools/lib/node_modules/winston-transport/node_modules/readable-stream/lib/_stream_writable.js:390:139)
[error] 
[error] Error: An unexpected error has occurred.
[debug] [2026-08-27T16:54:34.336Z] Error: write EPIPE
    at afterWriteDispatched (node:internal/stream_base_commons:161:15)
    at writeGeneric (node:internal/stream_base_commons:152:3)
    at Socket._writeGeneric (node:net:958:11)
    at Socket._write (node:net:970:8)
    at writeOrBuffer (node:internal/streams/writable:572:12)
    at _write (node:internal/streams/writable:501:10)
    at Writable.write (node:internal/streams/writable:510:10)
    at Console.log (/home/drseuss/.cache/firebase/tools/lib/node_modules/winston/lib/winston/transports/console.js:87:23)
    at Console._write (/home/drseuss/.cache/firebase/tools/lib/node_modules/winston-transport/modern.js:103:17)
    at doWrite (/home/drseuss/.cache/firebase/tools/lib/node_modules/winston-transport/node_modules/readable-stream/lib/_stream_writable.js:390:139)
[error] 
[error] Error: An unexpected error has occurred.
[debug] [2026-08-27T16:54:34.336Z] Error: write EPIPE
    at afterWriteDispatched (node:internal/stream_base_commons:161:15)
    at writeGeneric (node:internal/stream_base_commons:152:3)
    at Socket._writeGeneric (node:net:958:11)
    at Socket._write (node:net:970:8)
    at writeOrBuffer (node:internal/streams/writable:572:12)
    at _write (node:internal/streams/writable:501:10)
    at Writable.write (node:internal/streams/writable:510:10)
    at Console.log (/home/drseuss/.cache/firebase/tools/lib/node_modules/winston/lib/winston/transports/console.js:87:23)
    at Console._write (/home/drseuss/.cache/firebase/tools/lib/node_modules/winston-transport/modern.js:103:17)
    at doWrite (/home/drseuss/.cache/firebase/tools/lib/node_modules/winston-transport/node_modules/readable-stream/lib/_stream_writable.js:390:139)
[error] 
[error] Error: An unexpected error has occurred.
[debug] [2026-08-27T16:54:34.336Z] Error: write EPIPE
    at afterWriteDispatched (node:internal/stream_base_commons:161:15)
    at writeGeneric (node:internal/stream_base_commons:152:3)
    at Socket._writeGeneric (node:net:958:11)
    at Socket._write (node:net:970:8)
    at writeOrBuffer (node:internal/streams/writable:572:12)
    at _write (node:internal/streams/writable:501:10)
    at Writable.write (node:internal/streams/writable:510:10)
    at Console.log (/home/drseuss/.cache/firebase/tools/lib/node_modules/winston/lib/winston/transports/console.js:87:23)
    at Console._write (/home/drseuss/.cache/firebase/tools/lib/node_modules/winston-transport/modern.js:103:17)
    at doWrite (/home/drseuss/.cache/firebase/tools/lib/node_modules/winston-transport/node_modules/readable-stream/lib/_stream_writable.js:390:139)
[error] 
[error] Error: An unexpected error has occurred.
[debug] [2026-08-27T16:54:34.336Z] Error: write EPIPE
    at afterWriteDispatched (node:internal/stream_base_commons:161:15)
    at writeGeneric (node:internal/stream_base_commons:152:3)
    at Socket._writeGeneric (node:net:958:11)
    at Socket._write (node:net:970:8)
    at writeOrBuffer (node:internal/streams/writable:572:12)
    at _write (node:internal/streams/writable:501:10)
    at Writable.write (node:internal/streams/writable:510:10)
    at Console.log (/home/drseuss/.cache/firebase/tools/lib/node_modules/winston/lib/winston/transports/console.js:87:23)
    at Console._write (/home/drseuss/.cache/firebase/tools/lib/node_modules/winston-transport/modern.js:103:17)
    at doWrite (/home/drseuss/.cache/firebase/tools/lib/node_modules/winston-transport/node_modules/readable-stream/lib/_stream_writable.js:390:139)
[error] 
[error] Error: An unexpected error has occurred.
[debug] [2026-08-27T16:54:34.336Z] Error: write EPIPE
    at afterWriteDispatched (node:internal/stream_base_commons:161:15)
    at writeGeneric (node:internal/stream_base_commons:152:3)
    at Socket._writeGeneric (node:net:958:11)
    at Socket._write (node:net:970:8)
    at writeOrBuffer (node:internal/streams/writable:572:12)
    at _write (node:internal/streams/writable:501:10)
    at Writable.write (node:internal/streams/writable:510:10)
    at Console.log (/home/drseuss/.cache/firebase/tools/lib/node_modules/winston/lib/winston/transports/console.js:87:23)
    at Console._write (/home/drseuss/.cache/firebase/tools/lib/node_modules/winston-transport/modern.js:103:17)
    at doWrite (/home/drseuss/.cache/firebase/tools/lib/node_modules/winston-transport/node_modules/readable-stream/lib/_stream_writable.js:390:139)
[error] 
[error] Error: An unexpected error has occurred.
[debug] [2026-08-27T16:54:34.336Z] Error: write EPIPE
    at afterWriteDispatched (node:internal/stream_base_commons:161:15)
    at writeGeneric (node:internal/stream_base_commons:152:3)
    at Socket._writeGeneric (node:net:958:11)
    at Socket._write (node:net:970:8)
    at writeOrBuffer (node:internal/streams/writable:572:12)
    at _write (node:internal/streams/writable:501:10)
    at Writable.write (node:internal/streams/writable:510:10)
    at Console.log (/home/drseuss/.cache/firebase/tools/lib/node_modules/winston/lib/winston/transports/console.js:87:23)
    at Console._write (/home/drseuss/.cache/firebase/tools/lib/node_modules/winston-transport/modern.js:103:17)
    at doWrite (/home/drseuss/.cache/firebase/tools/lib/node_modules/winston-transport/node_modules/readable-stream/lib/_stream_writable.js:390:139)
[error] 
[error] Error: An unexpected error has occurred.
[debug] [2026-08-27T16:54:34.337Z] Error: write EPIPE
    at afterWriteDispatched (node:internal/stream_base_commons:161:15)
    at writeGeneric (node:internal/stream_base_commons:152:3)
    at Socket._writeGeneric (node:net:958:11)
    at Socket._write (node:net:970:8)
    at writeOrBuffer (node:internal/streams/writable:572:12)
    at _write (node:internal/streams/writable:501:10)
    at Writable.write (node:internal/streams/writable:510:10)
    at Console.log (/home/drseuss/.cache/firebase/tools/lib/node_modules/winston/lib/winston/transports/console.js:87:23)
    at Console._write (/home/drseuss/.cache/firebase/tools/lib/node_modules/winston-transport/modern.js:103:17)
    at doWrite (/home/drseuss/.cache/firebase/tools/lib/node_modules/winston-transport/node_modules/readable-stream/lib/_stream_writable.js:390:139)
[error] 
[error] Error: An unexpected error has occurred.
[debug] [2026-08-27T16:54:34.337Z] Error: write EPIPE
    at afterWriteDispatched (node:internal/stream_base_commons:161:15)
    at writeGeneric (node:internal/stream_base_commons:152:3)
    at Socket._writeGeneric (node:net:958:11)
    at Socket._write (node:net:970:8)
    at writeOrBuffer (node:internal/streams/writable:572:12)
    at _write (node:internal/streams/writable:501:10)
    at Writable.write (node:internal/streams/writable:510:10)
    at Console.log (/home/drseuss/.cache/firebase/tools/lib/node_modules/winston/lib/winston/transports/console.js:87:23)
    at Console._write (/home/drseuss/.cache/firebase/tools/lib/node_modules/winston-transport/modern.js:103:17)
    at doWrite (/home/drseuss/.cache/firebase/tools/lib/node_modules/winston-transport/node_modules/readable-stream/lib/_stream_writable.js:390:139)
[error] 
[error] Error: An unexpected error has occurred.
[debug] [2026-08-27T16:54:34.337Z] Error: write EPIPE
    at afterWriteDispatched (node:internal/stream_base_commons:161:15)
    at writeGeneric (node:internal/stream_base_commons:152:3)
    at Socket._writeGeneric (node:net:958:11)
    at Socket._write (node:net:970:8)
    at writeOrBuffer (node:internal/streams/writable:572:12)
    at _write (node:internal/streams/writable:501:10)
    at Writable.write (node:internal/streams/writable:510:10)
    at Console.log (/home/drseuss/.cache/firebase/tools/lib/node_modules/winston/lib/winston/transports/console.js:87:23)
    at Console._write (/home/drseuss/.cache/firebase/tools/lib/node_modules/winston-transport/modern.js:103:17)
    at doWrite (/home/drseuss/.cache/firebase/tools/lib/node_modules/winston-transport/node_modules/readable-stream/lib/_stream_writable.js:390:139)
[error] 
[error] Error: An unexpected error has occurred.
[debug] [2026-08-27T16:54:34.338Z] Error: write EPIPE
    at afterWriteDispatched (node:internal/stream_base_commons:161:15)
    at writeGeneric (node:internal/stream_base_commons:152:3)
    at Socket._writeGeneric (node:net:958:11)
    at Socket._write (node:net:970:8)
    at writeOrBuffer (node:internal/streams/writable:572:12)
    at _write (node:internal/streams/writable:501:10)
    at Writable.write (node:internal/streams/writable:510:10)
    at Console.log (/home/drseuss/.cache/firebase/tools/lib/node_modules/winston/lib/winston/transports/console.js:87:23)
    at Console._write (/home/drseuss/.cache/firebase/tools/lib/node_modules/winston-transport/modern.js:103:17)
    at doWrite (/home/drseuss/.cache/firebase/tools/lib/node_modules/winston-transport/node_modules/readable-stream/lib/_stream_writable.js:390:139)
[error] 
[error] Error: An unexpected error has occurred.
[debug] [2026-08-27T16:54:34.338Z] Error: write EPIPE
    at afterWriteDispatched (node:internal/stream_base_commons:161:15)
    at writeGeneric (node:internal/stream_base_commons:152:3)
    at Socket._writeGeneric (node:net:958:11)
    at Socket._write (node:net:970:8)
    at writeOrBuffer (node:internal/streams/writable:572:12)
    at _write (node:internal/streams/writable:501:10)
    at Writable.write (node:internal/streams/writable:510:10)
    at Console.log (/home/drseuss/.cache/firebase/tools/lib/node_modules/winston/lib/winston/transports/console.js:87:23)
    at Console._write (/home/drseuss/.cache/firebase/tools/lib/node_modules/winston-transport/modern.js:103:17)
    at doWrite (/home/drseuss/.cache/firebase/tools/lib/node_modules/winston-transport/node_modules/readable-stream/lib/_stream_writable.js:390:139)
[error] 
[error] Error: An unexpected error has occurred.
[debug] [2026-08-27T16:54:34.338Z] Error: write EPIPE
    at afterWriteDispatched (node:internal/stream_base_commons:161:15)
    at writeGeneric (node:internal/stream_base_commons:152:3)
    at Socket._writeGeneric (node:net:958:11)
    at Socket._write (node:net:970:8)
    at writeOrBuffer (node:internal/streams/writable:572:12)
    at _write (node:internal/streams/writable:501:10)
    at Writable.write (node:internal/streams/writable:510:10)
    at Console.log (/home/drseuss/.cache/firebase/tools/lib/node_modules/winston/lib/winston/transports/console.js:87:23)
    at Console._write (/home/drseuss/.cache/firebase/tools/lib/node_modules/winston-transport/modern.js:103:17)
    at doWrite (/home/drseuss/.cache/firebase/tools/lib/node_modules/winston-transport/node_modules/readable-stream/lib/_stream_writable.js:390:139)
[error] 
[error] Error: An unexpected error has occurred.
[debug] [2026-08-27T16:54:34.338Z] Error: write EPIPE
    at afterWriteDispatched (node:internal/stream_base_commons:161:15)
    at writeGeneric (node:internal/stream_base_commons:152:3)
    at Socket._writeGeneric (node:net:958:11)
    at Socket._write (node:net:970:8)
    at writeOrBuffer (node:internal/streams/writable:572:12)
    at _write (node:internal/streams/writable:501:10)
    at Writable.write (node:internal/streams/writable:510:10)
    at Console.log (/home/drseuss/.cache/firebase/tools/lib/node_modules/winston/lib/winston/transports/console.js:87:23)
    at Console._write (/home/drseuss/.cache/firebase/tools/lib/node_modules/winston-transport/modern.js:103:17)
    at doWrite (/home/drseuss/.cache/firebase/tools/lib/node_modules/winston-transport/node_modules/readable-stream/lib/_stream_writable.js:390:139)
[error] 
[error] Error: An unexpected error has occurred.
[debug] [2026-08-27T16:54:34.338Z] Error: write EPIPE
    at afterWriteDispatched (node:internal/stream_base_commons:161:15)
    at writeGeneric (node:internal/stream_base_commons:152:3)
    at Socket._writeGeneric (node:net:958:11)
    at Socket._write (node:net:970:8)
    at writeOrBuffer (node:internal/streams/writable:572:12)
    at _write (node:internal/streams/writable:501:10)
    at Writable.write (node:internal/streams/writable:510:10)
    at Console.log (/home/drseuss/.cache/firebase/tools/lib/node_modules/winston/lib/winston/transports/console.js:87:23)
    at Console._write (/home/drseuss/.cache/firebase/tools/lib/node_modules/winston-transport/modern.js:103:17)
    at doWrite (/home/drseuss/.cache/firebase/tools/lib/node_modules/winston-transport/node_modules/readable-stream/lib/_stream_writable.js:390:139)
[error] 
[error] Error: An unexpected error has occurred.
[debug] [2026-08-27T16:54:34.338Z] Error: write EPIPE
    at afterWriteDispatched (node:internal/stream_base_commons:161:15)
    at writeGeneric (node:internal/stream_base_commons:152:3)
    at Socket._writeGeneric (node:net:958:11)
    at Socket._write (node:net:970:8)
    at writeOrBuffer (node:internal/streams/writable:572:12)
    at _write (node:internal/streams/writable:501:10)
    at Writable.write (node:internal/streams/writable:510:10)
    at Console.log (/home/drseuss/.cache/firebase/tools/lib/node_modules/winston/lib/winston/transports/console.js:87:23)
    at Console._write (/home/drseuss/.cache/firebase/tools/lib/node_modules/winston-transport/modern.js:103:17)
    at doWrite (/home/drseuss/.cache/firebase/tools/lib/node_modules/winston-transport/node_modules/readable-stream/lib/_stream_writable.js:390:139)
[error] 
[error] Error: An unexpected error has occurred.
[debug] [2026-08-27T16:54:34.339Z] Error: write EPIPE
    at afterWriteDispatched (node:internal/stream_base_commons:161:15)
    at writeGeneric (node:internal/stream_base_commons:152:3)
    at Socket._writeGeneric (node:net:958:11)
    at Socket._write (node:net:970:8)
    at writeOrBuffer (node:internal/streams/writable:572:12)
    at _write (node:internal/streams/writable:501:10)
    at Writable.write (node:internal/streams/writable:510:10)
    at Console.log (/home/drseuss/.cache/firebase/tools/lib/node_modules/winston/lib/winston/transports/console.js:87:23)
    at Console._write (/home/drseuss/.cache/firebase/tools/lib/node_modules/winston-transport/modern.js:103:17)
    at doWrite (/home/drseuss/.cache/firebase/tools/lib/node_modules/winston-transport/node_modules/readable-stream/lib/_stream_writable.js:390:139)
[error] 
[error] Error: An unexpected error has occurred.
[debug] [2026-08-27T16:54:34.339Z] Error: write EPIPE
    at afterWriteDispatched (node:internal/stream_base_commons:161:15)
    at writeGeneric (node:internal/stream_base_commons:152:3)
    at Socket._writeGeneric (node:net:958:11)
    at Socket._write (node:net:970:8)
    at writeOrBuffer (node:internal/streams/writable:572:12)
    at _write (node:internal/streams/writable:501:10)
    at Writable.write (node:internal/streams/writable:510:10)
    at Console.log (/home/drseuss/.cache/firebase/tools/lib/node_modules/winston/lib/winston/transports/console.js:87:23)
    at Console._write (/home/drseuss/.cache/firebase/tools/lib/node_modules/winston-transport/modern.js:103:17)
    at doWrite (/home/drseuss/.cache/firebase/tools/lib/node_modules/winston-transport/node_modules/readable-stream/lib/_stream_writable.js:390:139)
[error] 
[error] Error: An unexpected error has occurred.
[debug] [2026-08-27T16:54:34.339Z] Error: write EPIPE
    at afterWriteDispatched (node:internal/stream_base_commons:161:15)
    at writeGeneric (node:internal/stream_base_commons:152:3)
    at Socket._writeGeneric (node:net:958:11)
    at Socket._write (node:net:970:8)
    at writeOrBuffer (node:internal/streams/writable:572:12)
    at _write (node:internal/streams/writable:501:10)
    at Writable.write (node:internal/streams/writable:510:10)
    at Console.log (/home/drseuss/.cache/firebase/tools/lib/node_modules/winston/lib/winston/transports/console.js:87:23)
    at Console._write (/home/drseuss/.cache/firebase/tools/lib/node_modules/winston-transport/modern.js:103:17)
    at doWrite (/home/drseuss/.cache/firebase/tools/lib/node_modules/winston-transport/node_modules/readable-stream/lib/_stream_writable.js:390:139)
[error] 
[error] Error: An unexpected error has occurred.
[debug] [2026-08-27T16:54:34.339Z] Error: write EPIPE
    at afterWriteDispatched (node:internal/stream_base_commons:161:15)
    at writeGeneric (node:internal/stream_base_commons:152:3)
    at Socket._writeGeneric (node:net:958:11)
    at Socket._write (node:net:970:8)
    at writeOrBuffer (node:internal/streams/writable:572:12)
    at _write (node:internal/streams/writable:501:10)
    at Writable.write (node:internal/streams/writable:510:10)
    at Console.log (/home/drseuss/.cache/firebase/tools/lib/node_modules/winston/lib/winston/transports/console.js:87:23)
    at Console._write (/home/drseuss/.cache/firebase/tools/lib/node_modules/winston-transport/modern.js:103:17)
    at doWrite (/home/drseuss/.cache/firebase/tools/lib/node_modules/winston-transport/node_modules/readable-stream/lib/_stream_writable.js:390:139)
[error] 
[error] Error: An unexpected error has occurred.
[debug] [2026-08-27T16:54:34.339Z] Error: write EPIPE
    at afterWriteDispatched (node:internal/stream_base_commons:161:15)
    at writeGeneric (node:internal/stream_base_commons:152:3)
    at Socket._writeGeneric (node:net:958:11)
    at Socket._write (node:net:970:8)
    at writeOrBuffer (node:internal/streams/writable:572:12)
    at _write (node:internal/streams/writable:501:10)
    at Writable.write (node:internal/streams/writable:510:10)
    at Console.log (/home/drseuss/.cache/firebase/tools/lib/node_modules/winston/lib/winston/transports/console.js:87:23)
    at Console._write (/home/drseuss/.cache/firebase/tools/lib/node_modules/winston-transport/modern.js:103:17)
    at doWrite (/home/drseuss/.cache/firebase/tools/lib/node_modules/winston-transport/node_modules/readable-stream/lib/_stream_writable.js:390:139)
[error] 
[error] Error: An unexpected error has occurred.
[debug] [2026-08-27T16:54:34.339Z] Error: write EPIPE
    at afterWriteDispatched (node:internal/stream_base_commons:161:15)
    at writeGeneric (node:internal/stream_base_commons:152:3)
    at Socket._writeGeneric (node:net:958:11)
    at Socket._write (node:net:970:8)
    at writeOrBuffer (node:internal/streams/writable:572:12)
    at _write (node:internal/streams/writable:501:10)
    at Writable.write (node:internal/streams/writable:510:10)
    at Console.log (/home/drseuss/.cache/firebase/tools/lib/node_modules/winston/lib/winston/transports/console.js:87:23)
    at Console._write (/home/drseuss/.cache/firebase/tools/lib/node_modules/winston-transport/modern.js:103:17)
    at doWrite (/home/drseuss/.cache/firebase/tools/lib/node_modules/winston-transport/node_modules/readable-stream/lib/_stream_writable.js:390:139)
[error] 
[error] Error: An unexpected error has occurred.
[debug] [2026-08-27T16:54:34.339Z] Error: write EPIPE
    at afterWriteDispatched (node:internal/stream_base_commons:161:15)
    at writeGeneric (node:internal/stream_base_commons:152:3)
    at Socket._writeGeneric (node:net:958:11)
    at Socket._write (node:net:970:8)
    at writeOrBuffer (node:internal/streams/writable:572:12)
    at _write (node:internal/streams/writable:501:10)
    at Writable.write (node:internal/streams/writable:510:10)
    at Console.log (/home/drseuss/.cache/firebase/tools/lib/node_modules/winston/lib/winston/transports/console.js:87:23)
    at Console._write (/home/drseuss/.cache/firebase/tools/lib/node_modules/winston-transport/modern.js:103:17)
    at doWrite (/home/drseuss/.cache/firebase/tools/lib/node_modules/winston-transport/node_modules/readable-stream/lib/_stream_writable.js:390:139)
[error] 
[error] Error: An unexpected error has occurred.
[debug] [2026-08-27T16:54:34.340Z] Error: write EPIPE
    at afterWriteDispatched (node:internal/stream_base_commons:161:15)
    at writeGeneric (node:internal/stream_base_commons:152:3)
    at Socket._writeGeneric (node:net:958:11)
    at Socket._write (node:net:970:8)
    at writeOrBuffer (node:internal/streams/writable:572:12)
    at _write (node:internal/streams/writable:501:10)
    at Writable.write (node:internal/streams/writable:510:10)
    at Console.log (/home/drseuss/.cache/firebase/tools/lib/node_modules/winston/lib/winston/transports/console.js:87:23)
    at Console._write (/home/drseuss/.cache/firebase/tools/lib/node_modules/winston-transport/modern.js:103:17)
    at doWrite (/home/drseuss/.cache/firebase/tools/lib/node_modules/winston-transport/node_modules/readable-stream/lib/_stream_writable.js:390:139)
[error] 
[error] Error: An unexpected error has occurred.
[debug] [2026-08-27T16:54:34.340Z] Error: write EPIPE
    at afterWriteDispatched (node:internal/stream_base_commons:161:15)
    at writeGeneric (node:internal/stream_base_commons:152:3)
    at Socket._writeGeneric (node:net:958:11)
    at Socket._write (node:net:970:8)
    at writeOrBuffer (node:internal/streams/writable:572:12)
    at _write (node:internal/streams/writable:501:10)
    at Writable.write (node:internal/streams/writable:510:10)
    at Console.log (/home/drseuss/.cache/firebase/tools/lib/node_modules/winston/lib/winston/transports/console.js:87:23)
    at Console._write (/home/drseuss/.cache/firebase/tools/lib/node_modules/winston-transport/modern.js:103:17)
    at doWrite (/home/drseuss/.cache/firebase/tools/lib/node_modules/winston-transport/node_modules/readable-stream/lib/_stream_writable.js:390:139)
[error] 
[error] Error: An unexpected error has occurred.
[debug] [2026-08-27T16:54:34.340Z] Error: write EPIPE
    at afterWriteDispatched (node:internal/stream_base_commons:161:15)
    at writeGeneric (node:internal/stream_base_commons:152:3)
    at Socket._writeGeneric (node:net:958:11)
    at Socket._write (node:net:970:8)
    at writeOrBuffer (node:internal/streams/writable:572:12)
    at _write (node:internal/streams/writable:501:10)
    at Writable.write (node:internal/streams/writable:510:10)
    at Console.log (/home/drseuss/.cache/firebase/tools/lib/node_modules/winston/lib/winston/transports/console.js:87:23)
    at Console._write (/home/drseuss/.cache/firebase/tools/lib/node_modules/winston-transport/modern.js:103:17)
    at doWrite (/home/drseuss/.cache/firebase/tools/lib/node_modules/winston-transport/node_modules/readable-stream/lib/_stream_writable.js:390:139)
[error] 
[error] Error: An unexpected error has occurred.
[debug] [2026-08-27T16:54:34.340Z] Error: write EPIPE
    at afterWriteDispatched (node:internal/stream_base_commons:161:15)
    at writeGeneric (node:internal/stream_base_commons:152:3)
    at Socket._writeGeneric (node:net:958:11)
    at Socket._write (node:net:970:8)
    at writeOrBuffer (node:internal/streams/writable:572:12)
    at _write (node:internal/streams/writable:501:10)
    at Writable.write (node:internal/streams/writable:510:10)
    at Console.log (/home/drseuss/.cache/firebase/tools/lib/node_modules/winston/lib/winston/transports/console.js:87:23)
    at Console._write (/home/drseuss/.cache/firebase/tools/lib/node_modules/winston-transport/modern.js:103:17)
    at doWrite (/home/drseuss/.cache/firebase/tools/lib/node_modules/winston-transport/node_modules/readable-stream/lib/_stream_writable.js:390:139)
[error] 
[error] Error: An unexpected error has occurred.
[debug] [2026-08-27T16:54:34.340Z] Error: write EPIPE
    at afterWriteDispatched (node:internal/stream_base_commons:161:15)
    at writeGeneric (node:internal/stream_base_commons:152:3)
    at Socket._writeGeneric (node:net:958:11)
    at Socket._write (node:net:970:8)
    at writeOrBuffer (node:internal/streams/writable:572:12)
    at _write (node:internal/streams/writable:501:10)
    at Writable.write (node:internal/streams/writable:510:10)
    at Console.log (/home/drseuss/.cache/firebase/tools/lib/node_modules/winston/lib/winston/transports/console.js:87:23)
    at Console._write (/home/drseuss/.cache/firebase/tools/lib/node_modules/winston-transport/modern.js:103:17)
    at doWrite (/home/drseuss/.cache/firebase/tools/lib/node_modules/winston-transport/node_modules/readable-stream/lib/_stream_writable.js:390:139)
[error] 
[error] Error: An unexpected error has occurred.
[debug] [2026-08-27T16:54:34.340Z] Error: write EPIPE
    at afterWriteDispatched (node:internal/stream_base_commons:161:15)
    at writeGeneric (node:internal/stream_base_commons:152:3)
    at Socket._writeGeneric (node:net:958:11)
    at Socket._write (node:net:970:8)
    at writeOrBuffer (node:internal/streams/writable:572:12)
    at _write (node:internal/streams/writable:501:10)
    at Writable.write (node:internal/streams/writable:510:10)
    at Console.log (/home/drseuss/.cache/firebase/tools/lib/node_modules/winston/lib/winston/transports/console.js:87:23)
    at Console._write (/home/drseuss/.cache/firebase/tools/lib/node_modules/winston-transport/modern.js:103:17)
    at doWrite (/home/drseuss/.cache/firebase/tools/lib/node_modules/winston-transport/node_modules/readable-stream/lib/_stream_writable.js:390:139)
[error] 
[error] Error: An unexpected error has occurred.
[debug] [2026-08-27T16:54:34.341Z] Error: write EPIPE
    at afterWriteDispatched (node:internal/stream_base_commons:161:15)
    at writeGeneric (node:internal/stream_base_commons:152:3)
    at Socket._writeGeneric (node:net:958:11)
    at Socket._write (node:net:970:8)
    at writeOrBuffer (node:internal/streams/writable:572:12)
    at _write (node:internal/streams/writable:501:10)
    at Writable.write (node:internal/streams/writable:510:10)
    at Console.log (/home/drseuss/.cache/firebase/tools/lib/node_modules/winston/lib/winston/transports/console.js:87:23)
    at Console._write (/home/drseuss/.cache/firebase/tools/lib/node_modules/winston-transport/modern.js:103:17)
    at doWrite (/home/drseuss/.cache/firebase/tools/lib/node_modules/winston-transport/node_modules/readable-stream/lib/_stream_writable.js:390:139)
[error] 
[error] Error: An unexpected error has occurred.
[debug] [2026-08-27T16:54:34.341Z] Error: write EPIPE
    at afterWriteDispatched (node:internal/stream_base_commons:161:15)
    at writeGeneric (node:internal/stream_base_commons:152:3)
    at Socket._writeGeneric (node:net:958:11)
    at Socket._write (node:net:970:8)
    at writeOrBuffer (node:internal/streams/writable:572:12)
    at _write (node:internal/streams/writable:501:10)
    at Writable.write (node:internal/streams/writable:510:10)
    at Console.log (/home/drseuss/.cache/firebase/tools/lib/node_modules/winston/lib/winston/transports/console.js:87:23)
    at Console._write (/home/drseuss/.cache/firebase/tools/lib/node_modules/winston-transport/modern.js:103:17)
    at doWrite (/home/drseuss/.cache/firebase/tools/lib/node_modules/winston-transport/node_modules/readable-stream/lib/_stream_writable.js:390:139)
[error] 
[error] Error: An unexpected error has occurred.
[debug] [2026-08-27T16:54:34.341Z] Error: write EPIPE
    at afterWriteDispatched (node:internal/stream_base_commons:161:15)
    at writeGeneric (node:internal/stream_base_commons:152:3)
    at Socket._writeGeneric (node:net:958:11)
    at Socket._write (node:net:970:8)
    at writeOrBuffer (node:internal/streams/writable:572:12)
    at _write (node:internal/streams/writable:501:10)
    at Writable.write (node:internal/streams/writable:510:10)
    at Console.log (/home/drseuss/.cache/firebase/tools/lib/node_modules/winston/lib/winston/transports/console.js:87:23)
    at Console._write (/home/drseuss/.cache/firebase/tools/lib/node_modules/winston-transport/modern.js:103:17)
    at doWrite (/home/drseuss/.cache/firebase/tools/lib/node_modules/winston-transport/node_modules/readable-stream/lib/_stream_writable.js:390:139)
[error] 
[error] Error: An unexpected error has occurred.
[debug] [2026-08-27T16:54:34.342Z] Error: write EPIPE
    at afterWriteDispatched (node:internal/stream_base_commons:161:15)
    at writeGeneric (node:internal/stream_base_commons:152:3)
    at Socket._writeGeneric (node:net:958:11)
    at Socket._write (node:net:970:8)
    at writeOrBuffer (node:internal/streams/writable:572:12)
    at _write (node:internal/streams/writable:501:10)
    at Writable.write (node:internal/streams/writable:510:10)
    at Console.log (/home/drseuss/.cache/firebase/tools/lib/node_modules/winston/lib/winston/transports/console.js:87:23)
    at Console._write (/home/drseuss/.cache/firebase/tools/lib/node_modules/winston-transport/modern.js:103:17)
    at doWrite (/home/drseuss/.cache/firebase/tools/lib/node_modules/winston-transport/node_modules/readable-stream/lib/_stream_writable.js:390:139)
[error] 
[error] Error: An unexpected error has occurred.
[debug] [2026-08-27T16:54:34.342Z] Error: write EPIPE
    at afterWriteDispatched (node:internal/stream_base_commons:161:15)
    at writeGeneric (node:internal/stream_base_commons:152:3)
    at Socket._writeGeneric (node:net:958:11)
    at Socket._write (node:net:970:8)
    at writeOrBuffer (node:internal/streams/writable:572:12)
    at _write (node:internal/streams/writable:501:10)
    at Writable.write (node:internal/streams/writable:510:10)
    at Console.log (/home/drseuss/.cache/firebase/tools/lib/node_modules/winston/lib/winston/transports/console.js:87:23)
    at Console._write (/home/drseuss/.cache/firebase/tools/lib/node_modules/winston-transport/modern.js:103:17)
    at doWrite (/home/drseuss/.cache/firebase/tools/lib/node_modules/winston-transport/node_modules/readable-stream/lib/_stream_writable.js:390:139)
[error] 
[error] Error: An unexpected error has occurred.
[debug] [2026-08-27T16:54:34.342Z] Error: write EPIPE
    at afterWriteDispatched (node:internal/stream_base_commons:161:15)
    at writeGeneric (node:internal/stream_base_commons:152:3)
    at Socket._writeGeneric (node:net:958:11)
    at Socket._write (node:net:970:8)
    at writeOrBuffer (node:internal/streams/writable:572:12)
    at _write (node:internal/streams/writable:501:10)
    at Writable.write (node:internal/streams/writable:510:10)
    at Console.log (/home/drseuss/.cache/firebase/tools/lib/node_modules/winston/lib/winston/transports/console.js:87:23)
    at Console._write (/home/drseuss/.cache/firebase/tools/lib/node_modules/winston-transport/modern.js:103:17)
    at doWrite (/home/drseuss/.cache/firebase/tools/lib/node_modules/winston-transport/node_modules/readable-stream/lib/_stream_writable.js:390:139)
[error] 
[error] Error: An unexpected error has occurred.
[debug] [2026-08-27T16:54:34.342Z] Error: write EPIPE
    at afterWriteDispatched (node:internal/stream_base_commons:161:15)
    at writeGeneric (node:internal/stream_base_commons:152:3)
    at Socket._writeGeneric (node:net:958:11)
    at Socket._write (node:net:970:8)
    at writeOrBuffer (node:internal/streams/writable:572:12)
    at _write (node:internal/streams/writable:501:10)
    at Writable.write (node:internal/streams/writable:510:10)
    at Console.log (/home/drseuss/.cache/firebase/tools/lib/node_modules/winston/lib/winston/transports/console.js:87:23)
    at Console._write (/home/drseuss/.cache/firebase/tools/lib/node_modules/winston-transport/modern.js:103:17)
    at doWrite (/home/drseuss/.cache/firebase/tools/lib/node_modules/winston-transport/node_modules/readable-stream/lib/_stream_writable.js:390:139)
[error] 
[error] Error: An unexpected error has occurred.
[debug] [2026-08-27T16:54:34.342Z] Error: write EPIPE
    at afterWriteDispatched (node:internal/stream_base_commons:161:15)
    at writeGeneric (node:internal/stream_base_commons:152:3)
    at Socket._writeGeneric (node:net:958:11)
    at Socket._write (node:net:970:8)
    at writeOrBuffer (node:internal/streams/writable:572:12)
    at _write (node:internal/streams/writable:501:10)
    at Writable.write (node:internal/streams/writable:510:10)
    at Console.log (/home/drseuss/.cache/firebase/tools/lib/node_modules/winston/lib/winston/transports/console.js:87:23)
    at Console._write (/home/drseuss/.cache/firebase/tools/lib/node_modules/winston-transport/modern.js:103:17)
    at doWrite (/home/drseuss/.cache/firebase/tools/lib/node_modules/winston-transport/node_modules/readable-stream/lib/_stream_writable.js:390:139)
[error] 
[error] Error: An unexpected error has occurred.
[debug] [2026-08-27T16:54:34.342Z] Error: write EPIPE
    at afterWriteDispatched (node:internal/stream_base_commons:161:15)
    at writeGeneric (node:internal/stream_base_commons:152:3)
    at Socket._writeGeneric (node:net:958:11)
    at Socket._write (node:net:970:8)
    at writeOrBuffer (node:internal/streams/writable:572:12)
    at _write (node:internal/streams/writable:501:10)
    at Writable.write (node:internal/streams/writable:510:10)
    at Console.log (/home/drseuss/.cache/firebase/tools/lib/node_modules/winston/lib/winston/transports/console.js:87:23)
    at Console._write (/home/drseuss/.cache/firebase/tools/lib/node_modules/winston-transport/modern.js:103:17)
    at doWrite (/home/drseuss/.cache/firebase/tools/lib/node_modules/winston-transport/node_modules/readable-stream/lib/_stream_writable.js:390:139)
[error] 
[error] Error: An unexpected error has occurred.
[debug] [2026-08-27T16:54:34.343Z] Error: write EPIPE
    at afterWriteDispatched (node:internal/stream_base_commons:161:15)
    at writeGeneric (node:internal/stream_base_commons:152:3)
    at Socket._writeGeneric (node:net:958:11)
    at Socket._write (node:net:970:8)
    at writeOrBuffer (node:internal/streams/writable:572:12)
    at _write (node:internal/streams/writable:501:10)
    at Writable.write (node:internal/streams/writable:510:10)
    at Console.log (/home/drseuss/.cache/firebase/tools/lib/node_modules/winston/lib/winston/transports/console.js:87:23)
    at Console._write (/home/drseuss/.cache/firebase/tools/lib/node_modules/winston-transport/modern.js:103:17)
    at doWrite (/home/drseuss/.cache/firebase/tools/lib/node_modules/winston-transport/node_modules/readable-stream/lib/_stream_writable.js:390:139)
[error] 
[error] Error: An unexpected error has occurred.
[debug] [2026-08-27T16:54:34.343Z] Error: write EPIPE
    at afterWriteDispatched (node:internal/stream_base_commons:161:15)
    at writeGeneric (node:internal/stream_base_commons:152:3)
    at Socket._writeGeneric (node:net:958:11)
    at Socket._write (node:net:970:8)
    at writeOrBuffer (node:internal/streams/writable:572:12)
    at _write (node:internal/streams/writable:501:10)
    at Writable.write (node:internal/streams/writable:510:10)
    at Console.log (/home/drseuss/.cache/firebase/tools/lib/node_modules/winston/lib/winston/transports/console.js:87:23)
    at Console._write (/home/drseuss/.cache/firebase/tools/lib/node_modules/winston-transport/modern.js:103:17)
    at doWrite (/home/drseuss/.cache/firebase/tools/lib/node_modules/winston-transport/node_modules/readable-stream/lib/_stream_writable.js:390:139)
[error] 
[error] Error: An unexpected error has occurred.
[debug] [2026-08-27T16:54:34.343Z] Error: write EPIPE
    at afterWriteDispatched (node:internal/stream_base_commons:161:15)
    at writeGeneric (node:internal/stream_base_commons:152:3)
    at Socket._writeGeneric (node:net:958:11)
    at Socket._write (node:net:970:8)
    at writeOrBuffer (node:internal/streams/writable:572:12)
    at _write (node:internal/streams/writable:501:10)
    at Writable.write (node:internal/streams/writable:510:10)
    at Console.log (/home/drseuss/.cache/firebase/tools/lib/node_modules/winston/lib/winston/transports/console.js:87:23)
    at Console._write (/home/drseuss/.cache/firebase/tools/lib/node_modules/winston-transport/modern.js:103:17)
    at doWrite (/home/drseuss/.cache/firebase/tools/lib/node_modules/winston-transport/node_modules/readable-stream/lib/_stream_writable.js:390:139)
[error] 
[error] Error: An unexpected error has occurred.
[debug] [2026-08-27T16:54:34.343Z] Error: write EPIPE
    at afterWriteDispatched (node:internal/stream_base_commons:161:15)
    at writeGeneric (node:internal/stream_base_commons:152:3)
    at Socket._writeGeneric (node:net:958:11)
    at Socket._write (node:net:970:8)
    at writeOrBuffer (node:internal/streams/writable:572:12)
    at _write (node:internal/streams/writable:501:10)
    at Writable.write (node:internal/streams/writable:510:10)
    at Console.log (/home/drseuss/.cache/firebase/tools/lib/node_modules/winston/lib/winston/transports/console.js:87:23)
    at Console._write (/home/drseuss/.cache/firebase/tools/lib/node_modules/winston-transport/modern.js:103:17)
    at doWrite (/home/drseuss/.cache/firebase/tools/lib/node_modules/winston-transport/node_modules/readable-stream/lib/_stream_writable.js:390:139)
[error] 
[error] Error: An unexpected error has occurred.
[debug] [2026-08-27T16:54:34.343Z] Error: write EPIPE
    at afterWriteDispatched (node:internal/stream_base_commons:161:15)
    at writeGeneric (node:internal/stream_base_commons:152:3)
    at Socket._writeGeneric (node:net:958:11)
    at Socket._write (node:net:970:8)
    at writeOrBuffer (node:internal/streams/writable:572:12)
    at _write (node:internal/streams/writable:501:10)
    at Writable.write (node:internal/streams/writable:510:10)
    at Console.log (/home/drseuss/.cache/firebase/tools/lib/node_modules/winston/lib/winston/transports/console.js:87:23)
    at Console._write (/home/drseuss/.cache/firebase/tools/lib/node_modules/winston-transport/modern.js:103:17)
    at doWrite (/home/drseuss/.cache/firebase/tools/lib/node_modules/winston-transport/node_modules/readable-stream/lib/_stream_writable.js:390:139)
[error] 
[error] Error: An unexpected error has occurred.
[debug] [2026-08-27T16:54:34.343Z] Error: write EPIPE
    at afterWriteDispatched (node:internal/stream_base_commons:161:15)
    at writeGeneric (node:internal/stream_base_commons:152:3)
    at Socket._writeGeneric (node:net:958:11)
    at Socket._write (node:net:970:8)
    at writeOrBuffer (node:internal/streams/writable:572:12)
    at _write (node:internal/streams/writable:501:10)
    at Writable.write (node:internal/streams/writable:510:10)
    at Console.log (/home/drseuss/.cache/firebase/tools/lib/node_modules/winston/lib/winston/transports/console.js:87:23)
    at Console._write (/home/drseuss/.cache/firebase/tools/lib/node_modules/winston-transport/modern.js:103:17)
    at doWrite (/home/drseuss/.cache/firebase/tools/lib/node_modules/winston-transport/node_modules/readable-stream/lib/_stream_writable.js:390:139)
[error] 
[error] Error: An unexpected error has occurred.
[debug] [2026-08-27T16:54:34.344Z] Error: write EPIPE
    at afterWriteDispatched (node:internal/stream_base_commons:161:15)
    at writeGeneric (node:internal/stream_base_commons:152:3)
    at Socket._writeGeneric (node:net:958:11)
    at Socket._write (node:net:970:8)
    at writeOrBuffer (node:internal/streams/writable:572:12)
    at _write (node:internal/streams/writable:501:10)
    at Writable.write (node:internal/streams/writable:510:10)
    at Console.log (/home/drseuss/.cache/firebase/tools/lib/node_modules/winston/lib/winston/transports/console.js:87:23)
    at Console._write (/home/drseuss/.cache/firebase/tools/lib/node_modules/winston-transport/modern.js:103:17)
    at doWrite (/home/drseuss/.cache/firebase/tools/lib/node_modules/winston-transport/node_modules/readable-stream/lib/_stream_writable.js:390:139)
[error] 
[error] Error: An unexpected error has occurred.
[debug] [2026-08-27T16:54:34.344Z] Error: write EPIPE
    at afterWriteDispatched (node:internal/stream_base_commons:161:15)
    at writeGeneric (node:internal/stream_base_commons:152:3)
    at Socket._writeGeneric (node:net:958:11)
    at Socket._write (node:net:970:8)
    at writeOrBuffer (node:internal/streams/writable:572:12)
    at _write (node:internal/streams/writable:501:10)
    at Writable.write (node:internal/streams/writable:510:10)
    at Console.log (/home/drseuss/.cache/firebase/tools/lib/node_modules/winston/lib/winston/transports/console.js:87:23)
    at Console._write (/home/drseuss/.cache/firebase/tools/lib/node_modules/winston-transport/modern.js:103:17)
    at doWrite (/home/drseuss/.cache/firebase/tools/lib/node_modules/winston-transport/node_modules/readable-stream/lib/_stream_writable.js:390:139)
[error] 
[error] Error: An unexpected error has occurred.
[debug] [2026-08-27T16:54:34.344Z] Error: write EPIPE
    at afterWriteDispatched (node:internal/stream_base_commons:161:15)
    at writeGeneric (node:internal/stream_base_commons:152:3)
    at Socket._writeGeneric (node:net:958:11)
    at Socket._write (node:net:970:8)
    at writeOrBuffer (node:internal/streams/writable:572:12)
    at _write (node:internal/streams/writable:501:10)
    at Writable.write (node:internal/streams/writable:510:10)
    at Console.log (/home/drseuss/.cache/firebase/tools/lib/node_modules/winston/lib/winston/transports/console.js:87:23)
    at Console._write (/home/drseuss/.cache/firebase/tools/lib/node_modules/winston-transport/modern.js:103:17)
    at doWrite (/home/drseuss/.cache/firebase/tools/lib/node_modules/winston-transport/node_modules/readable-stream/lib/_stream_writable.js:390:139)
[error] 
[error] Error: An unexpected error has occurred.
[debug] [2026-08-27T16:54:34.344Z] Error: write EPIPE
    at afterWriteDispatched (node:internal/stream_base_commons:161:15)
    at writeGeneric (node:internal/stream_base_commons:152:3)
    at Socket._writeGeneric (node:net:958:11)
    at Socket._write (node:net:970:8)
    at writeOrBuffer (node:internal/streams/writable:572:12)
    at _write (node:internal/streams/writable:501:10)
    at Writable.write (node:internal/streams/writable:510:10)
    at Console.log (/home/drseuss/.cache/firebase/tools/lib/node_modules/winston/lib/winston/transports/console.js:87:23)
    at Console._write (/home/drseuss/.cache/firebase/tools/lib/node_modules/winston-transport/modern.js:103:17)
    at doWrite (/home/drseuss/.cache/firebase/tools/lib/node_modules/winston-transport/node_modules/readable-stream/lib/_stream_writable.js:390:139)
[error] 
[error] Error: An unexpected error has occurred.
[debug] [2026-08-27T16:54:34.344Z] Error: write EPIPE
    at afterWriteDispatched (node:internal/stream_base_commons:161:15)
    at writeGeneric (node:internal/stream_base_commons:152:3)
    at Socket._writeGeneric (node:net:958:11)
    at Socket._write (node:net:970:8)
    at writeOrBuffer (node:internal/streams/writable:572:12)
    at _write (node:internal/streams/writable:501:10)
    at Writable.write (node:internal/streams/writable:510:10)
    at Console.log (/home/drseuss/.cache/firebase/tools/lib/node_modules/winston/lib/winston/transports/console.js:87:23)
    at Console._write (/home/drseuss/.cache/firebase/tools/lib/node_modules/winston-transport/modern.js:103:17)
    at doWrite (/home/drseuss/.cache/firebase/tools/lib/node_modules/winston-transport/node_modules/readable-stream/lib/_stream_writable.js:390:139)
[error] 
[error] Error: An unexpected error has occurred.
[debug] [2026-08-27T16:54:34.345Z] Error: write EPIPE
    at afterWriteDispatched (node:internal/stream_base_commons:161:15)
    at writeGeneric (node:internal/stream_base_commons:152:3)
    at Socket._writeGeneric (node:net:958:11)
    at Socket._write (node:net:970:8)
    at writeOrBuffer (node:internal/streams/writable:572:12)
    at _write (node:internal/streams/writable:501:10)
    at Writable.write (node:internal/streams/writable:510:10)
    at Console.log (/home/drseuss/.cache/firebase/tools/lib/node_modules/winston/lib/winston/transports/console.js:87:23)
    at Console._write (/home/drseuss/.cache/firebase/tools/lib/node_modules/winston-transport/modern.js:103:17)
    at doWrite (/home/drseuss/.cache/firebase/tools/lib/node_modules/winston-transport/node_modules/readable-stream/lib/_stream_writable.js:390:139)
[error] 
[error] Error: An unexpected error has occurred.
[debug] [2026-08-27T16:54:34.345Z] Error: write EPIPE
    at afterWriteDispatched (node:internal/stream_base_commons:161:15)
    at writeGeneric (node:internal/stream_base_commons:152:3)
    at Socket._writeGeneric (node:net:958:11)
    at Socket._write (node:net:970:8)
    at writeOrBuffer (node:internal/streams/writable:572:12)
    at _write (node:internal/streams/writable:501:10)
    at Writable.write (node:internal/streams/writable:510:10)
    at Console.log (/home/drseuss/.cache/firebase/tools/lib/node_modules/winston/lib/winston/transports/console.js:87:23)
    at Console._write (/home/drseuss/.cache/firebase/tools/lib/node_modules/winston-transport/modern.js:103:17)
    at doWrite (/home/drseuss/.cache/firebase/tools/lib/node_modules/winston-transport/node_modules/readable-stream/lib/_stream_writable.js:390:139)
[error] 
[error] Error: An unexpected error has occurred.
[debug] [2026-08-27T16:54:34.345Z] Error: write EPIPE
    at afterWriteDispatched (node:internal/stream_base_commons:161:15)
    at writeGeneric (node:internal/stream_base_commons:152:3)
    at Socket._writeGeneric (node:net:958:11)
    at Socket._write (node:net:970:8)
    at writeOrBuffer (node:internal/streams/writable:572:12)
    at _write (node:internal/streams/writable:501:10)
    at Writable.write (node:internal/streams/writable:510:10)
    at Console.log (/home/drseuss/.cache/firebase/tools/lib/node_modules/winston/lib/winston/transports/console.js:87:23)
    at Console._write (/home/drseuss/.cache/firebase/tools/lib/node_modules/winston-transport/modern.js:103:17)
    at doWrite (/home/drseuss/.cache/firebase/tools/lib/node_modules/winston-transport/node_modules/readable-stream/lib/_stream_writable.js:390:139)
[error] 
[error] Error: An unexpected error has occurred.
[debug] [2026-08-27T16:54:34.345Z] Error: write EPIPE
    at afterWriteDispatched (node:internal/stream_base_commons:161:15)
    at writeGeneric (node:internal/stream_base_commons:152:3)
    at Socket._writeGeneric (node:net:958:11)
    at Socket._write (node:net:970:8)
    at writeOrBuffer (node:internal/streams/writable:572:12)
    at _write (node:internal/streams/writable:501:10)
    at Writable.write (node:internal/streams/writable:510:10)
    at Console.log (/home/drseuss/.cache/firebase/tools/lib/node_modules/winston/lib/winston/transports/console.js:87:23)
    at Console._write (/home/drseuss/.cache/firebase/tools/lib/node_modules/winston-transport/modern.js:103:17)
    at doWrite (/home/drseuss/.cache/firebase/tools/lib/node_modules/winston-transport/node_modules/readable-stream/lib/_stream_writable.js:390:139)
[error] 
[error] Error: An unexpected error has occurred.
[debug] [2026-08-27T16:54:34.345Z] Error: write EPIPE
    at afterWriteDispatched (node:internal/stream_base_commons:161:15)
    at writeGeneric (node:internal/stream_base_commons:152:3)
    at Socket._writeGeneric (node:net:958:11)
    at Socket._write (node:net:970:8)
    at writeOrBuffer (node:internal/streams/writable:572:12)
    at _write (node:internal/streams/writable:501:10)
    at Writable.write (node:internal/streams/writable:510:10)
    at Console.log (/home/drseuss/.cache/firebase/tools/lib/node_modules/winston/lib/winston/transports/console.js:87:23)
    at Console._write (/home/drseuss/.cache/firebase/tools/lib/node_modules/winston-transport/modern.js:103:17)
    at doWrite (/home/drseuss/.cache/firebase/tools/lib/node_modules/winston-transport/node_modules/readable-stream/lib/_stream_writable.js:390:139)
[error] 
[error] Error: An unexpected error has occurred.
[debug] [2026-08-27T16:54:34.345Z] Error: write EPIPE
    at afterWriteDispatched (node:internal/stream_base_commons:161:15)
    at writeGeneric (node:internal/stream_base_commons:152:3)
    at Socket._writeGeneric (node:net:958:11)
    at Socket._write (node:net:970:8)
    at writeOrBuffer (node:internal/streams/writable:572:12)
    at _write (node:internal/streams/writable:501:10)
    at Writable.write (node:internal/streams/writable:510:10)
    at Console.log (/home/drseuss/.cache/firebase/tools/lib/node_modules/winston/lib/winston/transports/console.js:87:23)
    at Console._write (/home/drseuss/.cache/firebase/tools/lib/node_modules/winston-transport/modern.js:103:17)
    at doWrite (/home/drseuss/.cache/firebase/tools/lib/node_modules/winston-transport/node_modules/readable-stream/lib/_stream_writable.js:390:139)
[error] 
[error] Error: An unexpected error has occurred.
[debug] [2026-08-27T16:54:34.346Z] Error: write EPIPE
    at afterWriteDispatched (node:internal/stream_base_commons:161:15)
    at writeGeneric (node:internal/stream_base_commons:152:3)
    at Socket._writeGeneric (node:net:958:11)
    at Socket._write (node:net:970:8)
    at writeOrBuffer (node:internal/streams/writable:572:12)
    at _write (node:internal/streams/writable:501:10)
    at Writable.write (node:internal/streams/writable:510:10)
    at Console.log (/home/drseuss/.cache/firebase/tools/lib/node_modules/winston/lib/winston/transports/console.js:87:23)
    at Console._write (/home/drseuss/.cache/firebase/tools/lib/node_modules/winston-transport/modern.js:103:17)
    at doWrite (/home/drseuss/.cache/firebase/tools/lib/node_modules/winston-transport/node_modules/readable-stream/lib/_stream_writable.js:390:139)
[error] 
[error] Error: An unexpected error has occurred.
[debug] [2026-08-27T16:54:34.346Z] Error: write EPIPE
    at afterWriteDispatched (node:internal/stream_base_commons:161:15)
    at writeGeneric (node:internal/stream_base_commons:152:3)
    at Socket._writeGeneric (node:net:958:11)
    at Socket._write (node:net:970:8)
    at writeOrBuffer (node:internal/streams/writable:572:12)
    at _write (node:internal/streams/writable:501:10)
    at Writable.write (node:internal/streams/writable:510:10)
    at Console.log (/home/drseuss/.cache/firebase/tools/lib/node_modules/winston/lib/winston/transports/console.js:87:23)
    at Console._write (/home/drseuss/.cache/firebase/tools/lib/node_modules/winston-transport/modern.js:103:17)
    at doWrite (/home/drseuss/.cache/firebase/tools/lib/node_modules/winston-transport/node_modules/readable-stream/lib/_stream_writable.js:390:139)
[error] 
[error] Error: An unexpected error has occurred.
[debug] [2026-08-27T16:54:34.346Z] Error: write EPIPE
    at afterWriteDispatched (node:internal/stream_base_commons:161:15)
    at writeGeneric (node:internal/stream_base_commons:152:3)
    at Socket._writeGeneric (node:net:958:11)
    at Socket._write (node:net:970:8)
    at writeOrBuffer (node:internal/streams/writable:572:12)
    at _write (node:internal/streams/writable:501:10)
    at Writable.write (node:internal/streams/writable:510:10)
    at Console.log (/home/drseuss/.cache/firebase/tools/lib/node_modules/winston/lib/winston/transports/console.js:87:23)
    at Console._write (/home/drseuss/.cache/firebase/tools/lib/node_modules/winston-transport/modern.js:103:17)
    at doWrite (/home/drseuss/.cache/firebase/tools/lib/node_modules/winston-transport/node_modules/readable-stream/lib/_stream_writable.js:390:139)
[error] 
[error] Error: An unexpected error has occurred.
[debug] [2026-08-27T16:54:34.346Z] Error: write EPIPE
    at afterWriteDispatched (node:internal/stream_base_commons:161:15)
    at writeGeneric (node:internal/stream_base_commons:152:3)
    at Socket._writeGeneric (node:net:958:11)
    at Socket._write (node:net:970:8)
    at writeOrBuffer (node:internal/streams/writable:572:12)
    at _write (node:internal/streams/writable:501:10)
    at Writable.write (node:internal/streams/writable:510:10)
    at Console.log (/home/drseuss/.cache/firebase/tools/lib/node_modules/winston/lib/winston/transports/console.js:87:23)
    at Console._write (/home/drseuss/.cache/firebase/tools/lib/node_modules/winston-transport/modern.js:103:17)
    at doWrite (/home/drseuss/.cache/firebase/tools/lib/node_modules/winston-transport/node_modules/readable-stream/lib/_stream_writable.js:390:139)
[error] 
[error] Error: An unexpected error has occurred.
[debug] [2026-08-27T16:54:34.346Z] Error: write EPIPE
    at afterWriteDispatched (node:internal/stream_base_commons:161:15)
    at writeGeneric (node:internal/stream_base_commons:152:3)
    at Socket._writeGeneric (node:net:958:11)
    at Socket._write (node:net:970:8)
    at writeOrBuffer (node:internal/streams/writable:572:12)
    at _write (node:internal/streams/writable:501:10)
    at Writable.write (node:internal/streams/writable:510:10)
    at Console.log (/home/drseuss/.cache/firebase/tools/lib/node_modules/winston/lib/winston/transports/console.js:87:23)
    at Console._write (/home/drseuss/.cache/firebase/tools/lib/node_modules/winston-transport/modern.js:103:17)
    at doWrite (/home/drseuss/.cache/firebase/tools/lib/node_modules/winston-transport/node_modules/readable-stream/lib/_stream_writable.js:390:139)
[error] 
[error] Error: An unexpected error has occurred.
[debug] [2026-08-27T16:54:34.346Z] Error: write EPIPE
    at afterWriteDispatched (node:internal/stream_base_commons:161:15)
    at writeGeneric (node:internal/stream_base_commons:152:3)
    at Socket._writeGeneric (node:net:958:11)
    at Socket._write (node:net:970:8)
    at writeOrBuffer (node:internal/streams/writable:572:12)
    at _write (node:internal/streams/writable:501:10)
    at Writable.write (node:internal/streams/writable:510:10)
    at Console.log (/home/drseuss/.cache/firebase/tools/lib/node_modules/winston/lib/winston/transports/console.js:87:23)
    at Console._write (/home/drseuss/.cache/firebase/tools/lib/node_modules/winston-transport/modern.js:103:17)
    at doWrite (/home/drseuss/.cache/firebase/tools/lib/node_modules/winston-transport/node_modules/readable-stream/lib/_stream_writable.js:390:139)
[error] 
[error] Error: An unexpected error has occurred.
[debug] [2026-08-27T16:54:34.347Z] Error: write EPIPE
    at afterWriteDispatched (node:internal/stream_base_commons:161:15)
    at writeGeneric (node:internal/stream_base_commons:152:3)
    at Socket._writeGeneric (node:net:958:11)
    at Socket._write (node:net:970:8)
    at writeOrBuffer (node:internal/streams/writable:572:12)
    at _write (node:internal/streams/writable:501:10)
    at Writable.write (node:internal/streams/writable:510:10)
    at Console.log (/home/drseuss/.cache/firebase/tools/lib/node_modules/winston/lib/winston/transports/console.js:87:23)
    at Console._write (/home/drseuss/.cache/firebase/tools/lib/node_modules/winston-transport/modern.js:103:17)
    at doWrite (/home/drseuss/.cache/firebase/tools/lib/node_modules/winston-transport/node_modules/readable-stream/lib/_stream_writable.js:390:139)
[error] 
[error] Error: An unexpected error has occurred.
[debug] [2026-08-27T16:54:34.347Z] Error: write EPIPE
    at afterWriteDispatched (node:internal/stream_base_commons:161:15)
    at writeGeneric (node:internal/stream_base_commons:152:3)
    at Socket._writeGeneric (node:net:958:11)
    at Socket._write (node:net:970:8)
    at writeOrBuffer (node:internal/streams/writable:572:12)
    at _write (node:internal/streams/writable:501:10)
    at Writable.write (node:internal/streams/writable:510:10)
    at Console.log (/home/drseuss/.cache/firebase/tools/lib/node_modules/winston/lib/winston/transports/console.js:87:23)
    at Console._write (/home/drseuss/.cache/firebase/tools/lib/node_modules/winston-transport/modern.js:103:17)
    at doWrite (/home/drseuss/.cache/firebase/tools/lib/node_modules/winston-transport/node_modules/readable-stream/lib/_stream_writable.js:390:139)
[error] 
[error] Error: An unexpected error has occurred.
[debug] [2026-08-27T16:54:34.347Z] Error: write EPIPE
    at afterWriteDispatched (node:internal/stream_base_commons:161:15)
    at writeGeneric (node:internal/stream_base_commons:152:3)
    at Socket._writeGeneric (node:net:958:11)
    at Socket._write (node:net:970:8)
    at writeOrBuffer (node:internal/streams/writable:572:12)
    at _write (node:internal/streams/writable:501:10)
    at Writable.write (node:internal/streams/writable:510:10)
    at Console.log (/home/drseuss/.cache/firebase/tools/lib/node_modules/winston/lib/winston/transports/console.js:87:23)
    at Console._write (/home/drseuss/.cache/firebase/tools/lib/node_modules/winston-transport/modern.js:103:17)
    at doWrite (/home/drseuss/.cache/firebase/tools/lib/node_modules/winston-transport/node_modules/readable-stream/lib/_stream_writable.js:390:139)
[error] 
[error] Error: An unexpected error has occurred.
[debug] [2026-08-27T16:54:34.347Z] Error: write EPIPE
    at afterWriteDispatched (node:internal/stream_base_commons:161:15)
    at writeGeneric (node:internal/stream_base_commons:152:3)
    at Socket._writeGeneric (node:net:958:11)
    at Socket._write (node:net:970:8)
    at writeOrBuffer (node:internal/streams/writable:572:12)
    at _write (node:internal/streams/writable:501:10)
    at Writable.write (node:internal/streams/writable:510:10)
    at Console.log (/home/drseuss/.cache/firebase/tools/lib/node_modules/winston/lib/winston/transports/console.js:87:23)
    at Console._write (/home/drseuss/.cache/firebase/tools/lib/node_modules/winston-transport/modern.js:103:17)
    at doWrite (/home/drseuss/.cache/firebase/tools/lib/node_modules/winston-transport/node_modules/readable-stream/lib/_stream_writable.js:390:139)
[error] 
[error] Error: An unexpected error has occurred.
[debug] [2026-08-27T16:54:34.347Z] Error: write EPIPE
    at afterWriteDispatched (node:internal/stream_base_commons:161:15)
    at writeGeneric (node:internal/stream_base_commons:152:3)
    at Socket._writeGeneric (node:net:958:11)
    at Socket._write (node:net:970:8)
    at writeOrBuffer (node:internal/streams/writable:572:12)
    at _write (node:internal/streams/writable:501:10)
    at Writable.write (node:internal/streams/writable:510:10)
    at Console.log (/home/drseuss/.cache/firebase/tools/lib/node_modules/winston/lib/winston/transports/console.js:87:23)
    at Console._write (/home/drseuss/.cache/firebase/tools/lib/node_modules/winston-transport/modern.js:103:17)
    at doWrite (/home/drseuss/.cache/firebase/tools/lib/node_modules/winston-transport/node_modules/readable-stream/lib/_stream_writable.js:390:139)
[error] 
[error] Error: An unexpected error has occurred.
[debug] [2026-08-27T16:54:34.347Z] Error: write EPIPE
    at afterWriteDispatched (node:internal/stream_base_commons:161:15)
    at writeGeneric (node:internal/stream_base_commons:152:3)
    at Socket._writeGeneric (node:net:958:11)
    at Socket._write (node:net:970:8)
    at writeOrBuffer (node:internal/streams/writable:572:12)
    at _write (node:internal/streams/writable:501:10)
    at Writable.write (node:internal/streams/writable:510:10)
    at Console.log (/home/drseuss/.cache/firebase/tools/lib/node_modules/winston/lib/winston/transports/console.js:87:23)
    at Console._write (/home/drseuss/.cache/firebase/tools/lib/node_modules/winston-transport/modern.js:103:17)
    at doWrite (/home/drseuss/.cache/firebase/tools/lib/node_modules/winston-transport/node_modules/readable-stream/lib/_stream_writable.js:390:139)
[error] 
[error] Error: An unexpected error has occurred.
[debug] [2026-08-27T16:54:34.348Z] Error: write EPIPE
    at afterWriteDispatched (node:internal/stream_base_commons:161:15)
    at writeGeneric (node:internal/stream_base_commons:152:3)
    at Socket._writeGeneric (node:net:958:11)
    at Socket._write (node:net:970:8)
    at writeOrBuffer (node:internal/streams/writable:572:12)
    at _write (node:internal/streams/writable:501:10)
    at Writable.write (node:internal/streams/writable:510:10)
    at Console.log (/home/drseuss/.cache/firebase/tools/lib/node_modules/winston/lib/winston/transports/console.js:87:23)
    at Console._write (/home/drseuss/.cache/firebase/tools/lib/node_modules/winston-transport/modern.js:103:17)
    at doWrite (/home/drseuss/.cache/firebase/tools/lib/node_modules/winston-transport/node_modules/readable-stream/lib/_stream_writable.js:390:139)
[error] 
[error] Error: An unexpected error has occurred.
[debug] [2026-08-27T16:54:34.348Z] Error: write EPIPE
    at afterWriteDispatched (node:internal/stream_base_commons:161:15)
    at writeGeneric (node:internal/stream_base_commons:152:3)
    at Socket._writeGeneric (node:net:958:11)
    at Socket._write (node:net:970:8)
    at writeOrBuffer (node:internal/streams/writable:572:12)
    at _write (node:internal/streams/writable:501:10)
    at Writable.write (node:internal/streams/writable:510:10)
    at Console.log (/home/drseuss/.cache/firebase/tools/lib/node_modules/winston/lib/winston/transports/console.js:87:23)
    at Console._write (/home/drseuss/.cache/firebase/tools/lib/node_modules/winston-transport/modern.js:103:17)
    at doWrite (/home/drseuss/.cache/firebase/tools/lib/node_modules/winston-transport/node_modules/readable-stream/lib/_stream_writable.js:390:139)
[error] 
[error] Error: An unexpected error has occurred.
[debug] [2026-08-27T16:54:34.348Z] Error: write EPIPE
    at afterWriteDispatched (node:internal/stream_base_commons:161:15)
    at writeGeneric (node:internal/stream_base_commons:152:3)
    at Socket._writeGeneric (node:net:958:11)
    at Socket._write (node:net:970:8)
    at writeOrBuffer (node:internal/streams/writable:572:12)
    at _write (node:internal/streams/writable:501:10)
    at Writable.write (node:internal/streams/writable:510:10)
    at Console.log (/home/drseuss/.cache/firebase/tools/lib/node_modules/winston/lib/winston/transports/console.js:87:23)
    at Console._write (/home/drseuss/.cache/firebase/tools/lib/node_modules/winston-transport/modern.js:103:17)
    at doWrite (/home/drseuss/.cache/firebase/tools/lib/node_modules/winston-transport/node_modules/readable-stream/lib/_stream_writable.js:390:139)
[error] 
[error] Error: An unexpected error has occurred.
[debug] [2026-08-27T16:54:34.348Z] Error: write EPIPE
    at afterWriteDispatched (node:internal/stream_base_commons:161:15)
    at writeGeneric (node:internal/stream_base_commons:152:3)
    at Socket._writeGeneric (node:net:958:11)
    at Socket._write (node:net:970:8)
    at writeOrBuffer (node:internal/streams/writable:572:12)
    at _write (node:internal/streams/writable:501:10)
    at Writable.write (node:internal/streams/writable:510:10)
    at Console.log (/home/drseuss/.cache/firebase/tools/lib/node_modules/winston/lib/winston/transports/console.js:87:23)
    at Console._write (/home/drseuss/.cache/firebase/tools/lib/node_modules/winston-transport/modern.js:103:17)
    at doWrite (/home/drseuss/.cache/firebase/tools/lib/node_modules/winston-transport/node_modules/readable-stream/lib/_stream_writable.js:390:139)
[error] 
[error] Error: An unexpected error has occurred.
[debug] [2026-08-27T16:54:34.348Z] Error: write EPIPE
    at afterWriteDispatched (node:internal/stream_base_commons:161:15)
    at writeGeneric (node:internal/stream_base_commons:152:3)
    at Socket._writeGeneric (node:net:958:11)
    at Socket._write (node:net:970:8)
    at writeOrBuffer (node:internal/streams/writable:572:12)
    at _write (node:internal/streams/writable:501:10)
    at Writable.write (node:internal/streams/writable:510:10)
    at Console.log (/home/drseuss/.cache/firebase/tools/lib/node_modules/winston/lib/winston/transports/console.js:87:23)
    at Console._write (/home/drseuss/.cache/firebase/tools/lib/node_modules/winston-transport/modern.js:103:17)
    at doWrite (/home/drseuss/.cache/firebase/tools/lib/node_modules/winston-transport/node_modules/readable-stream/lib/_stream_writable.js:390:139)
[error] 
[error] Error: An unexpected error has occurred.
[debug] [2026-08-27T16:54:34.348Z] Error: write EPIPE
    at afterWriteDispatched (node:internal/stream_base_commons:161:15)
    at writeGeneric (node:internal/stream_base_commons:152:3)
    at Socket._writeGeneric (node:net:958:11)
    at Socket._write (node:net:970:8)
    at writeOrBuffer (node:internal/streams/writable:572:12)
    at _write (node:internal/streams/writable:501:10)
    at Writable.write (node:internal/streams/writable:510:10)
    at Console.log (/home/drseuss/.cache/firebase/tools/lib/node_modules/winston/lib/winston/transports/console.js:87:23)
    at Console._write (/home/drseuss/.cache/firebase/tools/lib/node_modules/winston-transport/modern.js:103:17)
    at doWrite (/home/drseuss/.cache/firebase/tools/lib/node_modules/winston-transport/node_modules/readable-stream/lib/_stream_writable.js:390:139)
[error] 
[error] Error: An unexpected error has occurred.
[debug] [2026-08-27T16:54:34.349Z] Error: write EPIPE
    at afterWriteDispatched (node:internal/stream_base_commons:161:15)
    at writeGeneric (node:internal/stream_base_commons:152:3)
    at Socket._writeGeneric (node:net:958:11)
    at Socket._write (node:net:970:8)
    at writeOrBuffer (node:internal/streams/writable:572:12)
    at _write (node:internal/streams/writable:501:10)
    at Writable.write (node:internal/streams/writable:510:10)
    at Console.log (/home/drseuss/.cache/firebase/tools/lib/node_modules/winston/lib/winston/transports/console.js:87:23)
    at Console._write (/home/drseuss/.cache/firebase/tools/lib/node_modules/winston-transport/modern.js:103:17)
    at doWrite (/home/drseuss/.cache/firebase/tools/lib/node_modules/winston-transport/node_modules/readable-stream/lib/_stream_writable.js:390:139)
[error] 
[error] Error: An unexpected error has occurred.
[debug] [2026-08-27T16:54:34.349Z] Error: write EPIPE
    at afterWriteDispatched (node:internal/stream_base_commons:161:15)
    at writeGeneric (node:internal/stream_base_commons:152:3)
    at Socket._writeGeneric (node:net:958:11)
    at Socket._write (node:net:970:8)
    at writeOrBuffer (node:internal/streams/writable:572:12)
    at _write (node:internal/streams/writable:501:10)
    at Writable.write (node:internal/streams/writable:510:10)
    at Console.log (/home/drseuss/.cache/firebase/tools/lib/node_modules/winston/lib/winston/transports/console.js:87:23)
    at Console._write (/home/drseuss/.cache/firebase/tools/lib/node_modules/winston-transport/modern.js:103:17)
    at doWrite (/home/drseuss/.cache/firebase/tools/lib/node_modules/winston-transport/node_modules/readable-stream/lib/_stream_writable.js:390:139)
[error] 
[error] Error: An unexpected error has occurred.
[debug] [2026-08-27T16:54:34.349Z] Error: write EPIPE
    at afterWriteDispatched (node:internal/stream_base_commons:161:15)
    at writeGeneric (node:internal/stream_base_commons:152:3)
    at Socket._writeGeneric (node:net:958:11)
    at Socket._write (node:net:970:8)
    at writeOrBuffer (node:internal/streams/writable:572:12)
    at _write (node:internal/streams/writable:501:10)
    at Writable.write (node:internal/streams/writable:510:10)
    at Console.log (/home/drseuss/.cache/firebase/tools/lib/node_modules/winston/lib/winston/transports/console.js:87:23)
    at Console._write (/home/drseuss/.cache/firebase/tools/lib/node_modules/winston-transport/modern.js:103:17)
    at doWrite (/home/drseuss/.cache/firebase/tools/lib/node_modules/winston-transport/node_modules/readable-stream/lib/_stream_writable.js:390:139)
[error] 
[error] Error: An unexpected error has occurred.
[debug] [2026-08-27T16:54:34.349Z] Error: write EPIPE
    at afterWriteDispatched (node:internal/stream_base_commons:161:15)
    at writeGeneric (node:internal/stream_base_commons:152:3)
    at Socket._writeGeneric (node:net:958:11)
    at Socket._write (node:net:970:8)
    at writeOrBuffer (node:internal/streams/writable:572:12)
    at _write (node:internal/streams/writable:501:10)
    at Writable.write (node:internal/streams/writable:510:10)
    at Console.log (/home/drseuss/.cache/firebase/tools/lib/node_modules/winston/lib/winston/transports/console.js:87:23)
    at Console._write (/home/drseuss/.cache/firebase/tools/lib/node_modules/winston-transport/modern.js:103:17)
    at doWrite (/home/drseuss/.cache/firebase/tools/lib/node_modules/winston-transport/node_modules/readable-stream/lib/_stream_writable.js:390:139)
[error] 
[error] Error: An unexpected error has occurred.
[debug] [2026-08-27T16:54:34.349Z] Error: write EPIPE
    at afterWriteDispatched (node:internal/stream_base_commons:161:15)
    at writeGeneric (node:internal/stream_base_commons:152:3)
    at Socket._writeGeneric (node:net:958:11)
    at Socket._write (node:net:970:8)
    at writeOrBuffer (node:internal/streams/writable:572:12)
    at _write (node:internal/streams/writable:501:10)
    at Writable.write (node:internal/streams/writable:510:10)
    at Console.log (/home/drseuss/.cache/firebase/tools/lib/node_modules/winston/lib/winston/transports/console.js:87:23)
    at Console._write (/home/drseuss/.cache/firebase/tools/lib/node_modules/winston-transport/modern.js:103:17)
    at doWrite (/home/drseuss/.cache/firebase/tools/lib/node_modules/winston-transport/node_modules/readable-stream/lib/_stream_writable.js:390:139)
[error] 
[error] Error: An unexpected error has occurred.
[debug] [2026-08-27T16:54:34.349Z] Error: write EPIPE
    at afterWriteDispatched (node:internal/stream_base_commons:161:15)
    at writeGeneric (node:internal/stream_base_commons:152:3)
    at Socket._writeGeneric (node:net:958:11)
    at Socket._write (node:net:970:8)
    at writeOrBuffer (node:internal/streams/writable:572:12)
    at _write (node:internal/streams/writable:501:10)
    at Writable.write (node:internal/streams/writable:510:10)
    at Console.log (/home/drseuss/.cache/firebase/tools/lib/node_modules/winston/lib/winston/transports/console.js:87:23)
    at Console._write (/home/drseuss/.cache/firebase/tools/lib/node_modules/winston-transport/modern.js:103:17)
    at doWrite (/home/drseuss/.cache/firebase/tools/lib/node_modules/winston-transport/node_modules/readable-stream/lib/_stream_writable.js:390:139)
[error] 
[error] Error: An unexpected error has occurred.
[debug] [2026-08-27T16:54:34.349Z] Error: write EPIPE
    at afterWriteDispatched (node:internal/stream_base_commons:161:15)
    at writeGeneric (node:internal/stream_base_commons:152:3)
    at Socket._writeGeneric (node:net:958:11)
    at Socket._write (node:net:970:8)
    at writeOrBuffer (node:internal/streams/writable:572:12)
    at _write (node:internal/streams/writable:501:10)
    at Writable.write (node:internal/streams/writable:510:10)
    at Console.log (/home/drseuss/.cache/firebase/tools/lib/node_modules/winston/lib/winston/transports/console.js:87:23)
    at Console._write (/home/drseuss/.cache/firebase/tools/lib/node_modules/winston-transport/modern.js:103:17)
    at doWrite (/home/drseuss/.cache/firebase/tools/lib/node_modules/winston-transport/node_modules/readable-stream/lib/_stream_writable.js:390:139)
[error] 
[error] Error: An unexpected error has occurred.
[debug] [2026-08-27T16:54:34.350Z] Error: write EPIPE
    at afterWriteDispatched (node:internal/stream_base_commons:161:15)
    at writeGeneric (node:internal/stream_base_commons:152:3)
    at Socket._writeGeneric (node:net:958:11)
    at Socket._write (node:net:970:8)
    at writeOrBuffer (node:internal/streams/writable:572:12)
    at _write (node:internal/streams/writable:501:10)
    at Writable.write (node:internal/streams/writable:510:10)
    at Console.log (/home/drseuss/.cache/firebase/tools/lib/node_modules/winston/lib/winston/transports/console.js:87:23)
    at Console._write (/home/drseuss/.cache/firebase/tools/lib/node_modules/winston-transport/modern.js:103:17)
    at doWrite (/home/drseuss/.cache/firebase/tools/lib/node_modules/winston-transport/node_modules/readable-stream/lib/_stream_writable.js:390:139)
[error] 
[error] Error: An unexpected error has occurred.
[debug] [2026-08-27T16:54:34.350Z] Error: write EPIPE
    at afterWriteDispatched (node:internal/stream_base_commons:161:15)
    at writeGeneric (node:internal/stream_base_commons:152:3)
    at Socket._writeGeneric (node:net:958:11)
    at Socket._write (node:net:970:8)
    at writeOrBuffer (node:internal/streams/writable:572:12)
    at _write (node:internal/streams/writable:501:10)
    at Writable.write (node:internal/streams/writable:510:10)
    at Console.log (/home/drseuss/.cache/firebase/tools/lib/node_modules/winston/lib/winston/transports/console.js:87:23)
    at Console._write (/home/drseuss/.cache/firebase/tools/lib/node_modules/winston-transport/modern.js:103:17)
    at doWrite (/home/drseuss/.cache/firebase/tools/lib/node_modules/winston-transport/node_modules/readable-stream/lib/_stream_writable.js:390:139)
[error] 
[error] Error: An unexpected error has occurred.
[debug] [2026-08-27T16:54:34.350Z] Error: write EPIPE
    at afterWriteDispatched (node:internal/stream_base_commons:161:15)
    at writeGeneric (node:internal/stream_base_commons:152:3)
    at Socket._writeGeneric (node:net:958:11)
    at Socket._write (node:net:970:8)
    at writeOrBuffer (node:internal/streams/writable:572:12)
    at _write (node:internal/streams/writable:501:10)
    at Writable.write (node:internal/streams/writable:510:10)
    at Console.log (/home/drseuss/.cache/firebase/tools/lib/node_modules/winston/lib/winston/transports/console.js:87:23)
    at Console._write (/home/drseuss/.cache/firebase/tools/lib/node_modules/winston-transport/modern.js:103:17)
    at doWrite (/home/drseuss/.cache/firebase/tools/lib/node_modules/winston-transport/node_modules/readable-stream/lib/_stream_writable.js:390:139)
[error] 
[error] Error: An unexpected error has occurred.
[debug] [2026-08-27T16:54:34.350Z] Error: write EPIPE
    at afterWriteDispatched (node:internal/stream_base_commons:161:15)
    at writeGeneric (node:internal/stream_base_commons:152:3)
    at Socket._writeGeneric (node:net:958:11)
    at Socket._write (node:net:970:8)
    at writeOrBuffer (node:internal/streams/writable:572:12)
    at _write (node:internal/streams/writable:501:10)
    at Writable.write (node:internal/streams/writable:510:10)
    at Console.log (/home/drseuss/.cache/firebase/tools/lib/node_modules/winston/lib/winston/transports/console.js:87:23)
    at Console._write (/home/drseuss/.cache/firebase/tools/lib/node_modules/winston-transport/modern.js:103:17)
    at doWrite (/home/drseuss/.cache/firebase/tools/lib/node_modules/winston-transport/node_modules/readable-stream/lib/_stream_writable.js:390:139)
[error] 
[error] Error: An unexpected error has occurred.
[debug] [2026-08-27T16:54:34.350Z] Error: write EPIPE
    at afterWriteDispatched (node:internal/stream_base_commons:161:15)
    at writeGeneric (node:internal/stream_base_commons:152:3)
    at Socket._writeGeneric (node:net:958:11)
    at Socket._write (node:net:970:8)
    at writeOrBuffer (node:internal/streams/writable:572:12)
    at _write (node:internal/streams/writable:501:10)
    at Writable.write (node:internal/streams/writable:510:10)
    at Console.log (/home/drseuss/.cache/firebase/tools/lib/node_modules/winston/lib/winston/transports/console.js:87:23)
    at Console._write (/home/drseuss/.cache/firebase/tools/lib/node_modules/winston-transport/modern.js:103:17)
    at doWrite (/home/drseuss/.cache/firebase/tools/lib/node_modules/winston-transport/node_modules/readable-stream/lib/_stream_writable.js:390:139)
[error] 
[error] Error: An unexpected error has occurred.
[debug] [2026-08-27T16:54:34.350Z] Error: write EPIPE
    at afterWriteDispatched (node:internal/stream_base_commons:161:15)
    at writeGeneric (node:internal/stream_base_commons:152:3)
    at Socket._writeGeneric (node:net:958:11)
    at Socket._write (node:net:970:8)
    at writeOrBuffer (node:internal/streams/writable:572:12)
    at _write (node:internal/streams/writable:501:10)
    at Writable.write (node:internal/streams/writable:510:10)
    at Console.log (/home/drseuss/.cache/firebase/tools/lib/node_modules/winston/lib/winston/transports/console.js:87:23)
    at Console._write (/home/drseuss/.cache/firebase/tools/lib/node_modules/winston-transport/modern.js:103:17)
    at doWrite (/home/drseuss/.cache/firebase/tools/lib/node_modules/winston-transport/node_modules/readable-stream/lib/_stream_writable.js:390:139)
[error] 
[error] Error: An unexpected error has occurred.
[debug] [2026-08-27T16:54:34.351Z] Error: write EPIPE
    at afterWriteDispatched (node:internal/stream_base_commons:161:15)
    at writeGeneric (node:internal/stream_base_commons:152:3)
    at Socket._writeGeneric (node:net:958:11)
    at Socket._write (node:net:970:8)
    at writeOrBuffer (node:internal/streams/writable:572:12)
    at _write (node:internal/streams/writable:501:10)
    at Writable.write (node:internal/streams/writable:510:10)
    at Console.log (/home/drseuss/.cache/firebase/tools/lib/node_modules/winston/lib/winston/transports/console.js:87:23)
    at Console._write (/home/drseuss/.cache/firebase/tools/lib/node_modules/winston-transport/modern.js:103:17)
    at doWrite (/home/drseuss/.cache/firebase/tools/lib/node_modules/winston-transport/node_modules/readable-stream/lib/_stream_writable.js:390:139)
[error] 
[error] Error: An unexpected error has occurred.
[debug] [2026-08-27T16:54:34.351Z] Error: write EPIPE
    at afterWriteDispatched (node:internal/stream_base_commons:161:15)
    at writeGeneric (node:internal/stream_base_commons:152:3)
    at Socket._writeGeneric (node:net:958:11)
    at Socket._write (node:net:970:8)
    at writeOrBuffer (node:internal/streams/writable:572:12)
    at _write (node:internal/streams/writable:501:10)
    at Writable.write (node:internal/streams/writable:510:10)
    at Console.log (/home/drseuss/.cache/firebase/tools/lib/node_modules/winston/lib/winston/transports/console.js:87:23)
    at Console._write (/home/drseuss/.cache/firebase/tools/lib/node_modules/winston-transport/modern.js:103:17)
    at doWrite (/home/drseuss/.cache/firebase/tools/lib/node_modules/winston-transport/node_modules/readable-stream/lib/_stream_writable.js:390:139)
[error] 
[error] Error: An unexpected error has occurred.
[debug] [2026-08-27T16:54:34.351Z] Error: write EPIPE
    at afterWriteDispatched (node:internal/stream_base_commons:161:15)
    at writeGeneric (node:internal/stream_base_commons:152:3)
    at Socket._writeGeneric (node:net:958:11)
    at Socket._write (node:net:970:8)
    at writeOrBuffer (node:internal/streams/writable:572:12)
    at _write (node:internal/streams/writable:501:10)
    at Writable.write (node:internal/streams/writable:510:10)
    at Console.log (/home/drseuss/.cache/firebase/tools/lib/node_modules/winston/lib/winston/transports/console.js:87:23)
    at Console._write (/home/drseuss/.cache/firebase/tools/lib/node_modules/winston-transport/modern.js:103:17)
    at doWrite (/home/drseuss/.cache/firebase/tools/lib/node_modules/winston-transport/node_modules/readable-stream/lib/_stream_writable.js:390:139)
[error] 
[error] Error: An unexpected error has occurred.
[debug] [2026-08-27T16:54:34.351Z] Error: write EPIPE
    at afterWriteDispatched (node:internal/stream_base_commons:161:15)
    at writeGeneric (node:internal/stream_base_commons:152:3)
    at Socket._writeGeneric (node:net:958:11)
    at Socket._write (node:net:970:8)
    at writeOrBuffer (node:internal/streams/writable:572:12)
    at _write (node:internal/streams/writable:501:10)
    at Writable.write (node:internal/streams/writable:510:10)
    at Console.log (/home/drseuss/.cache/firebase/tools/lib/node_modules/winston/lib/winston/transports/console.js:87:23)
    at Console._write (/home/drseuss/.cache/firebase/tools/lib/node_modules/winston-transport/modern.js:103:17)
    at doWrite (/home/drseuss/.cache/firebase/tools/lib/node_modules/winston-transport/node_modules/readable-stream/lib/_stream_writable.js:390:139)
[error] 
[error] Error: An unexpected error has occurred.
[debug] [2026-08-27T16:54:34.351Z] Error: write EPIPE
    at afterWriteDispatched (node:internal/stream_base_commons:161:15)
    at writeGeneric (node:internal/stream_base_commons:152:3)
    at Socket._writeGeneric (node:net:958:11)
    at Socket._write (node:net:970:8)
    at writeOrBuffer (node:internal/streams/writable:572:12)
    at _write (node:internal/streams/writable:501:10)
    at Writable.write (node:internal/streams/writable:510:10)
    at Console.log (/home/drseuss/.cache/firebase/tools/lib/node_modules/winston/lib/winston/transports/console.js:87:23)
    at Console._write (/home/drseuss/.cache/firebase/tools/lib/node_modules/winston-transport/modern.js:103:17)
    at doWrite (/home/drseuss/.cache/firebase/tools/lib/node_modules/winston-transport/node_modules/readable-stream/lib/_stream_writable.js:390:139)
[error] 
[error] Error: An unexpected error has occurred.
[debug] [2026-08-27T16:54:34.352Z] Error: write EPIPE
    at afterWriteDispatched (node:internal/stream_base_commons:161:15)
    at writeGeneric (node:internal/stream_base_commons:152:3)
    at Socket._writeGeneric (node:net:958:11)
    at Socket._write (node:net:970:8)
    at writeOrBuffer (node:internal/streams/writable:572:12)
    at _write (node:internal/streams/writable:501:10)
    at Writable.write (node:internal/streams/writable:510:10)
    at Console.log (/home/drseuss/.cache/firebase/tools/lib/node_modules/winston/lib/winston/transports/console.js:87:23)
    at Console._write (/home/drseuss/.cache/firebase/tools/lib/node_modules/winston-transport/modern.js:103:17)
    at doWrite (/home/drseuss/.cache/firebase/tools/lib/node_modules/winston-transport/node_modules/readable-stream/lib/_stream_writable.js:390:139)
[error] 
[error] Error: An unexpected error has occurred.
[debug] [2026-08-27T16:54:34.352Z] Error: write EPIPE
    at afterWriteDispatched (node:internal/stream_base_commons:161:15)
    at writeGeneric (node:internal/stream_base_commons:152:3)
    at Socket._writeGeneric (node:net:958:11)
    at Socket._write (node:net:970:8)
    at writeOrBuffer (node:internal/streams/writable:572:12)
    at _write (node:internal/streams/writable:501:10)
    at Writable.write (node:internal/streams/writable:510:10)
    at Console.log (/home/drseuss/.cache/firebase/tools/lib/node_modules/winston/lib/winston/transports/console.js:87:23)
    at Console._write (/home/drseuss/.cache/firebase/tools/lib/node_modules/winston-transport/modern.js:103:17)
    at doWrite (/home/drseuss/.cache/firebase/tools/lib/node_modules/winston-transport/node_modules/readable-stream/lib/_stream_writable.js:390:139)
[error] 
[error] Error: An unexpected error has occurred.
[debug] [2026-08-27T16:54:34.352Z] Error: write EPIPE
    at afterWriteDispatched (node:internal/stream_base_commons:161:15)
    at writeGeneric (node:internal/stream_base_commons:152:3)
    at Socket._writeGeneric (node:net:958:11)
    at Socket._write (node:net:970:8)
    at writeOrBuffer (node:internal/streams/writable:572:12)
    at _write (node:internal/streams/writable:501:10)
    at Writable.write (node:internal/streams/writable:510:10)
    at Console.log (/home/drseuss/.cache/firebase/tools/lib/node_modules/winston/lib/winston/transports/console.js:87:23)
    at Console._write (/home/drseuss/.cache/firebase/tools/lib/node_modules/winston-transport/modern.js:103:17)
    at doWrite (/home/drseuss/.cache/firebase/tools/lib/node_modules/winston-transport/node_modules/readable-stream/lib/_stream_writable.js:390:139)
[error] 
[error] Error: An unexpected error has occurred.
[debug] [2026-08-27T16:54:34.354Z] Error: write EPIPE
    at afterWriteDispatched (node:internal/stream_base_commons:161:15)
    at writeGeneric (node:internal/stream_base_commons:152:3)
    at Socket._writeGeneric (node:net:958:11)
    at Socket._write (node:net:970:8)
    at writeOrBuffer (node:internal/streams/writable:572:12)
    at _write (node:internal/streams/writable:501:10)
    at Writable.write (node:internal/streams/writable:510:10)
    at Console.log (/home/drseuss/.cache/firebase/tools/lib/node_modules/winston/lib/winston/transports/console.js:87:23)
    at Console._write (/home/drseuss/.cache/firebase/tools/lib/node_modules/winston-transport/modern.js:103:17)
    at doWrite (/home/drseuss/.cache/firebase/tools/lib/node_modules/winston-transport/node_modules/readable-stream/lib/_stream_writable.js:390:139)
[error] 
[error] Error: An unexpected error has occurred.
[debug] [2026-08-27T16:54:34.355Z] Error: write EPIPE
    at afterWriteDispatched (node:internal/stream_base_commons:161:15)
    at writeGeneric (node:internal/stream_base_commons:152:3)
    at Socket._writeGeneric (node:net:958:11)
    at Socket._write (node:net:970:8)
    at writeOrBuffer (node:internal/streams/writable:572:12)
    at _write (node:internal/streams/writable:501:10)
    at Writable.write (node:internal/streams/writable:510:10)
    at Console.log (/home/drseuss/.cache/firebase/tools/lib/node_modules/winston/lib/winston/transports/console.js:87:23)
    at Console._write (/home/drseuss/.cache/firebase/tools/lib/node_modules/winston-transport/modern.js:103:17)
    at doWrite (/home/drseuss/.cache/firebase/tools/lib/node_modules/winston-transport/node_modules/readable-stream/lib/_stream_writable.js:390:139)
[error] 
[error] Error: An unexpected error has occurred.
[debug] [2026-08-27T16:54:34.355Z] Error: write EPIPE
    at afterWriteDispatched (node:internal/stream_base_commons:161:15)
    at writeGeneric (node:internal/stream_base_commons:152:3)
    at Socket._writeGeneric (node:net:958:11)
    at Socket._write (node:net:970:8)
    at writeOrBuffer (node:internal/streams/writable:572:12)
    at _write (node:internal/streams/writable:501:10)
    at Writable.write (node:internal/streams/writable:510:10)
    at Console.log (/home/drseuss/.cache/firebase/tools/lib/node_modules/winston/lib/winston/transports/console.js:87:23)
    at Console._write (/home/drseuss/.cache/firebase/tools/lib/node_modules/winston-transport/modern.js:103:17)
    at doWrite (/home/drseuss/.cache/firebase/tools/lib/node_modules/winston-transport/node_modules/readable-stream/lib/_stream_writable.js:390:139)
[error] 
[error] Error: An unexpected error has occurred.
[debug] [2026-08-27T16:54:34.355Z] Error: write EPIPE
    at afterWriteDispatched (node:internal/stream_base_commons:161:15)
    at writeGeneric (node:internal/stream_base_commons:152:3)
    at Socket._writeGeneric (node:net:958:11)
    at Socket._write (node:net:970:8)
    at writeOrBuffer (node:internal/streams/writable:572:12)
    at _write (node:internal/streams/writable:501:10)
    at Writable.write (node:internal/streams/writable:510:10)
    at Console.log (/home/drseuss/.cache/firebase/tools/lib/node_modules/winston/lib/winston/transports/console.js:87:23)
    at Console._write (/home/drseuss/.cache/firebase/tools/lib/node_modules/winston-transport/modern.js:103:17)
    at doWrite (/home/drseuss/.cache/firebase/tools/lib/node_modules/winston-transport/node_modules/readable-stream/lib/_stream_writable.js:390:139)
[error] 
[error] Error: An unexpected error has occurred.
[debug] [2026-08-27T16:54:34.355Z] Error: write EPIPE
    at afterWriteDispatched (node:internal/stream_base_commons:161:15)
    at writeGeneric (node:internal/stream_base_commons:152:3)
    at Socket._writeGeneric (node:net:958:11)
    at Socket._write (node:net:970:8)
    at writeOrBuffer (node:internal/streams/writable:572:12)
    at _write (node:internal/streams/writable:501:10)
    at Writable.write (node:internal/streams/writable:510:10)
    at Console.log (/home/drseuss/.cache/firebase/tools/lib/node_modules/winston/lib/winston/transports/console.js:87:23)
    at Console._write (/home/drseuss/.cache/firebase/tools/lib/node_modules/winston-transport/modern.js:103:17)
    at doWrite (/home/drseuss/.cache/firebase/tools/lib/node_modules/winston-transport/node_modules/readable-stream/lib/_stream_writable.js:390:139)
[error] 
[error] Error: An unexpected error has occurred.
[debug] [2026-08-27T16:54:34.355Z] Error: write EPIPE
    at afterWriteDispatched (node:internal/stream_base_commons:161:15)
    at writeGeneric (node:internal/stream_base_commons:152:3)
    at Socket._writeGeneric (node:net:958:11)
    at Socket._write (node:net:970:8)
    at writeOrBuffer (node:internal/streams/writable:572:12)
    at _write (node:internal/streams/writable:501:10)
    at Writable.write (node:internal/streams/writable:510:10)
    at Console.log (/home/drseuss/.cache/firebase/tools/lib/node_modules/winston/lib/winston/transports/console.js:87:23)
    at Console._write (/home/drseuss/.cache/firebase/tools/lib/node_modules/winston-transport/modern.js:103:17)
    at doWrite (/home/drseuss/.cache/firebase/tools/lib/node_modules/winston-transport/node_modules/readable-stream/lib/_stream_writable.js:390:139)
[error] 
[error] Error: An unexpected error has occurred.
[debug] [2026-08-27T16:54:34.355Z] Error: write EPIPE
    at afterWriteDispatched (node:internal/stream_base_commons:161:15)
    at writeGeneric (node:internal/stream_base_commons:152:3)
    at Socket._writeGeneric (node:net:958:11)
    at Socket._write (node:net:970:8)
    at writeOrBuffer (node:internal/streams/writable:572:12)
    at _write (node:internal/streams/writable:501:10)
    at Writable.write (node:internal/streams/writable:510:10)
    at Console.log (/home/drseuss/.cache/firebase/tools/lib/node_modules/winston/lib/winston/transports/console.js:87:23)
    at Console._write (/home/drseuss/.cache/firebase/tools/lib/node_modules/winston-transport/modern.js:103:17)
    at doWrite (/home/drseuss/.cache/firebase/tools/lib/node_modules/winston-transport/node_modules/readable-stream/lib/_stream_writable.js:390:139)
[error] 
[error] Error: An unexpected error has occurred.
[debug] [2026-08-27T16:54:34.356Z] Error: write EPIPE
    at afterWriteDispatched (node:internal/stream_base_commons:161:15)
    at writeGeneric (node:internal/stream_base_commons:152:3)
    at Socket._writeGeneric (node:net:958:11)
    at Socket._write (node:net:970:8)
    at writeOrBuffer (node:internal/streams/writable:572:12)
    at _write (node:internal/streams/writable:501:10)
    at Writable.write (node:internal/streams/writable:510:10)
    at Console.log (/home/drseuss/.cache/firebase/tools/lib/node_modules/winston/lib/winston/transports/console.js:87:23)
    at Console._write (/home/drseuss/.cache/firebase/tools/lib/node_modules/winston-transport/modern.js:103:17)
    at doWrite (/home/drseuss/.cache/firebase/tools/lib/node_modules/winston-transport/node_modules/readable-stream/lib/_stream_writable.js:390:139)
[error] 
[error] Error: An unexpected error has occurred.
[debug] [2026-08-27T16:54:34.356Z] Error: write EPIPE
    at afterWriteDispatched (node:internal/stream_base_commons:161:15)
    at writeGeneric (node:internal/stream_base_commons:152:3)
    at Socket._writeGeneric (node:net:958:11)
    at Socket._write (node:net:970:8)
    at writeOrBuffer (node:internal/streams/writable:572:12)
    at _write (node:internal/streams/writable:501:10)
    at Writable.write (node:internal/streams/writable:510:10)
    at Console.log (/home/drseuss/.cache/firebase/tools/lib/node_modules/winston/lib/winston/transports/console.js:87:23)
    at Console._write (/home/drseuss/.cache/firebase/tools/lib/node_modules/winston-transport/modern.js:103:17)
    at doWrite (/home/drseuss/.cache/firebase/tools/lib/node_modules/winston-transport/node_modules/readable-stream/lib/_stream_writable.js:390:139)
[error] 
[error] Error: An unexpected error has occurred.
[debug] [2026-08-27T16:54:34.356Z] Error: write EPIPE
    at afterWriteDispatched (node:internal/stream_base_commons:161:15)
    at writeGeneric (node:internal/stream_base_commons:152:3)
    at Socket._writeGeneric (node:net:958:11)
    at Socket._write (node:net:970:8)
    at writeOrBuffer (node:internal/streams/writable:572:12)
    at _write (node:internal/streams/writable:501:10)
    at Writable.write (node:internal/streams/writable:510:10)
    at Console.log (/home/drseuss/.cache/firebase/tools/lib/node_modules/winston/lib/winston/transports/console.js:87:23)
    at Console._write (/home/drseuss/.cache/firebase/tools/lib/node_modules/winston-transport/modern.js:103:17)
    at doWrite (/home/drseuss/.cache/firebase/tools/lib/node_modules/winston-transport/node_modules/readable-stream/lib/_stream_writable.js:390:139)
[error] 
[error] Error: An unexpected error has occurred.
[debug] [2026-08-27T16:54:34.356Z] Error: write EPIPE
    at afterWriteDispatched (node:internal/stream_base_commons:161:15)
    at writeGeneric (node:internal/stream_base_commons:152:3)
    at Socket._writeGeneric (node:net:958:11)
    at Socket._write (node:net:970:8)
    at writeOrBuffer (node:internal/streams/writable:572:12)
    at _write (node:internal/streams/writable:501:10)
    at Writable.write (node:internal/streams/writable:510:10)
    at Console.log (/home/drseuss/.cache/firebase/tools/lib/node_modules/winston/lib/winston/transports/console.js:87:23)
    at Console._write (/home/drseuss/.cache/firebase/tools/lib/node_modules/winston-transport/modern.js:103:17)
    at doWrite (/home/drseuss/.cache/firebase/tools/lib/node_modules/winston-transport/node_modules/readable-stream/lib/_stream_writable.js:390:139)
[error] 
[error] Error: An unexpected error has occurred.
[debug] [2026-08-27T16:54:34.356Z] Error: write EPIPE
    at afterWriteDispatched (node:internal/stream_base_commons:161:15)
    at writeGeneric (node:internal/stream_base_commons:152:3)
    at Socket._writeGeneric (node:net:958:11)
    at Socket._write (node:net:970:8)
    at writeOrBuffer (node:internal/streams/writable:572:12)
    at _write (node:internal/streams/writable:501:10)
    at Writable.write (node:internal/streams/writable:510:10)
    at Console.log (/home/drseuss/.cache/firebase/tools/lib/node_modules/winston/lib/winston/transports/console.js:87:23)
    at Console._write (/home/drseuss/.cache/firebase/tools/lib/node_modules/winston-transport/modern.js:103:17)
    at doWrite (/home/drseuss/.cache/firebase/tools/lib/node_modules/winston-transport/node_modules/readable-stream/lib/_stream_writable.js:390:139)
[error] 
[error] Error: An unexpected error has occurred.
[debug] [2026-08-27T16:54:34.357Z] Error: write EPIPE
    at afterWriteDispatched (node:internal/stream_base_commons:161:15)
    at writeGeneric (node:internal/stream_base_commons:152:3)
    at Socket._writeGeneric (node:net:958:11)
    at Socket._write (node:net:970:8)
    at writeOrBuffer (node:internal/streams/writable:572:12)
    at _write (node:internal/streams/writable:501:10)
    at Writable.write (node:internal/streams/writable:510:10)
    at Console.log (/home/drseuss/.cache/firebase/tools/lib/node_modules/winston/lib/winston/transports/console.js:87:23)
    at Console._write (/home/drseuss/.cache/firebase/tools/lib/node_modules/winston-transport/modern.js:103:17)
    at doWrite (/home/drseuss/.cache/firebase/tools/lib/node_modules/winston-transport/node_modules/readable-stream/lib/_stream_writable.js:390:139)
[error] 
[error] Error: An unexpected error has occurred.
[debug] [2026-08-27T16:54:34.357Z] Error: write EPIPE
    at afterWriteDispatched (node:internal/stream_base_commons:161:15)
    at writeGeneric (node:internal/stream_base_commons:152:3)
    at Socket._writeGeneric (node:net:958:11)
    at Socket._write (node:net:970:8)
    at writeOrBuffer (node:internal/streams/writable:572:12)
    at _write (node:internal/streams/writable:501:10)
    at Writable.write (node:internal/streams/writable:510:10)
    at Console.log (/home/drseuss/.cache/firebase/tools/lib/node_modules/winston/lib/winston/transports/console.js:87:23)
    at Console._write (/home/drseuss/.cache/firebase/tools/lib/node_modules/winston-transport/modern.js:103:17)
    at doWrite (/home/drseuss/.cache/firebase/tools/lib/node_modules/winston-transport/node_modules/readable-stream/lib/_stream_writable.js:390:139)
[error] 
[error] Error: An unexpected error has occurred.
[debug] [2026-08-27T16:54:34.357Z] Error: write EPIPE
    at afterWriteDispatched (node:internal/stream_base_commons:161:15)
    at writeGeneric (node:internal/stream_base_commons:152:3)
    at Socket._writeGeneric (node:net:958:11)
    at Socket._write (node:net:970:8)
    at writeOrBuffer (node:internal/streams/writable:572:12)
    at _write (node:internal/streams/writable:501:10)
    at Writable.write (node:internal/streams/writable:510:10)
    at Console.log (/home/drseuss/.cache/firebase/tools/lib/node_modules/winston/lib/winston/transports/console.js:87:23)
    at Console._write (/home/drseuss/.cache/firebase/tools/lib/node_modules/winston-transport/modern.js:103:17)
    at doWrite (/home/drseuss/.cache/firebase/tools/lib/node_modules/winston-transport/node_modules/readable-stream/lib/_stream_writable.js:390:139)
[error] 
[error] Error: An unexpected error has occurred.
[debug] [2026-08-27T16:54:34.357Z] Error: write EPIPE
    at afterWriteDispatched (node:internal/stream_base_commons:161:15)
    at writeGeneric (node:internal/stream_base_commons:152:3)
    at Socket._writeGeneric (node:net:958:11)
    at Socket._write (node:net:970:8)
    at writeOrBuffer (node:internal/streams/writable:572:12)
    at _write (node:internal/streams/writable:501:10)
    at Writable.write (node:internal/streams/writable:510:10)
    at Console.log (/home/drseuss/.cache/firebase/tools/lib/node_modules/winston/lib/winston/transports/console.js:87:23)
    at Console._write (/home/drseuss/.cache/firebase/tools/lib/node_modules/winston-transport/modern.js:103:17)
    at doWrite (/home/drseuss/.cache/firebase/tools/lib/node_modules/winston-transport/node_modules/readable-stream/lib/_stream_writable.js:390:139)
[error] 
[error] Error: An unexpected error has occurred.
[debug] [2026-08-27T16:54:34.357Z] Error: write EPIPE
    at afterWriteDispatched (node:internal/stream_base_commons:161:15)
    at writeGeneric (node:internal/stream_base_commons:152:3)
    at Socket._writeGeneric (node:net:958:11)
    at Socket._write (node:net:970:8)
    at writeOrBuffer (node:internal/streams/writable:572:12)
    at _write (node:internal/streams/writable:501:10)
    at Writable.write (node:internal/streams/writable:510:10)
    at Console.log (/home/drseuss/.cache/firebase/tools/lib/node_modules/winston/lib/winston/transports/console.js:87:23)
    at Console._write (/home/drseuss/.cache/firebase/tools/lib/node_modules/winston-transport/modern.js:103:17)
    at doWrite (/home/drseuss/.cache/firebase/tools/lib/node_modules/winston-transport/node_modules/readable-stream/lib/_stream_writable.js:390:139)
[error] 
[error] Error: An unexpected error has occurred.
[debug] [2026-08-27T16:54:34.357Z] Error: write EPIPE
    at afterWriteDispatched (node:internal/stream_base_commons:161:15)
    at writeGeneric (node:internal/stream_base_commons:152:3)
    at Socket._writeGeneric (node:net:958:11)
    at Socket._write (node:net:970:8)
    at writeOrBuffer (node:internal/streams/writable:572:12)
    at _write (node:internal/streams/writable:501:10)
    at Writable.write (node:internal/streams/writable:510:10)
    at Console.log (/home/drseuss/.cache/firebase/tools/lib/node_modules/winston/lib/winston/transports/console.js:87:23)
    at Console._write (/home/drseuss/.cache/firebase/tools/lib/node_modules/winston-transport/modern.js:103:17)
    at doWrite (/home/drseuss/.cache/firebase/tools/lib/node_modules/winston-transport/node_modules/readable-stream/lib/_stream_writable.js:390:139)
[error] 
[error] Error: An unexpected error has occurred.
[debug] [2026-08-27T16:54:34.357Z] Error: write EPIPE
    at afterWriteDispatched (node:internal/stream_base_commons:161:15)
    at writeGeneric (node:internal/stream_base_commons:152:3)
    at Socket._writeGeneric (node:net:958:11)
    at Socket._write (node:net:970:8)
    at writeOrBuffer (node:internal/streams/writable:572:12)
    at _write (node:internal/streams/writable:501:10)
    at Writable.write (node:internal/streams/writable:510:10)
    at Console.log (/home/drseuss/.cache/firebase/tools/lib/node_modules/winston/lib/winston/transports/console.js:87:23)
    at Console._write (/home/drseuss/.cache/firebase/tools/lib/node_modules/winston-transport/modern.js:103:17)
    at doWrite (/home/drseuss/.cache/firebase/tools/lib/node_modules/winston-transport/node_modules/readable-stream/lib/_stream_writable.js:390:139)
[error] 
[error] Error: An unexpected error has occurred.
[debug] [2026-08-27T16:54:34.358Z] Error: write EPIPE
    at afterWriteDispatched (node:internal/stream_base_commons:161:15)
    at writeGeneric (node:internal/stream_base_commons:152:3)
    at Socket._writeGeneric (node:net:958:11)
    at Socket._write (node:net:970:8)
    at writeOrBuffer (node:internal/streams/writable:572:12)
    at _write (node:internal/streams/writable:501:10)
    at Writable.write (node:internal/streams/writable:510:10)
    at Console.log (/home/drseuss/.cache/firebase/tools/lib/node_modules/winston/lib/winston/transports/console.js:87:23)
    at Console._write (/home/drseuss/.cache/firebase/tools/lib/node_modules/winston-transport/modern.js:103:17)
    at doWrite (/home/drseuss/.cache/firebase/tools/lib/node_modules/winston-transport/node_modules/readable-stream/lib/_stream_writable.js:390:139)
[error] 
[error] Error: An unexpected error has occurred.
[debug] [2026-08-27T16:54:34.358Z] Error: write EPIPE
    at afterWriteDispatched (node:internal/stream_base_commons:161:15)
    at writeGeneric (node:internal/stream_base_commons:152:3)
    at Socket._writeGeneric (node:net:958:11)
    at Socket._write (node:net:970:8)
    at writeOrBuffer (node:internal/streams/writable:572:12)
    at _write (node:internal/streams/writable:501:10)
    at Writable.write (node:internal/streams/writable:510:10)
    at Console.log (/home/drseuss/.cache/firebase/tools/lib/node_modules/winston/lib/winston/transports/console.js:87:23)
    at Console._write (/home/drseuss/.cache/firebase/tools/lib/node_modules/winston-transport/modern.js:103:17)
    at doWrite (/home/drseuss/.cache/firebase/tools/lib/node_modules/winston-transport/node_modules/readable-stream/lib/_stream_writable.js:390:139)
[error] 
[error] Error: An unexpected error has occurred.
[debug] [2026-08-27T16:54:34.358Z] Error: write EPIPE
    at afterWriteDispatched (node:internal/stream_base_commons:161:15)
    at writeGeneric (node:internal/stream_base_commons:152:3)
    at Socket._writeGeneric (node:net:958:11)
    at Socket._write (node:net:970:8)
    at writeOrBuffer (node:internal/streams/writable:572:12)
    at _write (node:internal/streams/writable:501:10)
    at Writable.write (node:internal/streams/writable:510:10)
    at Console.log (/home/drseuss/.cache/firebase/tools/lib/node_modules/winston/lib/winston/transports/console.js:87:23)
    at Console._write (/home/drseuss/.cache/firebase/tools/lib/node_modules/winston-transport/modern.js:103:17)
    at doWrite (/home/drseuss/.cache/firebase/tools/lib/node_modules/winston-transport/node_modules/readable-stream/lib/_stream_writable.js:390:139)
[error] 
[error] Error: An unexpected error has occurred.
[debug] [2026-08-27T16:54:34.358Z] Error: write EPIPE
    at afterWriteDispatched (node:internal/stream_base_commons:161:15)
    at writeGeneric (node:internal/stream_base_commons:152:3)
    at Socket._writeGeneric (node:net:958:11)
    at Socket._write (node:net:970:8)
    at writeOrBuffer (node:internal/streams/writable:572:12)
    at _write (node:internal/streams/writable:501:10)
    at Writable.write (node:internal/streams/writable:510:10)
    at Console.log (/home/drseuss/.cache/firebase/tools/lib/node_modules/winston/lib/winston/transports/console.js:87:23)
    at Console._write (/home/drseuss/.cache/firebase/tools/lib/node_modules/winston-transport/modern.js:103:17)
    at doWrite (/home/drseuss/.cache/firebase/tools/lib/node_modules/winston-transport/node_modules/readable-stream/lib/_stream_writable.js:390:139)
[error] 
[error] Error: An unexpected error has occurred.
[debug] [2026-08-27T16:54:34.358Z] Error: write EPIPE
    at afterWriteDispatched (node:internal/stream_base_commons:161:15)
    at writeGeneric (node:internal/stream_base_commons:152:3)
    at Socket._writeGeneric (node:net:958:11)
    at Socket._write (node:net:970:8)
    at writeOrBuffer (node:internal/streams/writable:572:12)
    at _write (node:internal/streams/writable:501:10)
    at Writable.write (node:internal/streams/writable:510:10)
    at Console.log (/home/drseuss/.cache/firebase/tools/lib/node_modules/winston/lib/winston/transports/console.js:87:23)
    at Console._write (/home/drseuss/.cache/firebase/tools/lib/node_modules/winston-transport/modern.js:103:17)
    at doWrite (/home/drseuss/.cache/firebase/tools/lib/node_modules/winston-transport/node_modules/readable-stream/lib/_stream_writable.js:390:139)
[error] 
[error] Error: An unexpected error has occurred.
[debug] [2026-08-27T16:54:34.358Z] Error: write EPIPE
    at afterWriteDispatched (node:internal/stream_base_commons:161:15)
    at writeGeneric (node:internal/stream_base_commons:152:3)
    at Socket._writeGeneric (node:net:958:11)
    at Socket._write (node:net:970:8)
    at writeOrBuffer (node:internal/streams/writable:572:12)
    at _write (node:internal/streams/writable:501:10)
    at Writable.write (node:internal/streams/writable:510:10)
    at Console.log (/home/drseuss/.cache/firebase/tools/lib/node_modules/winston/lib/winston/transports/console.js:87:23)
    at Console._write (/home/drseuss/.cache/firebase/tools/lib/node_modules/winston-transport/modern.js:103:17)
    at doWrite (/home/drseuss/.cache/firebase/tools/lib/node_modules/winston-transport/node_modules/readable-stream/lib/_stream_writable.js:390:139)
[error] 
[error] Error: An unexpected error has occurred.
[debug] [2026-08-27T16:54:34.359Z] Error: write EPIPE
    at afterWriteDispatched (node:internal/stream_base_commons:161:15)
    at writeGeneric (node:internal/stream_base_commons:152:3)
    at Socket._writeGeneric (node:net:958:11)
    at Socket._write (node:net:970:8)
    at writeOrBuffer (node:internal/streams/writable:572:12)
    at _write (node:internal/streams/writable:501:10)
    at Writable.write (node:internal/streams/writable:510:10)
    at Console.log (/home/drseuss/.cache/firebase/tools/lib/node_modules/winston/lib/winston/transports/console.js:87:23)
    at Console._write (/home/drseuss/.cache/firebase/tools/lib/node_modules/winston-transport/modern.js:103:17)
    at doWrite (/home/drseuss/.cache/firebase/tools/lib/node_modules/winston-transport/node_modules/readable-stream/lib/_stream_writable.js:390:139)
[error] 
[error] Error: An unexpected error has occurred.
[debug] [2026-08-27T16:54:34.359Z] Error: write EPIPE
    at afterWriteDispatched (node:internal/stream_base_commons:161:15)
    at writeGeneric (node:internal/stream_base_commons:152:3)
    at Socket._writeGeneric (node:net:958:11)
    at Socket._write (node:net:970:8)
    at writeOrBuffer (node:internal/streams/writable:572:12)
    at _write (node:internal/streams/writable:501:10)
    at Writable.write (node:internal/streams/writable:510:10)
    at Console.log (/home/drseuss/.cache/firebase/tools/lib/node_modules/winston/lib/winston/transports/console.js:87:23)
    at Console._write (/home/drseuss/.cache/firebase/tools/lib/node_modules/winston-transport/modern.js:103:17)
    at doWrite (/home/drseuss/.cache/firebase/tools/lib/node_modules/winston-transport/node_modules/readable-stream/lib/_stream_writable.js:390:139)
[error] 
[error] Error: An unexpected error has occurred.
[debug] [2026-08-27T16:54:34.359Z] Error: write EPIPE
    at afterWriteDispatched (node:internal/stream_base_commons:161:15)
    at writeGeneric (node:internal/stream_base_commons:152:3)
    at Socket._writeGeneric (node:net:958:11)
    at Socket._write (node:net:970:8)
    at writeOrBuffer (node:internal/streams/writable:572:12)
    at _write (node:internal/streams/writable:501:10)
    at Writable.write (node:internal/streams/writable:510:10)
    at Console.log (/home/drseuss/.cache/firebase/tools/lib/node_modules/winston/lib/winston/transports/console.js:87:23)
    at Console._write (/home/drseuss/.cache/firebase/tools/lib/node_modules/winston-transport/modern.js:103:17)
    at doWrite (/home/drseuss/.cache/firebase/tools/lib/node_modules/winston-transport/node_modules/readable-stream/lib/_stream_writable.js:390:139)
[error] 
[error] Error: An unexpected error has occurred.
[debug] [2026-08-27T16:54:34.359Z] Error: write EPIPE
    at afterWriteDispatched (node:internal/stream_base_commons:161:15)
    at writeGeneric (node:internal/stream_base_commons:152:3)
    at Socket._writeGeneric (node:net:958:11)
    at Socket._write (node:net:970:8)
    at writeOrBuffer (node:internal/streams/writable:572:12)
    at _write (node:internal/streams/writable:501:10)
    at Writable.write (node:internal/streams/writable:510:10)
    at Console.log (/home/drseuss/.cache/firebase/tools/lib/node_modules/winston/lib/winston/transports/console.js:87:23)
    at Console._write (/home/drseuss/.cache/firebase/tools/lib/node_modules/winston-transport/modern.js:103:17)
    at doWrite (/home/drseuss/.cache/firebase/tools/lib/node_modules/winston-transport/node_modules/readable-stream/lib/_stream_writable.js:390:139)
[error] 
[error] Error: An unexpected error has occurred.
[debug] [2026-08-27T16:54:34.359Z] Error: write EPIPE
    at afterWriteDispatched (node:internal/stream_base_commons:161:15)
    at writeGeneric (node:internal/stream_base_commons:152:3)
    at Socket._writeGeneric (node:net:958:11)
    at Socket._write (node:net:970:8)
    at writeOrBuffer (node:internal/streams/writable:572:12)
    at _write (node:internal/streams/writable:501:10)
    at Writable.write (node:internal/streams/writable:510:10)
    at Console.log (/home/drseuss/.cache/firebase/tools/lib/node_modules/winston/lib/winston/transports/console.js:87:23)
    at Console._write (/home/drseuss/.cache/firebase/tools/lib/node_modules/winston-transport/modern.js:103:17)
    at doWrite (/home/drseuss/.cache/firebase/tools/lib/node_modules/winston-transport/node_modules/readable-stream/lib/_stream_writable.js:390:139)
[error] 
[error] Error: An unexpected error has occurred.
[debug] [2026-08-27T16:54:34.359Z] Error: write EPIPE
    at afterWriteDispatched (node:internal/stream_base_commons:161:15)
    at writeGeneric (node:internal/stream_base_commons:152:3)
    at Socket._writeGeneric (node:net:958:11)
    at Socket._write (node:net:970:8)
    at writeOrBuffer (node:internal/streams/writable:572:12)
    at _write (node:internal/streams/writable:501:10)
    at Writable.write (node:internal/streams/writable:510:10)
    at Console.log (/home/drseuss/.cache/firebase/tools/lib/node_modules/winston/lib/winston/transports/console.js:87:23)
    at Console._write (/home/drseuss/.cache/firebase/tools/lib/node_modules/winston-transport/modern.js:103:17)
    at doWrite (/home/drseuss/.cache/firebase/tools/lib/node_modules/winston-transport/node_modules/readable-stream/lib/_stream_writable.js:390:139)
[error] 
[error] Error: An unexpected error has occurred.
[debug] [2026-08-27T16:54:34.360Z] Error: write EPIPE
    at afterWriteDispatched (node:internal/stream_base_commons:161:15)
    at writeGeneric (node:internal/stream_base_commons:152:3)
    at Socket._writeGeneric (node:net:958:11)
    at Socket._write (node:net:970:8)
    at writeOrBuffer (node:internal/streams/writable:572:12)
    at _write (node:internal/streams/writable:501:10)
    at Writable.write (node:internal/streams/writable:510:10)
    at Console.log (/home/drseuss/.cache/firebase/tools/lib/node_modules/winston/lib/winston/transports/console.js:87:23)
    at Console._write (/home/drseuss/.cache/firebase/tools/lib/node_modules/winston-transport/modern.js:103:17)
    at doWrite (/home/drseuss/.cache/firebase/tools/lib/node_modules/winston-transport/node_modules/readable-stream/lib/_stream_writable.js:390:139)
[error] 
[error] Error: An unexpected error has occurred.
[debug] [2026-08-27T16:54:34.360Z] Error: write EPIPE
    at afterWriteDispatched (node:internal/stream_base_commons:161:15)
    at writeGeneric (node:internal/stream_base_commons:152:3)
    at Socket._writeGeneric (node:net:958:11)
    at Socket._write (node:net:970:8)
    at writeOrBuffer (node:internal/streams/writable:572:12)
    at _write (node:internal/streams/writable:501:10)
    at Writable.write (node:internal/streams/writable:510:10)
    at Console.log (/home/drseuss/.cache/firebase/tools/lib/node_modules/winston/lib/winston/transports/console.js:87:23)
    at Console._write (/home/drseuss/.cache/firebase/tools/lib/node_modules/winston-transport/modern.js:103:17)
    at doWrite (/home/drseuss/.cache/firebase/tools/lib/node_modules/winston-transport/node_modules/readable-stream/lib/_stream_writable.js:390:139)
[error] 
[error] Error: An unexpected error has occurred.
[debug] [2026-08-27T16:54:34.360Z] Error: write EPIPE
    at afterWriteDispatched (node:internal/stream_base_commons:161:15)
    at writeGeneric (node:internal/stream_base_commons:152:3)
    at Socket._writeGeneric (node:net:958:11)
    at Socket._write (node:net:970:8)
    at writeOrBuffer (node:internal/streams/writable:572:12)
    at _write (node:internal/streams/writable:501:10)
    at Writable.write (node:internal/streams/writable:510:10)
    at Console.log (/home/drseuss/.cache/firebase/tools/lib/node_modules/winston/lib/winston/transports/console.js:87:23)
    at Console._write (/home/drseuss/.cache/firebase/tools/lib/node_modules/winston-transport/modern.js:103:17)
    at doWrite (/home/drseuss/.cache/firebase/tools/lib/node_modules/winston-transport/node_modules/readable-stream/lib/_stream_writable.js:390:139)
[error] 
[error] Error: An unexpected error has occurred.
[debug] [2026-08-27T16:54:34.360Z] Error: write EPIPE
    at afterWriteDispatched (node:internal/stream_base_commons:161:15)
    at writeGeneric (node:internal/stream_base_commons:152:3)
    at Socket._writeGeneric (node:net:958:11)
    at Socket._write (node:net:970:8)
    at writeOrBuffer (node:internal/streams/writable:572:12)
    at _write (node:internal/streams/writable:501:10)
    at Writable.write (node:internal/streams/writable:510:10)
    at Console.log (/home/drseuss/.cache/firebase/tools/lib/node_modules/winston/lib/winston/transports/console.js:87:23)
    at Console._write (/home/drseuss/.cache/firebase/tools/lib/node_modules/winston-transport/modern.js:103:17)
    at doWrite (/home/drseuss/.cache/firebase/tools/lib/node_modules/winston-transport/node_modules/readable-stream/lib/_stream_writable.js:390:139)
[error] 
[error] Error: An unexpected error has occurred.
[debug] [2026-08-27T16:54:34.360Z] Error: write EPIPE
    at afterWriteDispatched (node:internal/stream_base_commons:161:15)
    at writeGeneric (node:internal/stream_base_commons:152:3)
    at Socket._writeGeneric (node:net:958:11)
    at Socket._write (node:net:970:8)
    at writeOrBuffer (node:internal/streams/writable:572:12)
    at _write (node:internal/streams/writable:501:10)
    at Writable.write (node:internal/streams/writable:510:10)
    at Console.log (/home/drseuss/.cache/firebase/tools/lib/node_modules/winston/lib/winston/transports/console.js:87:23)
    at Console._write (/home/drseuss/.cache/firebase/tools/lib/node_modules/winston-transport/modern.js:103:17)
    at doWrite (/home/drseuss/.cache/firebase/tools/lib/node_modules/winston-transport/node_modules/readable-stream/lib/_stream_writable.js:390:139)
[error] 
[error] Error: An unexpected error has occurred.
[debug] [2026-08-27T16:54:34.360Z] Error: write EPIPE
    at afterWriteDispatched (node:internal/stream_base_commons:161:15)
    at writeGeneric (node:internal/stream_base_commons:152:3)
    at Socket._writeGeneric (node:net:958:11)
    at Socket._write (node:net:970:8)
    at writeOrBuffer (node:internal/streams/writable:572:12)
    at _write (node:internal/streams/writable:501:10)
    at Writable.write (node:internal/streams/writable:510:10)
    at Console.log (/home/drseuss/.cache/firebase/tools/lib/node_modules/winston/lib/winston/transports/console.js:87:23)
    at Console._write (/home/drseuss/.cache/firebase/tools/lib/node_modules/winston-transport/modern.js:103:17)
    at doWrite (/home/drseuss/.cache/firebase/tools/lib/node_modules/winston-transport/node_modules/readable-stream/lib/_stream_writable.js:390:139)
[error] 
[error] Error: An unexpected error has occurred.
[debug] [2026-08-27T16:54:34.360Z] Error: write EPIPE
    at afterWriteDispatched (node:internal/stream_base_commons:161:15)
    at writeGeneric (node:internal/stream_base_commons:152:3)
    at Socket._writeGeneric (node:net:958:11)
    at Socket._write (node:net:970:8)
    at writeOrBuffer (node:internal/streams/writable:572:12)
    at _write (node:internal/streams/writable:501:10)
    at Writable.write (node:internal/streams/writable:510:10)
    at Console.log (/home/drseuss/.cache/firebase/tools/lib/node_modules/winston/lib/winston/transports/console.js:87:23)
    at Console._write (/home/drseuss/.cache/firebase/tools/lib/node_modules/winston-transport/modern.js:103:17)
    at doWrite (/home/drseuss/.cache/firebase/tools/lib/node_modules/winston-transport/node_modules/readable-stream/lib/_stream_writable.js:390:139)
[error] 
[error] Error: An unexpected error has occurred.
[debug] [2026-08-27T16:54:34.361Z] Error: write EPIPE
    at afterWriteDispatched (node:internal/stream_base_commons:161:15)
    at writeGeneric (node:internal/stream_base_commons:152:3)
    at Socket._writeGeneric (node:net:958:11)
    at Socket._write (node:net:970:8)
    at writeOrBuffer (node:internal/streams/writable:572:12)
    at _write (node:internal/streams/writable:501:10)
    at Writable.write (node:internal/streams/writable:510:10)
    at Console.log (/home/drseuss/.cache/firebase/tools/lib/node_modules/winston/lib/winston/transports/console.js:87:23)
    at Console._write (/home/drseuss/.cache/firebase/tools/lib/node_modules/winston-transport/modern.js:103:17)
    at doWrite (/home/drseuss/.cache/firebase/tools/lib/node_modules/winston-transport/node_modules/readable-stream/lib/_stream_writable.js:390:139)
[error] 
[error] Error: An unexpected error has occurred.
[debug] [2026-08-27T16:54:34.361Z] Error: write EPIPE
    at afterWriteDispatched (node:internal/stream_base_commons:161:15)
    at writeGeneric (node:internal/stream_base_commons:152:3)
    at Socket._writeGeneric (node:net:958:11)
    at Socket._write (node:net:970:8)
    at writeOrBuffer (node:internal/streams/writable:572:12)
    at _write (node:internal/streams/writable:501:10)
    at Writable.write (node:internal/streams/writable:510:10)
    at Console.log (/home/drseuss/.cache/firebase/tools/lib/node_modules/winston/lib/winston/transports/console.js:87:23)
    at Console._write (/home/drseuss/.cache/firebase/tools/lib/node_modules/winston-transport/modern.js:103:17)
    at doWrite (/home/drseuss/.cache/firebase/tools/lib/node_modules/winston-transport/node_modules/readable-stream/lib/_stream_writable.js:390:139)
[error] 
[error] Error: An unexpected error has occurred.
[debug] [2026-08-27T16:54:34.361Z] Error: write EPIPE
    at afterWriteDispatched (node:internal/stream_base_commons:161:15)
    at writeGeneric (node:internal/stream_base_commons:152:3)
    at Socket._writeGeneric (node:net:958:11)
    at Socket._write (node:net:970:8)
    at writeOrBuffer (node:internal/streams/writable:572:12)
    at _write (node:internal/streams/writable:501:10)
    at Writable.write (node:internal/streams/writable:510:10)
    at Console.log (/home/drseuss/.cache/firebase/tools/lib/node_modules/winston/lib/winston/transports/console.js:87:23)
    at Console._write (/home/drseuss/.cache/firebase/tools/lib/node_modules/winston-transport/modern.js:103:17)
    at doWrite (/home/drseuss/.cache/firebase/tools/lib/node_modules/winston-transport/node_modules/readable-stream/lib/_stream_writable.js:390:139)
[error] 
[error] Error: An unexpected error has occurred.
[debug] [2026-08-27T16:54:34.361Z] Error: write EPIPE
    at afterWriteDispatched (node:internal/stream_base_commons:161:15)
    at writeGeneric (node:internal/stream_base_commons:152:3)
    at Socket._writeGeneric (node:net:958:11)
    at Socket._write (node:net:970:8)
    at writeOrBuffer (node:internal/streams/writable:572:12)
    at _write (node:internal/streams/writable:501:10)
    at Writable.write (node:internal/streams/writable:510:10)
    at Console.log (/home/drseuss/.cache/firebase/tools/lib/node_modules/winston/lib/winston/transports/console.js:87:23)
    at Console._write (/home/drseuss/.cache/firebase/tools/lib/node_modules/winston-transport/modern.js:103:17)
    at doWrite (/home/drseuss/.cache/firebase/tools/lib/node_modules/winston-transport/node_modules/readable-stream/lib/_stream_writable.js:390:139)
[error] 
[error] Error: An unexpected error has occurred.
[debug] [2026-08-27T16:54:34.361Z] Error: write EPIPE
    at afterWriteDispatched (node:internal/stream_base_commons:161:15)
    at writeGeneric (node:internal/stream_base_commons:152:3)
    at Socket._writeGeneric (node:net:958:11)
    at Socket._write (node:net:970:8)
    at writeOrBuffer (node:internal/streams/writable:572:12)
    at _write (node:internal/streams/writable:501:10)
    at Writable.write (node:internal/streams/writable:510:10)
    at Console.log (/home/drseuss/.cache/firebase/tools/lib/node_modules/winston/lib/winston/transports/console.js:87:23)
    at Console._write (/home/drseuss/.cache/firebase/tools/lib/node_modules/winston-transport/modern.js:103:17)
    at doWrite (/home/drseuss/.cache/firebase/tools/lib/node_modules/winston-transport/node_modules/readable-stream/lib/_stream_writable.js:390:139)
[error] 
[error] Error: An unexpected error has occurred.
[debug] [2026-08-27T16:54:34.361Z] Error: write EPIPE
    at afterWriteDispatched (node:internal/stream_base_commons:161:15)
    at writeGeneric (node:internal/stream_base_commons:152:3)
    at Socket._writeGeneric (node:net:958:11)
    at Socket._write (node:net:970:8)
    at writeOrBuffer (node:internal/streams/writable:572:12)
    at _write (node:internal/streams/writable:501:10)
    at Writable.write (node:internal/streams/writable:510:10)
    at Console.log (/home/drseuss/.cache/firebase/tools/lib/node_modules/winston/lib/winston/transports/console.js:87:23)
    at Console._write (/home/drseuss/.cache/firebase/tools/lib/node_modules/winston-transport/modern.js:103:17)
    at doWrite (/home/drseuss/.cache/firebase/tools/lib/node_modules/winston-transport/node_modules/readable-stream/lib/_stream_writable.js:390:139)
[error] 
[error] Error: An unexpected error has occurred.
[debug] [2026-08-27T16:54:34.361Z] Error: write EPIPE
    at afterWriteDispatched (node:internal/stream_base_commons:161:15)
    at writeGeneric (node:internal/stream_base_commons:152:3)
    at Socket._writeGeneric (node:net:958:11)
    at Socket._write (node:net:970:8)
    at writeOrBuffer (node:internal/streams/writable:572:12)
    at _write (node:internal/streams/writable:501:10)
    at Writable.write (node:internal/streams/writable:510:10)
    at Console.log (/home/drseuss/.cache/firebase/tools/lib/node_modules/winston/lib/winston/transports/console.js:87:23)
    at Console._write (/home/drseuss/.cache/firebase/tools/lib/node_modules/winston-transport/modern.js:103:17)
    at doWrite (/home/drseuss/.cache/firebase/tools/lib/node_modules/winston-transport/node_modules/readable-stream/lib/_stream_writable.js:390:139)
[error] 
[error] Error: An unexpected error has occurred.
[debug] [2026-08-27T16:54:34.361Z] Error: write EPIPE
    at afterWriteDispatched (node:internal/stream_base_commons:161:15)
    at writeGeneric (node:internal/stream_base_commons:152:3)
    at Socket._writeGeneric (node:net:958:11)
    at Socket._write (node:net:970:8)
    at writeOrBuffer (node:internal/streams/writable:572:12)
    at _write (node:internal/streams/writable:501:10)
    at Writable.write (node:internal/streams/writable:510:10)
    at Console.log (/home/drseuss/.cache/firebase/tools/lib/node_modules/winston/lib/winston/transports/console.js:87:23)
    at Console._write (/home/drseuss/.cache/firebase/tools/lib/node_modules/winston-transport/modern.js:103:17)
    at doWrite (/home/drseuss/.cache/firebase/tools/lib/node_modules/winston-transport/node_modules/readable-stream/lib/_stream_writable.js:390:139)
[error] 
[error] Error: An unexpected error has occurred.
[debug] [2026-08-27T16:54:34.362Z] Error: write EPIPE
    at afterWriteDispatched (node:internal/stream_base_commons:161:15)
    at writeGeneric (node:internal/stream_base_commons:152:3)
    at Socket._writeGeneric (node:net:958:11)
    at Socket._write (node:net:970:8)
    at writeOrBuffer (node:internal/streams/writable:572:12)
    at _write (node:internal/streams/writable:501:10)
    at Writable.write (node:internal/streams/writable:510:10)
    at Console.log (/home/drseuss/.cache/firebase/tools/lib/node_modules/winston/lib/winston/transports/console.js:87:23)
    at Console._write (/home/drseuss/.cache/firebase/tools/lib/node_modules/winston-transport/modern.js:103:17)
    at doWrite (/home/drseuss/.cache/firebase/tools/lib/node_modules/winston-transport/node_modules/readable-stream/lib/_stream_writable.js:390:139)
[error] 
[error] Error: An unexpected error has occurred.
[debug] [2026-08-27T16:54:34.362Z] Error: write EPIPE
    at afterWriteDispatched (node:internal/stream_base_commons:161:15)
    at writeGeneric (node:internal/stream_base_commons:152:3)
    at Socket._writeGeneric (node:net:958:11)
    at Socket._write (node:net:970:8)
    at writeOrBuffer (node:internal/streams/writable:572:12)
    at _write (node:internal/streams/writable:501:10)
    at Writable.write (node:internal/streams/writable:510:10)
    at Console.log (/home/drseuss/.cache/firebase/tools/lib/node_modules/winston/lib/winston/transports/console.js:87:23)
    at Console._write (/home/drseuss/.cache/firebase/tools/lib/node_modules/winston-transport/modern.js:103:17)
    at doWrite (/home/drseuss/.cache/firebase/tools/lib/node_modules/winston-transport/node_modules/readable-stream/lib/_stream_writable.js:390:139)
[error] 
[error] Error: An unexpected error has occurred.
[debug] [2026-08-27T16:54:34.362Z] Error: write EPIPE
    at afterWriteDispatched (node:internal/stream_base_commons:161:15)
    at writeGeneric (node:internal/stream_base_commons:152:3)
    at Socket._writeGeneric (node:net:958:11)
    at Socket._write (node:net:970:8)
    at writeOrBuffer (node:internal/streams/writable:572:12)
    at _write (node:internal/streams/writable:501:10)
    at Writable.write (node:internal/streams/writable:510:10)
    at Console.log (/home/drseuss/.cache/firebase/tools/lib/node_modules/winston/lib/winston/transports/console.js:87:23)
    at Console._write (/home/drseuss/.cache/firebase/tools/lib/node_modules/winston-transport/modern.js:103:17)
    at doWrite (/home/drseuss/.cache/firebase/tools/lib/node_modules/winston-transport/node_modules/readable-stream/lib/_stream_writable.js:390:139)
[error] 
[error] Error: An unexpected error has occurred.
[debug] [2026-08-27T16:54:34.362Z] Error: write EPIPE
    at afterWriteDispatched (node:internal/stream_base_commons:161:15)
    at writeGeneric (node:internal/stream_base_commons:152:3)
    at Socket._writeGeneric (node:net:958:11)
    at Socket._write (node:net:970:8)
    at writeOrBuffer (node:internal/streams/writable:572:12)
    at _write (node:internal/streams/writable:501:10)
    at Writable.write (node:internal/streams/writable:510:10)
    at Console.log (/home/drseuss/.cache/firebase/tools/lib/node_modules/winston/lib/winston/transports/console.js:87:23)
    at Console._write (/home/drseuss/.cache/firebase/tools/lib/node_modules/winston-transport/modern.js:103:17)
    at doWrite (/home/drseuss/.cache/firebase/tools/lib/node_modules/winston-transport/node_modules/readable-stream/lib/_stream_writable.js:390:139)
[error] 
[error] Error: An unexpected error has occurred.
[debug] [2026-08-27T16:54:34.362Z] Error: write EPIPE
    at afterWriteDispatched (node:internal/stream_base_commons:161:15)
    at writeGeneric (node:internal/stream_base_commons:152:3)
    at Socket._writeGeneric (node:net:958:11)
    at Socket._write (node:net:970:8)
    at writeOrBuffer (node:internal/streams/writable:572:12)
    at _write (node:internal/streams/writable:501:10)
    at Writable.write (node:internal/streams/writable:510:10)
    at Console.log (/home/drseuss/.cache/firebase/tools/lib/node_modules/winston/lib/winston/transports/console.js:87:23)
    at Console._write (/home/drseuss/.cache/firebase/tools/lib/node_modules/winston-transport/modern.js:103:17)
    at doWrite (/home/drseuss/.cache/firebase/tools/lib/node_modules/winston-transport/node_modules/readable-stream/lib/_stream_writable.js:390:139)
[error] 
[error] Error: An unexpected error has occurred.
[debug] [2026-08-27T16:54:34.363Z] Error: write EPIPE
    at afterWriteDispatched (node:internal/stream_base_commons:161:15)
    at writeGeneric (node:internal/stream_base_commons:152:3)
    at Socket._writeGeneric (node:net:958:11)
    at Socket._write (node:net:970:8)
    at writeOrBuffer (node:internal/streams/writable:572:12)
    at _write (node:internal/streams/writable:501:10)
    at Writable.write (node:internal/streams/writable:510:10)
    at Console.log (/home/drseuss/.cache/firebase/tools/lib/node_modules/winston/lib/winston/transports/console.js:87:23)
    at Console._write (/home/drseuss/.cache/firebase/tools/lib/node_modules/winston-transport/modern.js:103:17)
    at doWrite (/home/drseuss/.cache/firebase/tools/lib/node_modules/winston-transport/node_modules/readable-stream/lib/_stream_writable.js:390:139)
[error] 
[error] Error: An unexpected error has occurred.
[debug] [2026-08-27T16:54:34.363Z] Error: write EPIPE
    at afterWriteDispatched (node:internal/stream_base_commons:161:15)
    at writeGeneric (node:internal/stream_base_commons:152:3)
    at Socket._writeGeneric (node:net:958:11)
    at Socket._write (node:net:970:8)
    at writeOrBuffer (node:internal/streams/writable:572:12)
    at _write (node:internal/streams/writable:501:10)
    at Writable.write (node:internal/streams/writable:510:10)
    at Console.log (/home/drseuss/.cache/firebase/tools/lib/node_modules/winston/lib/winston/transports/console.js:87:23)
    at Console._write (/home/drseuss/.cache/firebase/tools/lib/node_modules/winston-transport/modern.js:103:17)
    at doWrite (/home/drseuss/.cache/firebase/tools/lib/node_modules/winston-transport/node_modules/readable-stream/lib/_stream_writable.js:390:139)
[error] 
[error] Error: An unexpected error has occurred.
[debug] [2026-08-27T16:54:34.363Z] Error: write EPIPE
    at afterWriteDispatched (node:internal/stream_base_commons:161:15)
    at writeGeneric (node:internal/stream_base_commons:152:3)
    at Socket._writeGeneric (node:net:958:11)
    at Socket._write (node:net:970:8)
    at writeOrBuffer (node:internal/streams/writable:572:12)
    at _write (node:internal/streams/writable:501:10)
    at Writable.write (node:internal/streams/writable:510:10)
    at Console.log (/home/drseuss/.cache/firebase/tools/lib/node_modules/winston/lib/winston/transports/console.js:87:23)
    at Console._write (/home/drseuss/.cache/firebase/tools/lib/node_modules/winston-transport/modern.js:103:17)
    at doWrite (/home/drseuss/.cache/firebase/tools/lib/node_modules/winston-transport/node_modules/readable-stream/lib/_stream_writable.js:390:139)
[error] 
[error] Error: An unexpected error has occurred.
[debug] [2026-08-27T16:54:34.363Z] Error: write EPIPE
    at afterWriteDispatched (node:internal/stream_base_commons:161:15)
    at writeGeneric (node:internal/stream_base_commons:152:3)
    at Socket._writeGeneric (node:net:958:11)
    at Socket._write (node:net:970:8)
    at writeOrBuffer (node:internal/streams/writable:572:12)
    at _write (node:internal/streams/writable:501:10)
    at Writable.write (node:internal/streams/writable:510:10)
    at Console.log (/home/drseuss/.cache/firebase/tools/lib/node_modules/winston/lib/winston/transports/console.js:87:23)
    at Console._write (/home/drseuss/.cache/firebase/tools/lib/node_modules/winston-transport/modern.js:103:17)
    at doWrite (/home/drseuss/.cache/firebase/tools/lib/node_modules/winston-transport/node_modules/readable-stream/lib/_stream_writable.js:390:139)
[error] 
[error] Error: An unexpected error has occurred.
[debug] [2026-08-27T16:54:34.363Z] Error: write EPIPE
    at afterWriteDispatched (node:internal/stream_base_commons:161:15)
    at writeGeneric (node:internal/stream_base_commons:152:3)
    at Socket._writeGeneric (node:net:958:11)
    at Socket._write (node:net:970:8)
    at writeOrBuffer (node:internal/streams/writable:572:12)
    at _write (node:internal/streams/writable:501:10)
    at Writable.write (node:internal/streams/writable:510:10)
    at Console.log (/home/drseuss/.cache/firebase/tools/lib/node_modules/winston/lib/winston/transports/console.js:87:23)
    at Console._write (/home/drseuss/.cache/firebase/tools/lib/node_modules/winston-transport/modern.js:103:17)
    at doWrite (/home/drseuss/.cache/firebase/tools/lib/node_modules/winston-transport/node_modules/readable-stream/lib/_stream_writable.js:390:139)
[error] 
[error] Error: An unexpected error has occurred.
[debug] [2026-08-27T16:54:34.363Z] Error: write EPIPE
    at afterWriteDispatched (node:internal/stream_base_commons:161:15)
    at writeGeneric (node:internal/stream_base_commons:152:3)
    at Socket._writeGeneric (node:net:958:11)
    at Socket._write (node:net:970:8)
    at writeOrBuffer (node:internal/streams/writable:572:12)
    at _write (node:internal/streams/writable:501:10)
    at Writable.write (node:internal/streams/writable:510:10)
    at Console.log (/home/drseuss/.cache/firebase/tools/lib/node_modules/winston/lib/winston/transports/console.js:87:23)
    at Console._write (/home/drseuss/.cache/firebase/tools/lib/node_modules/winston-transport/modern.js:103:17)
    at doWrite (/home/drseuss/.cache/firebase/tools/lib/node_modules/winston-transport/node_modules/readable-stream/lib/_stream_writable.js:390:139)
[error] 
[error] Error: An unexpected error has occurred.
[debug] [2026-08-27T16:54:34.363Z] Error: write EPIPE
    at afterWriteDispatched (node:internal/stream_base_commons:161:15)
    at writeGeneric (node:internal/stream_base_commons:152:3)
    at Socket._writeGeneric (node:net:958:11)
    at Socket._write (node:net:970:8)
    at writeOrBuffer (node:internal/streams/writable:572:12)
    at _write (node:internal/streams/writable:501:10)
    at Writable.write (node:internal/streams/writable:510:10)
    at Console.log (/home/drseuss/.cache/firebase/tools/lib/node_modules/winston/lib/winston/transports/console.js:87:23)
    at Console._write (/home/drseuss/.cache/firebase/tools/lib/node_modules/winston-transport/modern.js:103:17)
    at doWrite (/home/drseuss/.cache/firebase/tools/lib/node_modules/winston-transport/node_modules/readable-stream/lib/_stream_writable.js:390:139)
[error] 
[error] Error: An unexpected error has occurred.
[debug] [2026-08-27T16:54:34.364Z] Error: write EPIPE
    at afterWriteDispatched (node:internal/stream_base_commons:161:15)
    at writeGeneric (node:internal/stream_base_commons:152:3)
    at Socket._writeGeneric (node:net:958:11)
    at Socket._write (node:net:970:8)
    at writeOrBuffer (node:internal/streams/writable:572:12)
    at _write (node:internal/streams/writable:501:10)
    at Writable.write (node:internal/streams/writable:510:10)
    at Console.log (/home/drseuss/.cache/firebase/tools/lib/node_modules/winston/lib/winston/transports/console.js:87:23)
    at Console._write (/home/drseuss/.cache/firebase/tools/lib/node_modules/winston-transport/modern.js:103:17)
    at doWrite (/home/drseuss/.cache/firebase/tools/lib/node_modules/winston-transport/node_modules/readable-stream/lib/_stream_writable.js:390:139)
[error] 
[error] Error: An unexpected error has occurred.
[debug] [2026-08-27T16:54:34.364Z] Error: write EPIPE
    at afterWriteDispatched (node:internal/stream_base_commons:161:15)
    at writeGeneric (node:internal/stream_base_commons:152:3)
    at Socket._writeGeneric (node:net:958:11)
    at Socket._write (node:net:970:8)
    at writeOrBuffer (node:internal/streams/writable:572:12)
    at _write (node:internal/streams/writable:501:10)
    at Writable.write (node:internal/streams/writable:510:10)
    at Console.log (/home/drseuss/.cache/firebase/tools/lib/node_modules/winston/lib/winston/transports/console.js:87:23)
    at Console._write (/home/drseuss/.cache/firebase/tools/lib/node_modules/winston-transport/modern.js:103:17)
    at doWrite (/home/drseuss/.cache/firebase/tools/lib/node_modules/winston-transport/node_modules/readable-stream/lib/_stream_writable.js:390:139)
[error] 
[error] Error: An unexpected error has occurred.
[debug] [2026-08-27T16:54:34.364Z] Error: write EPIPE
    at afterWriteDispatched (node:internal/stream_base_commons:161:15)
    at writeGeneric (node:internal/stream_base_commons:152:3)
    at Socket._writeGeneric (node:net:958:11)
    at Socket._write (node:net:970:8)
    at writeOrBuffer (node:internal/streams/writable:572:12)
    at _write (node:internal/streams/writable:501:10)
    at Writable.write (node:internal/streams/writable:510:10)
    at Console.log (/home/drseuss/.cache/firebase/tools/lib/node_modules/winston/lib/winston/transports/console.js:87:23)
    at Console._write (/home/drseuss/.cache/firebase/tools/lib/node_modules/winston-transport/modern.js:103:17)
    at doWrite (/home/drseuss/.cache/firebase/tools/lib/node_modules/winston-transport/node_modules/readable-stream/lib/_stream_writable.js:390:139)
[error] 
[error] Error: An unexpected error has occurred.
[debug] [2026-08-27T16:54:34.364Z] Error: write EPIPE
    at afterWriteDispatched (node:internal/stream_base_commons:161:15)
    at writeGeneric (node:internal/stream_base_commons:152:3)
    at Socket._writeGeneric (node:net:958:11)
    at Socket._write (node:net:970:8)
    at writeOrBuffer (node:internal/streams/writable:572:12)
    at _write (node:internal/streams/writable:501:10)
    at Writable.write (node:internal/streams/writable:510:10)
    at Console.log (/home/drseuss/.cache/firebase/tools/lib/node_modules/winston/lib/winston/transports/console.js:87:23)
    at Console._write (/home/drseuss/.cache/firebase/tools/lib/node_modules/winston-transport/modern.js:103:17)
    at doWrite (/home/drseuss/.cache/firebase/tools/lib/node_modules/winston-transport/node_modules/readable-stream/lib/_stream_writable.js:390:139)
[error] 
[error] Error: An unexpected error has occurred.
[debug] [2026-08-27T16:54:34.364Z] Error: write EPIPE
    at afterWriteDispatched (node:internal/stream_base_commons:161:15)
    at writeGeneric (node:internal/stream_base_commons:152:3)
    at Socket._writeGeneric (node:net:958:11)
    at Socket._write (node:net:970:8)
    at writeOrBuffer (node:internal/streams/writable:572:12)
    at _write (node:internal/streams/writable:501:10)
    at Writable.write (node:internal/streams/writable:510:10)
    at Console.log (/home/drseuss/.cache/firebase/tools/lib/node_modules/winston/lib/winston/transports/console.js:87:23)
    at Console._write (/home/drseuss/.cache/firebase/tools/lib/node_modules/winston-transport/modern.js:103:17)
    at doWrite (/home/drseuss/.cache/firebase/tools/lib/node_modules/winston-transport/node_modules/readable-stream/lib/_stream_writable.js:390:139)
[error] 
[error] Error: An unexpected error has occurred.
[debug] [2026-08-27T16:54:34.364Z] Error: write EPIPE
    at afterWriteDispatched (node:internal/stream_base_commons:161:15)
    at writeGeneric (node:internal/stream_base_commons:152:3)
    at Socket._writeGeneric (node:net:958:11)
    at Socket._write (node:net:970:8)
    at writeOrBuffer (node:internal/streams/writable:572:12)
    at _write (node:internal/streams/writable:501:10)
    at Writable.write (node:internal/streams/writable:510:10)
    at Console.log (/home/drseuss/.cache/firebase/tools/lib/node_modules/winston/lib/winston/transports/console.js:87:23)
    at Console._write (/home/drseuss/.cache/firebase/tools/lib/node_modules/winston-transport/modern.js:103:17)
    at doWrite (/home/drseuss/.cache/firebase/tools/lib/node_modules/winston-transport/node_modules/readable-stream/lib/_stream_writable.js:390:139)
[error] 
[error] Error: An unexpected error has occurred.
[debug] [2026-08-27T16:54:34.364Z] Error: write EPIPE
    at afterWriteDispatched (node:internal/stream_base_commons:161:15)
    at writeGeneric (node:internal/stream_base_commons:152:3)
    at Socket._writeGeneric (node:net:958:11)
    at Socket._write (node:net:970:8)
    at writeOrBuffer (node:internal/streams/writable:572:12)
    at _write (node:internal/streams/writable:501:10)
    at Writable.write (node:internal/streams/writable:510:10)
    at Console.log (/home/drseuss/.cache/firebase/tools/lib/node_modules/winston/lib/winston/transports/console.js:87:23)
    at Console._write (/home/drseuss/.cache/firebase/tools/lib/node_modules/winston-transport/modern.js:103:17)
    at doWrite (/home/drseuss/.cache/firebase/tools/lib/node_modules/winston-transport/node_modules/readable-stream/lib/_stream_writable.js:390:139)
[error] 
[error] Error: An unexpected error has occurred.
[debug] [2026-08-27T16:54:34.365Z] Error: write EPIPE
    at afterWriteDispatched (node:internal/stream_base_commons:161:15)
    at writeGeneric (node:internal/stream_base_commons:152:3)
    at Socket._writeGeneric (node:net:958:11)
    at Socket._write (node:net:970:8)
    at writeOrBuffer (node:internal/streams/writable:572:12)
    at _write (node:internal/streams/writable:501:10)
    at Writable.write (node:internal/streams/writable:510:10)
    at Console.log (/home/drseuss/.cache/firebase/tools/lib/node_modules/winston/lib/winston/transports/console.js:87:23)
    at Console._write (/home/drseuss/.cache/firebase/tools/lib/node_modules/winston-transport/modern.js:103:17)
    at doWrite (/home/drseuss/.cache/firebase/tools/lib/node_modules/winston-transport/node_modules/readable-stream/lib/_stream_writable.js:390:139)
[error] 
[error] Error: An unexpected error has occurred.
[debug] [2026-08-27T16:54:34.365Z] Error: write EPIPE
    at afterWriteDispatched (node:internal/stream_base_commons:161:15)
    at writeGeneric (node:internal/stream_base_commons:152:3)
    at Socket._writeGeneric (node:net:958:11)
    at Socket._write (node:net:970:8)
    at writeOrBuffer (node:internal/streams/writable:572:12)
    at _write (node:internal/streams/writable:501:10)
    at Writable.write (node:internal/streams/writable:510:10)
    at Console.log (/home/drseuss/.cache/firebase/tools/lib/node_modules/winston/lib/winston/transports/console.js:87:23)
    at Console._write (/home/drseuss/.cache/firebase/tools/lib/node_modules/winston-transport/modern.js:103:17)
    at doWrite (/home/drseuss/.cache/firebase/tools/lib/node_modules/winston-transport/node_modules/readable-stream/lib/_stream_writable.js:390:139)
[error] 
[error] Error: An unexpected error has occurred.
[debug] [2026-08-27T16:54:34.365Z] Error: write EPIPE
    at afterWriteDispatched (node:internal/stream_base_commons:161:15)
    at writeGeneric (node:internal/stream_base_commons:152:3)
    at Socket._writeGeneric (node:net:958:11)
    at Socket._write (node:net:970:8)
    at writeOrBuffer (node:internal/streams/writable:572:12)
    at _write (node:internal/streams/writable:501:10)
    at Writable.write (node:internal/streams/writable:510:10)
    at Console.log (/home/drseuss/.cache/firebase/tools/lib/node_modules/winston/lib/winston/transports/console.js:87:23)
    at Console._write (/home/drseuss/.cache/firebase/tools/lib/node_modules/winston-transport/modern.js:103:17)
    at doWrite (/home/drseuss/.cache/firebase/tools/lib/node_modules/winston-transport/node_modules/readable-stream/lib/_stream_writable.js:390:139)
[error] 
[error] Error: An unexpected error has occurred.
[debug] [2026-08-27T16:54:34.365Z] Error: write EPIPE
    at afterWriteDispatched (node:internal/stream_base_commons:161:15)
    at writeGeneric (node:internal/stream_base_commons:152:3)
    at Socket._writeGeneric (node:net:958:11)
    at Socket._write (node:net:970:8)
    at writeOrBuffer (node:internal/streams/writable:572:12)
    at _write (node:internal/streams/writable:501:10)
    at Writable.write (node:internal/streams/writable:510:10)
    at Console.log (/home/drseuss/.cache/firebase/tools/lib/node_modules/winston/lib/winston/transports/console.js:87:23)
    at Console._write (/home/drseuss/.cache/firebase/tools/lib/node_modules/winston-transport/modern.js:103:17)
    at doWrite (/home/drseuss/.cache/firebase/tools/lib/node_modules/winston-transport/node_modules/readable-stream/lib/_stream_writable.js:390:139)
[error] 
[error] Error: An unexpected error has occurred.
[debug] [2026-08-27T16:54:34.365Z] Error: write EPIPE
    at afterWriteDispatched (node:internal/stream_base_commons:161:15)
    at writeGeneric (node:internal/stream_base_commons:152:3)
    at Socket._writeGeneric (node:net:958:11)
    at Socket._write (node:net:970:8)
    at writeOrBuffer (node:internal/streams/writable:572:12)
    at _write (node:internal/streams/writable:501:10)
    at Writable.write (node:internal/streams/writable:510:10)
    at Console.log (/home/drseuss/.cache/firebase/tools/lib/node_modules/winston/lib/winston/transports/console.js:87:23)
    at Console._write (/home/drseuss/.cache/firebase/tools/lib/node_modules/winston-transport/modern.js:103:17)
    at doWrite (/home/drseuss/.cache/firebase/tools/lib/node_modules/winston-transport/node_modules/readable-stream/lib/_stream_writable.js:390:139)
[error] 
[error] Error: An unexpected error has occurred.
[debug] [2026-08-27T16:54:34.366Z] Error: write EPIPE
    at afterWriteDispatched (node:internal/stream_base_commons:161:15)
    at writeGeneric (node:internal/stream_base_commons:152:3)
    at Socket._writeGeneric (node:net:958:11)
    at Socket._write (node:net:970:8)
    at writeOrBuffer (node:internal/streams/writable:572:12)
    at _write (node:internal/streams/writable:501:10)
    at Writable.write (node:internal/streams/writable:510:10)
    at Console.log (/home/drseuss/.cache/firebase/tools/lib/node_modules/winston/lib/winston/transports/console.js:87:23)
    at Console._write (/home/drseuss/.cache/firebase/tools/lib/node_modules/winston-transport/modern.js:103:17)
    at doWrite (/home/drseuss/.cache/firebase/tools/lib/node_modules/winston-transport/node_modules/readable-stream/lib/_stream_writable.js:390:139)
[error] 
[error] Error: An unexpected error has occurred.
[debug] [2026-08-27T16:54:34.366Z] Error: write EPIPE
    at afterWriteDispatched (node:internal/stream_base_commons:161:15)
    at writeGeneric (node:internal/stream_base_commons:152:3)
    at Socket._writeGeneric (node:net:958:11)
    at Socket._write (node:net:970:8)
    at writeOrBuffer (node:internal/streams/writable:572:12)
    at _write (node:internal/streams/writable:501:10)
    at Writable.write (node:internal/streams/writable:510:10)
    at Console.log (/home/drseuss/.cache/firebase/tools/lib/node_modules/winston/lib/winston/transports/console.js:87:23)
    at Console._write (/home/drseuss/.cache/firebase/tools/lib/node_modules/winston-transport/modern.js:103:17)
    at doWrite (/home/drseuss/.cache/firebase/tools/lib/node_modules/winston-transport/node_modules/readable-stream/lib/_stream_writable.js:390:139)
[error] 
[error] Error: An unexpected error has occurred.
[debug] [2026-08-27T16:54:34.366Z] Error: write EPIPE
    at afterWriteDispatched (node:internal/stream_base_commons:161:15)
    at writeGeneric (node:internal/stream_base_commons:152:3)
    at Socket._writeGeneric (node:net:958:11)
    at Socket._write (node:net:970:8)
    at writeOrBuffer (node:internal/streams/writable:572:12)
    at _write (node:internal/streams/writable:501:10)
    at Writable.write (node:internal/streams/writable:510:10)
    at Console.log (/home/drseuss/.cache/firebase/tools/lib/node_modules/winston/lib/winston/transports/console.js:87:23)
    at Console._write (/home/drseuss/.cache/firebase/tools/lib/node_modules/winston-transport/modern.js:103:17)
    at doWrite (/home/drseuss/.cache/firebase/tools/lib/node_modules/winston-transport/node_modules/readable-stream/lib/_stream_writable.js:390:139)
[error] 
[error] Error: An unexpected error has occurred.
[debug] [2026-08-27T16:54:34.366Z] Error: write EPIPE
    at afterWriteDispatched (node:internal/stream_base_commons:161:15)
    at writeGeneric (node:internal/stream_base_commons:152:3)
    at Socket._writeGeneric (node:net:958:11)
    at Socket._write (node:net:970:8)
    at writeOrBuffer (node:internal/streams/writable:572:12)
    at _write (node:internal/streams/writable:501:10)
    at Writable.write (node:internal/streams/writable:510:10)
    at Console.log (/home/drseuss/.cache/firebase/tools/lib/node_modules/winston/lib/winston/transports/console.js:87:23)
    at Console._write (/home/drseuss/.cache/firebase/tools/lib/node_modules/winston-transport/modern.js:103:17)
    at doWrite (/home/drseuss/.cache/firebase/tools/lib/node_modules/winston-transport/node_modules/readable-stream/lib/_stream_writable.js:390:139)
[error] 
[error] Error: An unexpected error has occurred.
[debug] [2026-08-27T16:54:34.366Z] Error: write EPIPE
    at afterWriteDispatched (node:internal/stream_base_commons:161:15)
    at writeGeneric (node:internal/stream_base_commons:152:3)
    at Socket._writeGeneric (node:net:958:11)
    at Socket._write (node:net:970:8)
    at writeOrBuffer (node:internal/streams/writable:572:12)
    at _write (node:internal/streams/writable:501:10)
    at Writable.write (node:internal/streams/writable:510:10)
    at Console.log (/home/drseuss/.cache/firebase/tools/lib/node_modules/winston/lib/winston/transports/console.js:87:23)
    at Console._write (/home/drseuss/.cache/firebase/tools/lib/node_modules/winston-transport/modern.js:103:17)
    at doWrite (/home/drseuss/.cache/firebase/tools/lib/node_modules/winston-transport/node_modules/readable-stream/lib/_stream_writable.js:390:139)
[error] 
[error] Error: An unexpected error has occurred.
[debug] [2026-08-27T16:54:34.366Z] Error: write EPIPE
    at afterWriteDispatched (node:internal/stream_base_commons:161:15)
    at writeGeneric (node:internal/stream_base_commons:152:3)
    at Socket._writeGeneric (node:net:958:11)
    at Socket._write (node:net:970:8)
    at writeOrBuffer (node:internal/streams/writable:572:12)
    at _write (node:internal/streams/writable:501:10)
    at Writable.write (node:internal/streams/writable:510:10)
    at Console.log (/home/drseuss/.cache/firebase/tools/lib/node_modules/winston/lib/winston/transports/console.js:87:23)
    at Console._write (/home/drseuss/.cache/firebase/tools/lib/node_modules/winston-transport/modern.js:103:17)
    at doWrite (/home/drseuss/.cache/firebase/tools/lib/node_modules/winston-transport/node_modules/readable-stream/lib/_stream_writable.js:390:139)
[error] 
[error] Error: An unexpected error has occurred.
[debug] [2026-08-27T16:54:34.366Z] Error: write EPIPE
    at afterWriteDispatched (node:internal/stream_base_commons:161:15)
    at writeGeneric (node:internal/stream_base_commons:152:3)
    at Socket._writeGeneric (node:net:958:11)
    at Socket._write (node:net:970:8)
    at writeOrBuffer (node:internal/streams/writable:572:12)
    at _write (node:internal/streams/writable:501:10)
    at Writable.write (node:internal/streams/writable:510:10)
    at Console.log (/home/drseuss/.cache/firebase/tools/lib/node_modules/winston/lib/winston/transports/console.js:87:23)
    at Console._write (/home/drseuss/.cache/firebase/tools/lib/node_modules/winston-transport/modern.js:103:17)
    at doWrite (/home/drseuss/.cache/firebase/tools/lib/node_modules/winston-transport/node_modules/readable-stream/lib/_stream_writable.js:390:139)
[error] 
[error] Error: An unexpected error has occurred.
[debug] [2026-08-27T16:54:34.367Z] Error: write EPIPE
    at afterWriteDispatched (node:internal/stream_base_commons:161:15)
    at writeGeneric (node:internal/stream_base_commons:152:3)
    at Socket._writeGeneric (node:net:958:11)
    at Socket._write (node:net:970:8)
    at writeOrBuffer (node:internal/streams/writable:572:12)
    at _write (node:internal/streams/writable:501:10)
    at Writable.write (node:internal/streams/writable:510:10)
    at Console.log (/home/drseuss/.cache/firebase/tools/lib/node_modules/winston/lib/winston/transports/console.js:87:23)
    at Console._write (/home/drseuss/.cache/firebase/tools/lib/node_modules/winston-transport/modern.js:103:17)
    at doWrite (/home/drseuss/.cache/firebase/tools/lib/node_modules/winston-transport/node_modules/readable-stream/lib/_stream_writable.js:390:139)
[error] 
[error] Error: An unexpected error has occurred.
[debug] [2026-08-27T16:54:34.367Z] Error: write EPIPE
    at afterWriteDispatched (node:internal/stream_base_commons:161:15)
    at writeGeneric (node:internal/stream_base_commons:152:3)
    at Socket._writeGeneric (node:net:958:11)
    at Socket._write (node:net:970:8)
    at writeOrBuffer (node:internal/streams/writable:572:12)
    at _write (node:internal/streams/writable:501:10)
    at Writable.write (node:internal/streams/writable:510:10)
    at Console.log (/home/drseuss/.cache/firebase/tools/lib/node_modules/winston/lib/winston/transports/console.js:87:23)
    at Console._write (/home/drseuss/.cache/firebase/tools/lib/node_modules/winston-transport/modern.js:103:17)
    at doWrite (/home/drseuss/.cache/firebase/tools/lib/node_modules/winston-transport/node_modules/readable-stream/lib/_stream_writable.js:390:139)
[error] 
[error] Error: An unexpected error has occurred.
[debug] [2026-08-27T16:54:34.367Z] Error: write EPIPE
    at afterWriteDispatched (node:internal/stream_base_commons:161:15)
    at writeGeneric (node:internal/stream_base_commons:152:3)
    at Socket._writeGeneric (node:net:958:11)
    at Socket._write (node:net:970:8)
    at writeOrBuffer (node:internal/streams/writable:572:12)
    at _write (node:internal/streams/writable:501:10)
    at Writable.write (node:internal/streams/writable:510:10)
    at Console.log (/home/drseuss/.cache/firebase/tools/lib/node_modules/winston/lib/winston/transports/console.js:87:23)
    at Console._write (/home/drseuss/.cache/firebase/tools/lib/node_modules/winston-transport/modern.js:103:17)
    at doWrite (/home/drseuss/.cache/firebase/tools/lib/node_modules/winston-transport/node_modules/readable-stream/lib/_stream_writable.js:390:139)
[error] 
[error] Error: An unexpected error has occurred.
[debug] [2026-08-27T16:54:34.367Z] Error: write EPIPE
    at afterWriteDispatched (node:internal/stream_base_commons:161:15)
    at writeGeneric (node:internal/stream_base_commons:152:3)
    at Socket._writeGeneric (node:net:958:11)
    at Socket._write (node:net:970:8)
    at writeOrBuffer (node:internal/streams/writable:572:12)
    at _write (node:internal/streams/writable:501:10)
    at Writable.write (node:internal/streams/writable:510:10)
    at Console.log (/home/drseuss/.cache/firebase/tools/lib/node_modules/winston/lib/winston/transports/console.js:87:23)
    at Console._write (/home/drseuss/.cache/firebase/tools/lib/node_modules/winston-transport/modern.js:103:17)
    at doWrite (/home/drseuss/.cache/firebase/tools/lib/node_modules/winston-transport/node_modules/readable-stream/lib/_stream_writable.js:390:139)
[error] 
[error] Error: An unexpected error has occurred.
[debug] [2026-08-27T16:54:34.367Z] Error: write EPIPE
    at afterWriteDispatched (node:internal/stream_base_commons:161:15)
    at writeGeneric (node:internal/stream_base_commons:152:3)
    at Socket._writeGeneric (node:net:958:11)
    at Socket._write (node:net:970:8)
    at writeOrBuffer (node:internal/streams/writable:572:12)
    at _write (node:internal/streams/writable:501:10)
    at Writable.write (node:internal/streams/writable:510:10)
    at Console.log (/home/drseuss/.cache/firebase/tools/lib/node_modules/winston/lib/winston/transports/console.js:87:23)
    at Console._write (/home/drseuss/.cache/firebase/tools/lib/node_modules/winston-transport/modern.js:103:17)
    at doWrite (/home/drseuss/.cache/firebase/tools/lib/node_modules/winston-transport/node_modules/readable-stream/lib/_stream_writable.js:390:139)
